narrative_ordinal,spine_index,epub_path,chapter_sha256,nonempty_paragraphs,mode,paragraph_sha256_anchors
481,496,OEBPS/Text/Chapter_0493.xhtml,9a001409db1e6b5d69a7e992d69347ef90d7c31a0be120aa0cea4354d54c2697,44,CLOSE_READ,1:016f0934908420608cb8265f6f03e10c24b4911a092c95acfd0cccc51033ae13;22:3058b5bcba72d711c770f169b5b8b477e650e97a32b86bf31ab48aa7d1fcb5ad;44:3e3e6bed06b38a752b5a40a63cd5c4856e55a254f68a1009a217741a0c7c7411
482,497,OEBPS/Text/Chapter_0494.xhtml,febbf21453cf49cac2a8c30f3b823d745652d5a85246e7588f1138257caad96f,42,CLOSE_READ,1:019e7d5d7ae6a0095f087481a11e12550c92c0b7b766e0d121acb67e43c37dfb;15:0901226ce209b5932055abe7d0c021d09c331a7ef64491cfd60f34ad4b38cb89;42:2bd49c36aad735e4f1c859fb36cbcdd85d85176e6afa0e3e880370e8234770b0
483,498,OEBPS/Text/Chapter_0495.xhtml,e21b7ab2d5e875b463dec9f646d76e6ec302642f3707afb5bf4903d4e30f7b12,60,CLOSE_READ,1:aa1231bff9b1215b80c751b65428eae22aa36f3ccf69bd67d417c435852b8dca;31:4083d62eb1c7a456dcddb404113937bd3daf5ab27ca11fb94b3bd7ed6d893224;60:eb1bcb5d592399716e731cd9a72781cc0b6a5dd2c32e0b461c6363387aa34462
484,499,OEBPS/Text/Chapter_0496.xhtml,84f454279a85c39be78fc72a26336447f5abf449faf4f4431b7f5ef9cb6c9bf9,71,CLOSE_READ,1:27e05a3d932117de6928b238b9e7dffdc0df79b98d0744c72dc3d59ce2e6ce59;21:71f305be4cf4736286538559a13e4f3fb45e5ef022929a3f1a77a5460983a4ad;71:3f0562388e8adc2105beb0b45460467081decf3f52547c6ce06f1ffd09c15ba1
485,500,OEBPS/Text/Chapter_0497.xhtml,7832af17fce8a33e514a96df5c44eb997c5ddda0ae1f00adbf252c919219162b,37,FULL_TEXT_READ,18:22cf4c8949e46338e8f29949f45abf9f56fac1618f8737c9296a296e3e320d4c
486,501,OEBPS/Text/Chapter_0498.xhtml,49f54fb16d85311d323adcfe4517fac52b4790d5b29379311a7839e37335a001,27,FULL_TEXT_READ,13:d8aa38e6bfd02b9dd76a7f03fc8fdc73c94394448b1ca6ce8d10ef4769f09479
487,502,OEBPS/Text/Chapter_0499.xhtml,fd699d0e0c7126ba9426a3a94c07698e043e3e0afbd052200ce93331f08e750f,37,CLOSE_READ,1:7b32470a0007edae09bbef96e4f6554e0eea6036c76c89106df06ae342901287;23:54a4e4d68432c7aa6778c5bd3129da4d6d3d00a210529f1ebac8c0a9e0443a81;37:f1de870a66df4291cfd73d972cf39c9c9b8a954944974eaeef642d5d11e27fb5
488,504,OEBPS/Text/Chapter_0501.xhtml,ab2671a8071a7ab51c8f73587d5f22c26ff2c55ca9f28b43181541367249e8ef,49,CLOSE_READ,1:4ada5dfa91a6cb2b0e54663cd0bb54edd311ac02f568731385ca6e836ad54a4c;29:211951155cf556f722faf8c8d321c12b06881545aa49c359aad4e44534fd1774;49:4329ee2d56380cb0a27ae5aa089fecbaff50918506f43261bf8fbfc7df8786b8
489,505,OEBPS/Text/Chapter_0502.xhtml,f2e228b3af4da234ca717c25dfa1fa48bb8be90c72b193d34391d0819aac59e7,46,FULL_TEXT_READ,23:b2cdbf9517061506525e34f05f8cc70dae3f1eb86b2cdc627e6e239c3c7900a4
490,506,OEBPS/Text/Chapter_0503.xhtml,7a1725542732c5624a532782e0c9144008916a48aba90dc97b5a4f414090b2a9,43,FULL_TEXT_READ,21:b44fff7d7192a41a65e0e85121d2f2a2f76f1684842a42b536d65a21b2007754
491,507,OEBPS/Text/Chapter_0504.xhtml,cf131656010e984b0c21626312aff62698f90f811dbf9f99e612e2b9b8a5fa96,55,FULL_TEXT_READ,27:750f8ba9176a28cae5a6ea91037cfb8acd20296c0c0c0d809ff4d3d4f0106e27
492,508,OEBPS/Text/Chapter_0505.xhtml,8c9262fb30dbafa0453cb03ced09f85924293fcaf781dc10267155cda6c67602,55,CLOSE_READ,1:aea46df4cd501f5afc544dc1fad263f1f74003cf2e5f563513b23ba1b4805847;37:83b16f24be92afbda72473b587c90479ed99638c36742fa5e3dd564e13962d44;55:f21d6d1c1b2c460a872e0e09e6244c67c2668d0c17dc57e9a03e3de17f20c068
493,509,OEBPS/Text/Chapter_0506.xhtml,1330fcb54b414ef550981b12562982bbf77de4b41e150edeaa387312a8952e51,76,CLOSE_READ,1:e215ad41c1ab7a1f98b5c6ca0283e32a25de85e2b01ea5dac575a070ba9de1b2;45:f327f99aecfed9a07b62bfbe8c75b9751be295f7e3b0f5557465686a903c8ab2;76:cb04177c6fdfd1dbb4123b51baf3e3b4b92d62b06612288c7803ff5a5b17dc45
494,510,OEBPS/Text/Chapter_0507.xhtml,57db54b80c33c2c6ccde23f69dcedaeceb0b43b76f156fe0ca117023733e8337,44,FULL_TEXT_READ,22:ac7e6272d52ca512428e653b4540f4b6785d20d92008ae45deb33f6e0f2be112
495,511,OEBPS/Text/Chapter_0508.xhtml,e4af81d3fd058688b934574df5fb796a2039eedc6b2a0b856d5d3ba4f89174d2,58,CLOSE_READ,1:1520eab0eb8326117bf6593ba4f5f47d8b76d1d6000dbbf3c3e46f83cd549480;42:88f65f9e1da63f19a3a2c66540426483aa2865c7b129210e2ea12298369da72a;58:c45e3bf688b5499dc1dc1b7c24b584d1bb0eca2244db9fc629fb2c17ae36edb8
496,512,OEBPS/Text/Chapter_0509.xhtml,8630905ab70e64e1f26f307d180ab8c1c66d75aa05e6e833db3d3b0650dcb4dc,40,FULL_TEXT_READ,20:eb45548ab22600aa887670ef55dece5ac9ab8542851d8054129fcba8cbfcb550
497,513,OEBPS/Text/Chapter_0510.xhtml,cf3843c2298ed9bb8affe3cac4e5eee5091cd0ba0d6ae90d7e81de12c0ea3295,59,CLOSE_READ,1:e329020854f97f37de92fc05bd14959036e036910c65ebdacb395ee8e3e08a0e;20:d3e5734d05d1a96f857b9a722ade9ab2350dc72fb0105ead7a3e27861b154cbc;59:1a1d278def17d2b266d1cacd243ce04e66b45b2e361f7e8f9007d02ac297a934
498,514,OEBPS/Text/Chapter_0511.xhtml,8b333c62c8033a6cb963ec5ad17e25016981597a003f5de28bf6a610f60dc3b7,65,CLOSE_READ,1:b53dbe29095af4e45ca7e5167f3110b2bf33e6790421c98fee73067e6d336a01;15:b34c6326e501a206a1a2a2103b24b39dc1d1546e4ac135e7e4bf7272c0971148;65:f2bccc438b80dbecb7f66808a796b06a6bc8329807e7e076bd585840c243fbdd
499,515,OEBPS/Text/Chapter_0512.xhtml,928bc8bbcafdf2b172e1e5aceed1e0aba631e9b7faf94ecf63641307b607fc40,36,FULL_TEXT_READ,18:49e839fa63f14036058b0c465eefb849c746513e0bf8e107ef4175b8432437f4
500,516,OEBPS/Text/Chapter_0513.xhtml,fb46ec80ca8a47a5f2447c5b3e5acca6274592d86523e2a1a8a3ccdd34d669b4,39,FULL_TEXT_READ,19:a407ca4b7d176dfc465270c0ba398da354ef218d344ba25534674fc0dee46412
501,517,OEBPS/Text/Chapter_0514.xhtml,ae0ed318d6492aac0727211d96dbaef1c62ea2d3c042bc0f1f878abdabc1b478,37,CLOSE_READ,1:cd6a81d9e1e37041d2094f2151aa5311e67fce4aa7c0976abb34c775fecef67f;33:0fae92e7fe11c193ac5c4ee8a302fe2f35e67c6fc9a4145a920c3a4d775617a0;37:6577149d471ceec0e927ce0ab7c27cc927fb69a29d3e41f3b788b93b384c121e
502,518,OEBPS/Text/Chapter_0515.xhtml,fc5b604f0d854953fb15d0926ab1a74002a2f87867dbac7063ae9d1aba09f3ce,53,FULL_TEXT_READ,26:a7f878b8ced1a7957c560d573e30ddbbc1696e38c370513aacbbf4bff12e7f43
503,519,OEBPS/Text/Chapter_0516.xhtml,93a30ccb67db590b61b796f767b076c5ac31ccaa627bd425119f9d9a06ad7ad1,48,CLOSE_READ,1:d4a434d2609aeeaff8c75d8e5f1dc19e2b0ac6570374bdc1cfd585be7bbcb253;12:f75b02446d655da0c8a3ac7fe12ed1277ec72213333ffd72ca5dca84cd247957;48:c53956ebdd4ef477f1b4640c8217bcf2023ec3d04cf068cb12b3055ca4a4ec9c
504,520,OEBPS/Text/Chapter_0517.xhtml,d6bb9f14c851375fc8eaf4433b8144e3a9ad33042ebbbefa52bd6dcc75624b95,46,FULL_TEXT_READ,23:6c1a0ce84baef088dfe1c1ade3a81b25076b04613907d66b4e8e42d0fe3c7f2d
505,521,OEBPS/Text/Chapter_0518.xhtml,f6c0120bdceaae20e50b4b9335706beed0b7cb19253b4e2dfbb1196ce1d02b48,44,CLOSE_READ,1:8a83f9e2d66e00ddde90dcb0884c08d622e657413016506b1cd57161caef5995;25:320ed01ac95e45d28ea7eca724f8d99d728dd3b864842630e05fffe7136ff992;44:015dd7a3a5db1984d1a0e10fcd512731d405173e00a11f9121051e1a49aa4194
506,522,OEBPS/Text/Chapter_0519.xhtml,11b30ed4261df5392fbd8f929f8e098d70dfe4037e2ad7609af3dfd2583fddc3,66,CLOSE_READ,1:ab371d37549fb1c4d7b0ce50088eb8ddc19c04996b15f0500c47c2fe1db56aad;52:0ccad3b1547a4de6dc74950bf1191759e01f7b8f574fb4ba2d1b0d32cdbda51d;66:0ee720f45f44d48c83872d0e8c74ed4eb0b4ea707fda3b982be253ccca0462f3
507,523,OEBPS/Text/Chapter_0520.xhtml,6f99d20a9ba07e238438bcde451ae59ad80cb98fd3ab109383a10699cb8f7e80,74,CLOSE_READ,1:b8a9814d262d5aeffd306da40e61a9b9a55ed415ac8ca37f854b5fdc07d94611;68:a08c53b06332f0b58129ec4dea8b889057ab814087cbdac006734c69712261ba;74:e984ff5fc012b14be9f6ac418ab44b5214eaf4d1c98dacd810a94e524a34e32b
508,524,OEBPS/Text/Chapter_0521.xhtml,2b71f2738a19067cfb5530df146dd8234a7584297e7170522ffe671a3cfd3003,54,FULL_TEXT_READ,27:9f393665b324acfc57d25204e4d55d76a94d2388ab9e45dae58ebf5dd923b400
509,525,OEBPS/Text/Chapter_0522.xhtml,681857abd423b12971a197c57f2535ff85eb8ff168092cbf3bba3f297da9e2eb,39,FULL_TEXT_READ,19:a7f878b8ced1a7957c560d573e30ddbbc1696e38c370513aacbbf4bff12e7f43
510,526,OEBPS/Text/Chapter_0523.xhtml,0d49dd1095d428999e971d997786cc2d14eb7595f11ae8fff7327bca735d0fb9,37,FULL_TEXT_READ,18:cd2678b158d499aafdb3e46432413b845044e987eb8300eec5a90921c7f7148c
511,527,OEBPS/Text/Chapter_0524.xhtml,ffd43cc9198f49dd65d0130b020e6b54e915ba3fc67e707b47e578a630f4df40,57,CLOSE_READ,1:04000dfb0532eea12c051de5e1f1f141c4fdde3e158f293085ffa2b3575e5005;33:639e42c7b1a63dbfbd9c6305113aa23b30e6d934e6047f0943ca551e7e1a7f11;57:84bd54eca8e5e9461df089668def2320af485c9edc6cc1c563546665dd055bc8
512,528,OEBPS/Text/Chapter_0525.xhtml,99a261db6ef84d88bb2efb0d84bd2ec78d4d9fb8d1d5d7c82affb1ddc2694769,47,FULL_TEXT_READ,23:08b2eed2e6800830577a1206ace3e15bb338fb788f7bac563fda900c8b358d00
513,529,OEBPS/Text/Chapter_0526.xhtml,0ecd2951253e9f2cd85f6f350023fa3a8c0c78e4c827ede51609916af5d64d16,40,CLOSE_READ,1:0d94d78be941ab89ab6eb5c38242e3afc2c218a3f7103931e2a99045a890ad2d;39:14cb94619f234d290aa597686cae7e9ddc4b33378eff401ed72573c5e68284d5;40:6a0c42b4314db417fcb9836bf1fa486193ffa3ffa75a5083554e77879b748c59
514,530,OEBPS/Text/Chapter_0527.xhtml,8451728bd3a7053687c9cef17b88ec13d86f038ab7bd269dcfff1d0ce76b5b61,51,FULL_TEXT_READ,25:48cf9b9f4c968b762a4debcf7abd3b44814bf2c1520ede2cf3d3aca38f901f94
515,531,OEBPS/Text/Chapter_0528.xhtml,fd7bca8be16c62dff568142bcad708dba1fa62d9102d1a792feccefab4183971,44,FULL_TEXT_READ,22:a2bbd00b1e2ded41f1a4f7031a6becf65f4f32f46142a4fabafb18d8137fa2b5
516,532,OEBPS/Text/Chapter_0529.xhtml,b2c9270e3653ca08b2316f33009089d726564b3b639d9a8dfc4b2a57822980e3,38,FULL_TEXT_READ,19:8586e907fba33356de2d2d01e01cc636698baf676138f9ffbba3d2d5ca4d0248
517,533,OEBPS/Text/Chapter_0530.xhtml,b16cca129b24a67e58479d56c9e4bc9eb0d3a745500a4f3588bc24d85da92ce3,45,FULL_TEXT_READ,22:75b056cea6b0a35c30b96222747c46d281e17e011ea64afff32b3fb357152198
518,534,OEBPS/Text/Chapter_0531.xhtml,a22dbde158feb668fbf7574c13bfb42bb5bf5de4631af2ef4144d3543069906e,49,FULL_TEXT_READ,24:8e5ecf49cd53b46c4ebbd11ee922bfe47c38f998c973a93b7ee57181f37134b6
519,535,OEBPS/Text/Chapter_0532.xhtml,c46bf35ff4b49cb11a298947407a57fc06241b2bed69946959855965b72be848,74,CLOSE_READ,1:02c4aabd84bd752eff297af96dc20a7da267f44429ddc6c82e901e43b975a906;70:3dae2e05ae96f6f3e152a7fee0802f9a86fc0f010840f037d18ea3354551a6c3;74:a791a86b8d0d7d291057e808172dba1da825e51dbd7e5a81acc9093ffac709d8
520,536,OEBPS/Text/Chapter_0533.xhtml,f78f0c510c9730e625601ab6ae7c60ea3184be98727d38a204b45c4283c05187,34,CLOSE_READ,1:f6af4f635c87ea485d19a110bc2241a79d51564059c567010300151c53aac947;10:c2129dfde31e2ce6d8cf2fccaedfee5e80bbbdc622b031657b8a4b52b6e90c78;34:7fb92f80ecdeb277b6a6e47f7d56b2971bc429eb39067cef3c29b816203ca5bc
