candidate_id	original_id	extractor_type	original_loci	primary_original_paragraph_sha256	old_V1	old_V1_reason	reviewed_original_scene	limiting_counterexample	bounded_V1_scope	R063_V1_result	source_status_A	V2	V3	independent_C	next_gate
WM-f03	f03	framework	n052/p28;n070/p36;n494/p17;n514/p34	4844de8fe480a3cc387886ff3d3d9eb3bf4a6adeb0bfc824e5b2953516e0b26c	REVIEW	源中人物职位选择和后期编制质疑不构成同一机构完成运营的全过程。	不同章节分别展示社会职位选择、组织动员、编制质疑和外部评价	缺少从取得职位到长期稳定运营的同一条完整因果链	不将不同事件连成已证实的组织运营SOP	REVIEW	EPUB_SHA_ZIPCRC_AND_71_LOCATOR_PRIVATE_REAUDIT	NOT_TESTED	NOT_TESTED	NOT_RUN	R078_REFERENCE_OR_NEEDS_REVIEW
WM-f05	f05	framework	n089/p1;n089/p18;n089/p26;n111/p1;n488/p2	4db142282af87a0cb604ad87a5e09e764aba95d9d52b82c1885ae1a17460b5ed	REVIEW	复盘会可见，调整是否由此直接引发未有连续结果。；原文定位n089/p1的现场可见：一轮实际事件之后开讨论会，基层提出的问题并不必定被首领接受。。该候选缺完整结果或连续因果，故暂保持V1 REVIEW，不能越界推广。	n089/p1开始复盘，p18有提议未获采纳，p26-27另一提议获得口头认可	口头接受并不等于编制已调整；n111是另一次组织争论	仅限现场复盘、异议及主管即时答复，不包含实施结果	PASS_NARROW	EPUB_SHA_ZIPCRC_AND_71_LOCATOR_PRIVATE_REAUDIT	NOT_TESTED	NOT_TESTED	NOT_RUN	R065_NEW_V1_SCOPED_ELIGIBLE
WM-f07	f07	framework	n140/p36;n220/p35;n220/p42;n248/p35	b9a5749e650d4aa4a50a6d33547fc8a6e8d55e7aef981cf02acb2149a99bb609	REVIEW	消息估算、转告和传播分属不同事件，不能合并为同一完整链。	n140为信息估算，n220出现转达与转述，n248为另一地点传递信息	三个事件不是同一消息源到受众的完整闭环	须补同一件事的传递、认知和实际接收证据	REVIEW	EPUB_SHA_ZIPCRC_AND_71_LOCATOR_PRIVATE_REAUDIT	NOT_TESTED	NOT_TESTED	NOT_RUN	R078_REFERENCE_OR_NEEDS_REVIEW
WM-f09	f09	framework	n099/p18;n297/p1;n345/p29;n437/p6	11222cf921c616bfaba4ac5b80356a2292d83ba3839918e319a75704e336ab81	REVIEW	贸易伙伴、市场竞争、技术取舍是分开场景，缺统一资金机制。	可见伙伴依赖、客商议价、市场竞争和另一产品评估	四个场面并不构成同一笔商业收入转供给的账目	保留商业受外部角色制约的局部叙事观察	REVIEW	EPUB_SHA_ZIPCRC_AND_71_LOCATOR_PRIVATE_REAUDIT	NOT_TESTED	NOT_TESTED	NOT_RUN	R078_REFERENCE_OR_NEEDS_REVIEW
WM-f15	f15	framework	n390/p25;n494/p17;n514/p34;n561/p45	e50546790e54be097eb4c7cc65822512b758e48eaa9021be4763efbd70db355f	REVIEW	内部方案遗漏与后续外部观察缺同一事例的直接连接。；原文定位n390/p25的现场可见：组织的详细方案不是行动者在任何现场都能完全掌握的事实。。该候选缺完整结果或连续因果，故暂保持V1 REVIEW，不能越界推广。	有审阅后未掌握细节、另一编制争议、外部旁观和视野受限	并非围绕同一方案展开内部外部一致性检验	需补同一对象和同一结果的评估链	REVIEW	EPUB_SHA_ZIPCRC_AND_71_LOCATOR_PRIVATE_REAUDIT	NOT_TESTED	NOT_TESTED	NOT_RUN	R078_REFERENCE_OR_NEEDS_REVIEW
WM-f17	f17	framework	n089/p26;n305/p35;n529/p38;n529/p40;n530/p1	9b5039b63726ba93f2d8bf8c26edf62d62da84884464cbbebf266e7ab375fc30	REVIEW	存在新义务但尚未证明同一义务最终被偿还。；原文定位n089/p26的现场可见：角色表达招募或供给需求只是故事产生新义务的时点。。该候选缺完整结果或连续因果，故暂保持V1 REVIEW，不能越界推广。	增员建议、编制方案、衣物需求和运送日期在不同章节出现	没有同一承诺最终兑现或偿还的对账结果	可以记义务发生，但不能宣称跨章清偿机制完整	REVIEW	EPUB_SHA_ZIPCRC_AND_71_LOCATOR_PRIVATE_REAUDIT	NOT_TESTED	NOT_TESTED	NOT_RUN	R078_REFERENCE_OR_NEEDS_REVIEW
WM-p02	p02	principle	n048/p17;n099/p18	73cf302aceb4762b9762f022818d049432683abf7743afa483c78b2a5029c546	REVIEW	对托款信任和供货忧虑属于不同关系，无法推导完整财务信任制度。	一处讨论熟人独自管钱风险，一处讨论贸易伙伴依赖	财务管理信任和商路依赖不是同一机制	缺少付款复核、制度责任及后果场景	REVIEW	EPUB_SHA_ZIPCRC_AND_71_LOCATOR_PRIVATE_REAUDIT	NOT_TESTED	NOT_TESTED	NOT_RUN	R078_REFERENCE_OR_NEEDS_REVIEW
WM-p09	p09	principle	n155/p30;n305/p29	50a6cb06d448cdc08871729ef62d7f62473799da1f105bca1035ee70d4759338	REVIEW	制度裁撤纸面节约与其他预算争议无法证明财务净成效。；原文定位n155/p30的现场可见：原著场面：角色评价一项行政裁撤的节余仍停在纸面，后文另一场同时为部门支出争执。。该候选缺完整结果或连续因果，故暂保持V1 REVIEW，不能越界推广。	某人物对裁撤节省提出判断；另章有不同部门预算争论	原书没有同笔独立收支账，人物说法不构成节省数额的证据	只可提示纸面预算和资金实际到账需分开	REVIEW	EPUB_SHA_ZIPCRC_AND_71_LOCATOR_PRIVATE_REAUDIT	NOT_TESTED	NOT_TESTED	NOT_RUN	R078_REFERENCE_OR_NEEDS_REVIEW
WM-p10	p10	principle	n222/p28;n390/p25	c0385ca7fe31258757c237ad6dbe023025fcc1da3b621afce75bd9f4eae6c99e	REVIEW	上级安慰与方案遗漏没有相同责任纠正的完成结果。；原文定位n222/p28的现场可见：原著场面：上级安慰犯错者并提到工作多会出错；另处指出此前看过方案也难发现微小遗漏。。该候选缺完整结果或连续因果，故暂保持V1 REVIEW，不能越界推广。	n222/p28同场同时写管理者理解失误原因及要求责任承担	并未证明实际处分已执行；另一章遗漏不属于同一案	限定为理解原因与承担责任并存的对话原则	PASS_NARROW	EPUB_SHA_ZIPCRC_AND_71_LOCATOR_PRIVATE_REAUDIT	NOT_TESTED	NOT_TESTED	NOT_RUN	R065_NEW_V1_SCOPED_ELIGIBLE
WM-p11	p11	principle	n295/p3;n425/p40	61a2ed8daea7bb868b5cfa09d073ac0d0a38cc13cc38ddac38de353b3e4fdaeb	REVIEW	数字所在制度与后期会议清单没有通用单位、审批流程及外部史证。	n295/p3列具体制度数量，n425/p40列管理事务分类	缺统一单位、适用条件、审批与历史外证	仅作为说明数字有具体范围的原书参考	REFERENCE	EPUB_SHA_ZIPCRC_AND_71_LOCATOR_PRIVATE_REAUDIT	NOT_TESTED	NOT_TESTED	NOT_RUN	R078_REFERENCE_OR_NEEDS_REVIEW
WM-p15	p15	principle	n390/p25;n494/p17	e50546790e54be097eb4c7cc65822512b758e48eaa9021be4763efbd70db355f	REVIEW	审批过细节却仍遗漏和另一次规模质疑并未组成同一决策步骤。	n390/p24-25展示原先审阅与随后增加细节造成的信息差	后面另章编制疑问不是这次变更的结果	限定为旧版审阅不保证获悉后续修改内容	PASS_NARROW	EPUB_SHA_ZIPCRC_AND_71_LOCATOR_PRIVATE_REAUDIT	NOT_TESTED	NOT_TESTED	NOT_RUN	R065_NEW_V1_SCOPED_ELIGIBLE
WM-p16	p16	principle	n425/p27;n425/p40	d35fdb4e46948458771753d24abb0cc32dada55103757e4f059688b627382f75	REVIEW	基层权限有具体反对，但改革后的真实权责尚未呈现。；原文定位n425/p27的现场可见：原著场面：角色明确反对把物资裁量全交基层负责人，另一个人在争议后提出类别分工。。该候选缺完整结果或连续因果，故暂保持V1 REVIEW，不能越界推广。	n425/p25-27有权限异议，后段有不同部门的暂时争论	提议减少权限不代表职责调整已执行	限定为具体权力边界应有异议与暂定分工场面	PASS_NARROW	EPUB_SHA_ZIPCRC_AND_71_LOCATOR_PRIVATE_REAUDIT	NOT_TESTED	NOT_TESTED	NOT_RUN	R065_NEW_V1_SCOPED_ELIGIBLE
WM-p17	p17	principle	n425/p40;n425/p35	9855d29def6920ae3dc7eec842acccece365341d199630483ac17b79c8f2e5f6	REVIEW	四类讨论项是人物说法，缺可执行的输入、阈值、签批与结果。	n425/p35有部门争执，p39-40讨论事务、钱、人及资产	只给出分类和继续商议的任务，无执行步骤和完成标准	只能保存为人物会议中的分类词表	REFERENCE	EPUB_SHA_ZIPCRC_AND_71_LOCATOR_PRIVATE_REAUDIT	NOT_TESTED	NOT_TESTED	NOT_RUN	R078_REFERENCE_OR_NEEDS_REVIEW
WM-p22	p22	principle	n530/p1;n099/p18	7335dd20ef16cfc980f308b6b55bfede8d4b3e35010eda6cbb0b7d057b6e58ef	REVIEW	未来供应日期和之前贸易伙伴忧虑不属于同一兑现义务。；原文定位n530/p1的现场可见：原著场面：当事人确定了眼前运输月份与之后仍将发生的补给安排，亦有人忧虑供应伙伴出问题。。该候选缺完整结果或连续因果，故暂保持V1 REVIEW，不能越界推广。	n530/p1分明写近期调度与数月后的供给安排	计划与实际送达不同；n099是另一时期贸易忧虑	只通过计划时点和未来兑现状态必须区分的窄规则	PASS_NARROW	EPUB_SHA_ZIPCRC_AND_71_LOCATOR_PRIVATE_REAUDIT	NOT_TESTED	NOT_TESTED	NOT_RUN	R065_NEW_V1_SCOPED_ELIGIBLE
WM-c05	c05	case	n099/p18;n099/p19	11222cf921c616bfaba4ac5b80356a2292d83ba3839918e319a75704e336ab81	REVIEW	伙伴返回引发担忧，但没有证明单一来源风险已经造成经济损失。	n099/p18因伙伴安危担忧，p19亲见其回到现场	担心单点风险不等于已发生断供损失	保留伙伴依赖焦虑的单章案例	REFERENCE	EPUB_SHA_ZIPCRC_AND_71_LOCATOR_PRIVATE_REAUDIT	NOT_TESTED	NOT_TESTED	NOT_RUN	R078_REFERENCE_OR_NEEDS_REVIEW
WM-c11	c11	case	n437/p6;n437/p29;n437/p31	a190f5ea8ed3d250ca2f942c4e79d8720ed2b0ec5b68d745a424665c62b9b69b	REVIEW	新想法遭否决和另项采购争议之间缺真正因果。；原文定位n437/p6的现场可见：场景起因与行动：工坊曾提出一项新制品设想，但评议认为不适合而否决；后续其他产品的交付争执又促使上级宣布调整签约责任。。该候选缺完整结果或连续因果，故暂保持V1 REVIEW，不能越界推广。	n437/p6某项构想未被采纳，p29-31讨论另一种合同责任	同章先后两事不等于前者造成后者	保留并列场面，不认定直接因果	REFERENCE	EPUB_SHA_ZIPCRC_AND_71_LOCATOR_PRIVATE_REAUDIT	NOT_TESTED	NOT_TESTED	NOT_RUN	R078_REFERENCE_OR_NEEDS_REVIEW
WM-ce06	ce06	counter-example	n099/p17;n099/p18;n099/p19	7fbc253ee5001d73ac6e658592ff8f5661871bfbfb5bb0f3c5f6399f23b1ff97	REVIEW	主人公担心关键伙伴受损，不能将担心冒充已经断供。；原文定位n099/p17的现场可见：局面：负责人把后续多项经营计划寄托在一位合作伙伴的归来。。该候选缺完整结果或连续因果，故暂保持V1 REVIEW，不能越界推广。	n099/p17-19展示伙伴未出现时担忧和后来回归	当次没有观察到实际收入中断	仅作依赖风险的情节参考	REFERENCE	EPUB_SHA_ZIPCRC_AND_71_LOCATOR_PRIVATE_REAUDIT	NOT_TESTED	NOT_TESTED	NOT_RUN	R078_REFERENCE_OR_NEEDS_REVIEW
WM-ce08	ce08	counter-example	n155/p28;n155/p30	d49811338607d3d31496378745a3197060b7829ec95c8015c5cb3e9549389aa0	REVIEW	关于裁撤纸面收益的批评不能替代真实收支核对。；原文定位n155/p28的现场可见：局面：叙事回望社会变动及行政整顿对普通人的潜在影响。。该候选缺完整结果或连续因果，故暂保持V1 REVIEW，不能越界推广。	n155/p30是人物对历史裁撤成本的判断	缺历史独立收支数字，不能作真实政策检验	保留人物判断和事实须分层的参考	REFERENCE	EPUB_SHA_ZIPCRC_AND_71_LOCATOR_PRIVATE_REAUDIT	NOT_TESTED	NOT_TESTED	NOT_RUN	R078_REFERENCE_OR_NEEDS_REVIEW
WM-ce12	ce12	counter-example	n380/p25;n380/p27;n380/p28	a86cc4efb4156a142d5ab670d47ec1f78b18405c56a1bf90fac46da6a492dfd6	REVIEW	人物推测限制竞争可能产生负激励，未见完整后果。；原文定位n380/p25的现场可见：局面：商业机构讨论是否进一步吞并生产环节。。该候选缺完整结果或连续因果，故暂保持V1 REVIEW，不能越界推广。	n380/p25-28写有人担忧过度集中抑制改进	担忧不代表损害已经形成	保留角色内部反对立场而非证实经济结果	REFERENCE	EPUB_SHA_ZIPCRC_AND_71_LOCATOR_PRIVATE_REAUDIT	NOT_TESTED	NOT_TESTED	NOT_RUN	R078_REFERENCE_OR_NEEDS_REVIEW
WM-ce13	ce13	counter-example	n425/p25;n425/p26;n425/p35;n425/p40	09e4d7560b5acd386dd02c43838e0640be484964b9be6739a9020e8170acc35f	REVIEW	资源权监督权重叠受到质疑，未能证明实质违法或弊端已发生。	n425/p25-26有主管受查和资源权的讨论	单人转述不证明全部投诉成立或改革落地	保留地方权力争议作为文学实例	REFERENCE	EPUB_SHA_ZIPCRC_AND_71_LOCATOR_PRIVATE_REAUDIT	NOT_TESTED	NOT_TESTED	NOT_RUN	R078_REFERENCE_OR_NEEDS_REVIEW
WM-ce15	ce15	counter-example	n494/p8;n494/p11;n494/p18	8c31273de0925f47efe515948b4da7c284e7ab200b787501ea0f8748bab046bb	REVIEW	集体安排被质疑未必尊重个人，却缺独立个人的实际表态。；原文定位n494/p8的现场可见：局面：管理者认为让成员迁居另一个地方对组织和个人都有长远好处。。该候选缺完整结果或连续因果，故暂保持V1 REVIEW，不能越界推广。	n494/p8-12由管理层讨论迁居及补偿措施	缺被安置者本人发言及真正迁居后的选择	须补独立人物意愿与兑现后的反馈	REVIEW	EPUB_SHA_ZIPCRC_AND_71_LOCATOR_PRIVATE_REAUDIT	NOT_TESTED	NOT_TESTED	NOT_RUN	R078_REFERENCE_OR_NEEDS_REVIEW
WM-ce17	ce17	counter-example	n519/p66;n519/p67;n519/p69;n519/p70;n520/p15;n520/p17	b7b7007a3cc481aacea6fd5d675e03503b6f6702e0d12789719e722a73887eb7	REVIEW	旁听与陪审中的立场差异未必证明制度长期共同价值观的成败。	n519与n520展示陪审立场差异和继续试点争议	短时意见差异不证明制度长期成败	仅作共同价值并非自动出现的案例	REFERENCE	EPUB_SHA_ZIPCRC_AND_71_LOCATOR_PRIVATE_REAUDIT	NOT_TESTED	NOT_TESTED	NOT_RUN	R078_REFERENCE_OR_NEEDS_REVIEW
WM-ce18	ce18	counter-example	n529/p38;n529/p40;n529/p41	6714c07645a9ea3c4caf3d8015887b5b1572b8eeed2c0bc8883fab1075128997	REVIEW	短期需求反复增加可见，累计工时及真实返工成本未被证明。；原文定位n529/p38的现场可见：局面：多个部门正在处理已经排定的运输与物资供给计划。。该候选缺完整结果或连续因果，故暂保持V1 REVIEW，不能越界推广。	n529/p38-41有需求调整令船只等待的当场反应	没有累计工时、费用以及长期损失计算	保留单次变动增加协调负担的参考	REFERENCE	EPUB_SHA_ZIPCRC_AND_71_LOCATOR_PRIVATE_REAUDIT	NOT_TESTED	NOT_TESTED	NOT_RUN	R078_REFERENCE_OR_NEEDS_REVIEW
