proposition_id	narrative_ordinal	stage	spine_index	epub_path	chapter_sha256	paragraph_index	paragraph_sha256	origin	evidence_role	scene_fact	objection_or_boundary	source_check	literary_status
P01	1	S1	16	OEBPS/Text/chapter7.html	69991dc30faab597e69e3f18629d94dacf7a3a3267898e0c0160b3ed3ff51e7b	20	977fbc518aced5045df9b65325d4c9b439897f921d285b3f1c3c6c3a92e636e5	R040_ORIGINAL_PRIVATE_R041_RECHECKED	CROSS_CHAPTER_COUNTERCHECK	街坊对原身的处境作出公开反应，主角入场已经背负社会名声	这是对旧身份的一幕反应，不等于当地所有人永远敌视庞雨	PRIVATE_SHA_PASS	PROVISIONAL
P01	1	S1	16	OEBPS/Text/chapter7.html	69991dc30faab597e69e3f18629d94dacf7a3a3267898e0c0160b3ed3ff51e7b	38	59165decb5400116bee37b3758b52bd88bc4b6c509097dcd4057dbd14d19bebb	R040_ORIGINAL_PRIVATE_R041_RECHECKED	CROSS_CHAPTER_COUNTERCHECK	主角把眼前处境错误当成拍摄现场，现代知识不等于现场判断	滑稽误识只适用初临现场，不能据此认定其日后学习无效	PRIVATE_SHA_PASS	PROVISIONAL
P01	2	S1	17	OEBPS/Text/chapter8.html	aa69359404c94d7117adc8503f99ee8c70831635c9ee593b97adb07d288aff5b	36	7a00379d6e9ccfb3d46ff539d6cf84499caba6caae5281c23a838ed61a9b9c1e	R040_ORIGINAL_PRIVATE_R041_RECHECKED	CROSS_CHAPTER_COUNTERCHECK	家里为庞雨投充差役付出钱和关系，旧身份来自家庭安排，而不是后世知识自动赋予	不能因为用钱取得差役身份就认定全县差役均无合法性，或主角全无真实责任	PRIVATE_SHA_PASS	PROVISIONAL
P01	157	S2	173	OEBPS/Text/chapter164.html	ed5c08598b6423c7a907c3e28e40ad3d284e4c0a552b1f73486250c75a31cc1d	67	6c41df6e6459c0e5e4539002facd25d180bf3313b59b404f515b1e0459fe3ea8	R040_ORIGINAL_PRIVATE_R041_RECHECKED	CROSS_CHAPTER_COUNTERCHECK	庞雨事后揭示此前看似体贴的谈话另含避险算盘，前场动机被新事实重估	私人算计存在不代表此前每一句同情都必定虚假	PRIVATE_SHA_PASS	PROVISIONAL
P01	201	S3	217	OEBPS/Text/chapter208.html	b5574b744d0e642dad10f24e16caf8d55431539a3ad27510b43a8755e694e348	54	73eb767508c144393aa175ad244150d7bb79c38f76c39c73f412f912685c4887	R041_NEW_PRIVATE_PARAGRAPH	DIRECT_COUNTER_OR_REPLY	官员称许庞雨具有正直德行，随后出现未解决的异声	个人评价与公认信誉不是一回事	PRIVATE_SHA_PASS	PROVISIONAL
P01	201	S3	217	OEBPS/Text/chapter208.html	b5574b744d0e642dad10f24e16caf8d55431539a3ad27510b43a8755e694e348	56	4c984dc565e0feed7b039e0717e1f07cd5076a5ccd5431f414f7337abad5a7f4	R040_ORIGINAL_PRIVATE_R041_RECHECKED	CROSS_CHAPTER_COUNTERCHECK	公开官差行程被私人指责突然打断，人物旧债不因军功消失	个人声誉争议不能单独解释后续全部政治阻力	PRIVATE_SHA_PASS	PROVISIONAL
P02	30	S1	45	OEBPS/Text/chapter36.html	28725848b72b85a36cc2a65117bd63a6a020fbe5e1c71352938ec0f35c6fc616	33	24eae003af4ac58249835de9c91e4597325704135614b42024f3a569efdf0ed9	R040_ORIGINAL_PRIVATE_R041_RECHECKED	CROSS_CHAPTER_COUNTERCHECK	唐为民区别熟背赋役文书与实际理解钱粮册籍的使用	他的官场经验只是一种人物认识，仍需与事后执行结果对照	PRIVATE_SHA_PASS	PROVISIONAL
P02	55	S1	70	OEBPS/Text/chapter61.html	0093425ac85b38047eb3416ed9bbaa802fcc379195265c7c93a0020fcc39bb17	31	9592224da83b6a3c4da0aac7333e84773ef193e8b826c54e53efa82e5cd1abaa	R040_ORIGINAL_PRIVATE_R041_RECHECKED	CROSS_CHAPTER_COUNTERCHECK	主角希望通过申详文书把地方平乱的现场功劳转化为官面首功	人物想先报功不等于已经获朝廷批准，也不能抵消其他人的贡献	PRIVATE_SHA_PASS	PROVISIONAL
P02	55	S1	70	OEBPS/Text/chapter61.html	0093425ac85b38047eb3416ed9bbaa802fcc379195265c7c93a0020fcc39bb17	32	c479613dcb3d9f69039ae7b41d418544a53dac8a7672e68c1ea9d0932181a63b	R041_NEW_PRIVATE_PARAGRAPH	DIRECT_COUNTER_OR_REPLY	余先生提醒先递请功文件仍不保证优先得到承认	驳回可能不等于正式手续完全没有功能	PRIVATE_SHA_PASS	PROVISIONAL
P02	132	S2	148	OEBPS/Text/chapter139.html	e9f3fb44477b6dccc872d847317aa224474690033e42987336c8630def3eeae3	30	70d667f3b2613c2316d30e30db12729831fef426e6fb733a28f9af4397ba986d	R040_ORIGINAL_PRIVATE_R041_RECHECKED	CROSS_CHAPTER_COUNTERCHECK	阮大铖说明相同捐纳价款背后的官职分配与地区收益差异	人物给出官场分析不能代替一手公文和各地具体价格的历史外证	PRIVATE_SHA_PASS	PROVISIONAL
P02	295	S4	311	OEBPS/Text/chapter302.html	2f562bd7ffe45e2a41f18ac449ef3af860f51ee4705cfa30807c76e1f059ac3a	21	49e88ac36d84292dc60ed84128473fa7f647d6e39c6f8e6af1f3392c4c50a210	R040_ORIGINAL_PRIVATE_R041_RECHECKED	CROSS_CHAPTER_COUNTERCHECK	南京多方官员在同场谈话中避谈敏感事，权力运行有默契与沉默	沉默不能自动当作同意主角方案或所有官员合谋	PRIVATE_SHA_PASS	PROVISIONAL
P02	526	S6	543	OEBPS/Text/chapter535.html	facac1533f861fb8f3078781aa08af4ff6f7daceb7c0ca0c6358f859152e8602	83	ba4e19e7bc6cc73c6918513f0e5b2a36d3631b9497cfcfcb225722d7afd696e5	R041_NEW_PRIVATE_PARAGRAPH	DIRECT_COUNTER_OR_REPLY	被询问者因文件修改建议产生即时停顿	当场迟疑不是同意改写的最终记录	PRIVATE_SHA_PASS	PROVISIONAL
P03	80	S1	95	OEBPS/Text/chapter86.html	7064d1140035e44fa461f54f1e9118346b856bd76d6871903956b6402001d982	48	5ebaec3b9cf006180a19ddb4b541254879c263e021fd1c47af0610729bc1a69d	R040_ORIGINAL_PRIVATE_R041_RECHECKED	CROSS_CHAPTER_COUNTERCHECK	庞雨按挑担表现比较招募条件，发现自己体力认知有限	一项体能考察无法全面评价招募者的品格或战场素质	PRIVATE_SHA_PASS	PROVISIONAL
P03	81	S2	96	OEBPS/Text/chapter87.html	4f32e3baa6489cff7c236f2302ffb83a899f6dad8a3318e6e5f7e36664dd8355	59	bf1adf1ec5feabab716c1329800cca8e172d6cfe6a4b6fef41b773e85a74f8bd	R040_ORIGINAL_PRIVATE_R041_RECHECKED	CROSS_CHAPTER_COUNTERCHECK	庞雨私下承认练兵后续项目尚未想清楚	不能据这一时犹疑否定后来训练者与军官的实际发展	PRIVATE_SHA_PASS	PROVISIONAL
P03	174	S3	190	OEBPS/Text/chapter181.html	e01da27fceaea4964fb4bb6f8e46eb6ed92b34c44d7b37a59653e91383b9b174	23	971c0089df2d4d3936b89f652694299e741b1fcfe1de44939c92989ca6e5ae06	R040_ORIGINAL_PRIVATE_R041_RECHECKED	CROSS_CHAPTER_COUNTERCHECK	庞雨要求办事人能认读文书，不把文书工作完全交给代写者	一次主管训话并不能证明整个安庆体系的基层文字能力都已培养	PRIVATE_SHA_PASS	PROVISIONAL
P03	174	S3	190	OEBPS/Text/chapter181.html	e01da27fceaea4964fb4bb6f8e46eb6ed92b34c44d7b37a59653e91383b9b174	24	b6e76c3bea8cf7d8fc53a9c2610bcaf1e04db83fa26809437ec6fc9c4e2db154	R041_NEW_PRIVATE_PARAGRAPH	DIRECT_COUNTER_OR_REPLY	下属主动提出团体职责层级和开支来源	自主提案尚需回应不等于已经实施	PRIVATE_SHA_PASS	PROVISIONAL
P03	409	S5	426	OEBPS/Text/chapter417.html	cdcbb4764e4a50d9cdd92290cadfccf0f55c753c879107cbd70bbf565742819a	57	0537135eb45221025246b54af8249913846be9c6355a1423cbe8ed37ac19529f	R040_ORIGINAL_PRIVATE_R041_RECHECKED	CROSS_CHAPTER_COUNTERCHECK	庞丁质疑庞雨对过多事务亲自负责，使组织协作与领袖控制产生张力	下属一句玩笑兼抱怨不等于制度完全依赖一人或其他干部都不作为	PRIVATE_SHA_PASS	PROVISIONAL
P03	490	S6	507	OEBPS/Text/chapter499.html	c1540624e3e02360c528025cf2f78c7775f991c7a9af679bd2e794187482d7e0	28	b0404b426932447d069b93c6f0a1df8c186f32df6f9ddd14ada21b79eb62f65f	R040_ORIGINAL_PRIVATE_R041_RECHECKED	CROSS_CHAPTER_COUNTERCHECK	辎重司人员及民夫到真实现场出现训练与协调难题	局部混乱不能抹去当时仍可完成后续补给任务的可能	PRIVATE_SHA_PASS	PROVISIONAL
P04	114	S2	129	OEBPS/Text/chapter120.html	7d61103c83a56d3736adb65a448322bd256be3bda5c464b15175eaa27785644e	27	8215e6b561635ef4ffd86bf08b2bbefb83c9d15392cf8375df0937848ab6f4fa	R040_ORIGINAL_PRIVATE_R041_RECHECKED	CROSS_CHAPTER_COUNTERCHECK	县官发现之前要求储备的仓银与粮谷并未实际到账，命令和可用储备发生分裂	这一次仓库账实落差不能直接推断地方官全部财政安排长期失效	PRIVATE_SHA_PASS	PROVISIONAL
P04	114	S2	129	OEBPS/Text/chapter120.html	7d61103c83a56d3736adb65a448322bd256be3bda5c464b15175eaa27785644e	29	277ffffe857c7da2c26e813531e23331b9eee5c3f8ada6e19b0f81cd95386c34	R041_NEW_PRIVATE_PARAGRAPH	DIRECT_COUNTER_OR_REPLY	主角注意到私营仓粮与捐助能暂时弥补官仓缺口	补救存在不等于长期财政能力已经稳定	PRIVATE_SHA_PASS	PROVISIONAL
P04	175	S3	191	OEBPS/Text/chapter182.html	2b849085eaa774eeb139aea497e50bbc3f7362a8e3d7705a1136e93f8e59e8cf	23	08df724097d7e4c73efff3176089c32e35140f1be0f480c88e77235337946742	R040_ORIGINAL_PRIVATE_R041_RECHECKED	CROSS_CHAPTER_COUNTERCHECK	庞丁怀疑时刊只能支出不能赚钱，给传播设想附上账面反问	下属即时怀疑尚不能证实时刊最终无商业与政治价值	PRIVATE_SHA_PASS	PROVISIONAL
P04	275	S3	291	OEBPS/Text/chapter282.html	f8c78e7e53c93cb369a6f2e875f2b654296f337f488f683db88c59a3d9bed9a3	23	eb7c1fd39bca4805f2fc04e2a3296fba2636469eef839d7e5a26a310a48b80ba	R040_ORIGINAL_PRIVATE_R041_RECHECKED	CROSS_CHAPTER_COUNTERCHECK	银庄招徕资金需要士绅名声与有钱人圈层支持	主角认为名流可背书，不等于所有储户都将信任新金融机构	PRIVATE_SHA_PASS	PROVISIONAL
P04	360	S4	376	OEBPS/Text/chapter367.html	b81a6462eac31f17261cc7a7addae9c452dca0251acb6323984c822c05fdfde4	2	debff2780dce75688a5b2a35166176c45284e491d865d8e36e02bc9810518af8	R040_ORIGINAL_PRIVATE_R041_RECHECKED	CROSS_CHAPTER_COUNTERCHECK	户部对计划中的兵额及饷需提出无法绕开的财政问题	朝堂上的估算是论辩材料，仍须核查兑现记录与时间范围	PRIVATE_SHA_PASS	PROVISIONAL
P04	531	S6	548	OEBPS/Text/chapter540.html	d7164bd30e7b20687043dfa9b5c5bf5511066f4b953a3bf74c53abd9c00efe91	8	0fd422377dc5e8e28a4e4595671374b898db3c6f865aed1f33743e4a48a4cd54	R040_ORIGINAL_PRIVATE_R041_RECHECKED	CROSS_CHAPTER_COUNTERCHECK	谭癞子指出货物要实际交付并记录账目，票面主张不等于已经完成交易	其自称查验过数量并非经第三方清算的事实，不能从人物话语推算最终财务结果	PRIVATE_SHA_PASS	PROVISIONAL
P05	161	S3	177	OEBPS/Text/chapter168.html	c73d0991a83fd4d39b15717592b7f8516e0e866d99f96857e6ada8e456550098	65	1d75447e3d63be18ce78efa94a1f1a780d50db4bfb953df65a12d181fa784299	R040_ORIGINAL_PRIVATE_R041_RECHECKED	CROSS_CHAPTER_COUNTERCHECK	庞丁表达不愿从军，却被主仆关系迫使继续接受安排	不能仅将同伴遵从解释为自发团结与一致信仰	PRIVATE_SHA_PASS	PROVISIONAL
P05	165	S3	181	OEBPS/Text/chapter172.html	7c0bb2814b6ca2f89e384ae1be2d7f6253b25db9f2d023f0af5b0fbb3ea8e595	1	0971a179475ebb124450e12f96a329b11676f5e38caa3f70b7dab508f80aef1f	R040_ORIGINAL_PRIVATE_R041_RECHECKED	CROSS_CHAPTER_COUNTERCHECK	蒋国用现场修改军律建议，展示专业下属会反对领袖安排	争议存在并不代表某一方最终规则必然正确	PRIVATE_SHA_PASS	PROVISIONAL
P05	165	S3	181	OEBPS/Text/chapter172.html	7c0bb2814b6ca2f89e384ae1be2d7f6253b25db9f2d023f0af5b0fbb3ea8e595	80	cabdadc9b208a9a228c34a71be3bd7e5b9e073494b2f7ae7fd515dc785e69780	R040_ORIGINAL_PRIVATE_R041_RECHECKED	CROSS_CHAPTER_COUNTERCHECK	庞雨把朝廷体制及军律解释为胜过私人喜恶的管理凭据	这是人物公开的组织观，不能等同作者伦理背书	PRIVATE_SHA_PASS	PROVISIONAL
P05	214	S3	230	OEBPS/Text/chapter221.html	8e84adc5dd638ce5eafd70f0915f13f89f2e3cd2da3465d01a06f66d8dbb2b29	21	d30281c251f5c11bc8ae8508c70d30d2081bd07f3ec319a0b157dd6d6a3c1469	R040_ORIGINAL_PRIVATE_R041_RECHECKED	CROSS_CHAPTER_COUNTERCHECK	军中对士卒冲突另设处分与许可办法，同时其实际风气仍趋于粗暴	规章被使用并不代表行为伦理正当，也不应把表演性冲突当成有效训练	PRIVATE_SHA_PASS	PROVISIONAL
P05	361	S4	377	OEBPS/Text/chapter368.html	2c0a097a5dbaae4adf4572f239ccd6a0c3d03d8c0be8c632b76c7b14f8b01275	35	a2e14738310ec4ccfab4d60098d4c18b32ba359de39c6dea89e03fb37384c427	R040_ORIGINAL_PRIVATE_R041_RECHECKED	CROSS_CHAPTER_COUNTERCHECK	蒋国用追问士官与百总的指挥上下关系	提出疑问不能说明最后必定无法解决职权冲突	PRIVATE_SHA_PASS	PROVISIONAL
P05	361	S4	377	OEBPS/Text/chapter368.html	2c0a097a5dbaae4adf4572f239ccd6a0c3d03d8c0be8c632b76c7b14f8b01275	36	d5d9fee2e184954ec55875a1838c5e77175340cb73386de4dcea56188b1f3fd3	R041_NEW_PRIVATE_PARAGRAPH	DIRECT_COUNTER_OR_REPLY	主角解释待遇与军令指挥可分开处理	口头设计仍须靠后续真实应用验证	PRIVATE_SHA_PASS	PROVISIONAL
P05	380	S4	396	OEBPS/Text/chapter387.html	addb2b0887f013a91acaccb8bcc117451aacdaed0102f61302494a66e744d36b	31	b9559753931ef9e0841bb8a740b3807953eda05a5b6e9bca375acc649e4e26a7	R040_ORIGINAL_PRIVATE_R041_RECHECKED	CROSS_CHAPTER_COUNTERCHECK	受罚文书人员请求重新考核，制度宣示与实际恐惧并置	愿意留下不能直接当作每个属员心甘情愿认可处罚	PRIVATE_SHA_PASS	PROVISIONAL
P06	215	S3	231	OEBPS/Text/chapter222.html	db88b6eb13a481a169cfa43012b08001c1b7ede8fb5fc78c7943363c40cd3519	66	ce21e53217526b24db9032c8c3612bef278f053affeecd27dc3c4995e61fc14c	R040_ORIGINAL_PRIVATE_R041_RECHECKED	CROSS_CHAPTER_COUNTERCHECK	紧急调动通过传令向水营提出地点与期限，跨部门调遣需要执行者	发出了限期命令不等于运输与实到员额都已兑现	PRIVATE_SHA_PASS	PROVISIONAL
P06	315	S4	331	OEBPS/Text/chapter322.html	24a10bd0324be34ee44e805b43dc68b0dea53799df5135d65df981df67029fed	40	71009b5b68dcbb94833126167f9102bbd52d8216c8a79a4b35012291053b4692	R040_ORIGINAL_PRIVATE_R041_RECHECKED	CROSS_CHAPTER_COUNTERCHECK	庞雨反省自己无法说服盟军将领服从，官面命令缺乏必然执行力	不服从某项命令不足推出一切跨军合作在全书均告失败	PRIVATE_SHA_PASS	PROVISIONAL
P06	320	S4	336	OEBPS/Text/chapter327.html	8730d91b03bfdc5e2413fab21d8d69adc6731e1a6875c215c1867e235bba48e2	36	79e734fccc32c8f4d2e05eb917b446e6536420c46d3f58a9ac815b01575fd18e	R040_ORIGINAL_PRIVATE_R041_RECHECKED	CROSS_CHAPTER_COUNTERCHECK	史可法的调兵令改变庞雨及部将原来的部署选择	主角不愿执行不自动表明原命令毫无政治合法性	PRIVATE_SHA_PASS	PROVISIONAL
P06	420	S5	437	OEBPS/Text/chapter428.html	aefbcb46eb97b91730816222808dec04966749a433e3389007b72be83232dd06	2	808c26506d265075ab9087b765bee4eeb0de8beb8dc333299d78197bd228ca0c	R040_ORIGINAL_PRIVATE_R041_RECHECKED	CROSS_CHAPTER_COUNTERCHECK	卢象升直接追问军令应由何处统一，组织权限的冲突被置于公开谈话	将领坚持独立职权不等于能够立即落实全部战场协同	PRIVATE_SHA_PASS	PROVISIONAL
P06	430	S5	447	OEBPS/Text/chapter438.html	358a11c1789d832a4bdb038db14a7d7097914364e87436ba1b71346ebce29920	59	b2525609efb901c0dec122ae0c7b4a6b0cedf34b6eab4411a35433e24e67755e	R040_ORIGINAL_PRIVATE_R041_RECHECKED	CROSS_CHAPTER_COUNTERCHECK	庞雨与部将商议后仍须等待新的真实敌情，承认对方行动不可预知	等待一天并不能证明之前所有情报都无价值	PRIVATE_SHA_PASS	PROVISIONAL
P06	485	S6	502	OEBPS/Text/chapter494.html	abc4631141e0e5bcc2d9e5bc20714e1d49fd532bd89d9ad9d47dcf567426a34f	23	cc80527bf862a9b92d67cce285ca6001a79bdb2664af715e59aaf928b38c5702	R040_ORIGINAL_PRIVATE_R041_RECHECKED	CROSS_CHAPTER_COUNTERCHECK	庞雨在同盟将领愿意承担有限协作后才获得缓解，独立指挥者仍有否决权	一次合作成功并不能证明跨镇之间长期拥有统一命令体系	PRIVATE_SHA_PASS	PROVISIONAL
P07	126	S2	141	OEBPS/Text/chapter132.html	def9c64abd8accd3dec9ecaedd51c487f9cd797810bfbd78e2a6cf2c36e44ce0	23	2f92f9fb28eedac33742691a9d83666d07194aafa22f92aaf2d69572755c0e34	R040_ORIGINAL_PRIVATE_R041_RECHECKED	CROSS_CHAPTER_COUNTERCHECK	对手决定放弃继续攻城，保全部众损益的取舍打断守城方预想	敌方回撤并不证明他们总体软弱，更不能当作守城方完全掌握其决策	PRIVATE_SHA_PASS	PROVISIONAL
P07	250	S3	266	OEBPS/Text/chapter257.html	a7255777e080727e43f3ac01b1485d38010fea71230a04a919ddf0e2aa8e21e5	31	4ff55a0fb579011761413469779d26938cb9f42428e786cabc167eba45ba41b1	R040_ORIGINAL_PRIVATE_R041_RECHECKED	CROSS_CHAPTER_COUNTERCHECK	敌方高迎祥讨论不同营头的行动利益与共同路线约束	敌方人物的意见不能直接视为统一且可靠的真实军情	PRIVATE_SHA_PASS	PROVISIONAL
P07	305	S4	321	OEBPS/Text/chapter312.html	5f4d0d710b5662665eca257c18fb1f4dc6c5596b36625bf2d2681154b4e62e50	50	92d15c98a44a7b248b97cc71aeba6eea117d06809abe93a10011736264567d3b	R040_ORIGINAL_PRIVATE_R041_RECHECKED	CROSS_CHAPTER_COUNTERCHECK	小娃子在流民队伍中对未来去向表达迷茫，敌方下层有个人困境	这个人物时刻不能代替整个流民集团的思想	PRIVATE_SHA_PASS	PROVISIONAL
P07	350	S4	366	OEBPS/Text/chapter357.html	ab5afa30495b99aad69759c360f5880032e46911ecf379262df1ef9f16adfa8f	69	7d9c2bc1cba551bafcb9044b37e90f24354d2a60f3b61866d5cf68b7a299f1e9	R040_ORIGINAL_PRIVATE_R041_RECHECKED	CROSS_CHAPTER_COUNTERCHECK	汪大善与亲属在混乱转折中寻找可以承受的出路	受控者的退避不是对任何一方政治方案的同意	PRIVATE_SHA_PASS	PROVISIONAL
P07	500	S6	517	OEBPS/Text/chapter509.html	970fbf498475651142a55bd12311208b4e8ef21d6f83c63937556726a0c43ccf	25	db7691e9b566230061ac9d29f0461241636ea9fc55998aeaffe8b65a423fdc1a	R040_ORIGINAL_PRIVATE_R041_RECHECKED	CROSS_CHAPTER_COUNTERCHECK	吴达财判断本方兵力薄弱，面对未知来者没有战况全景	人物的悲观不是对敌军真实人数与结果的全知判定	PRIVATE_SHA_PASS	PROVISIONAL
P07	505	S6	522	OEBPS/Text/chapter514.html	4cc93a52fcbfc53b8d7f64fef42f24c27bda2e1fda297188dcb011440fcf6dd7	8	993aa1df3391d3f4933511701f5959d627e2225a983d56a61c8d6d50d6a13a98	R040_ORIGINAL_PRIVATE_R041_RECHECKED	CROSS_CHAPTER_COUNTERCHECK	战后民众与民夫面对物资分配出现争执，胜利场面并没有让普通生活自动恢复	局部秩序困难不能推断救济绝无成效，也不能把群众一概归为混乱者	PRIVATE_SHA_PASS	PROVISIONAL
P08	10	S1	25	OEBPS/Text/chapter16.html	9dd5f9cb7f0bdeccd19973242ba403f76c64acac327bc4e7db127a3320bd644f	21	38ffd5869ca4c29d37083f4e28c26d3a7824aa1ef9d056772bab90a84bc829ba	R040_ORIGINAL_PRIVATE_R041_RECHECKED	CROSS_CHAPTER_COUNTERCHECK	周月如提出以本人劳动替代一笔费用，人物面对不等价的交易也试图保有选择	受压关系中表达愿意做工，不代表她和主角拥有同等谈判位置	PRIVATE_SHA_PASS	PROVISIONAL
P08	15	S1	30	OEBPS/Text/chapter21.html	6a38317ad229c4f988bbbe939ce0b43ab5df76be9b697976f6ddf4c934d3e2aa	49	d87fb89cec5cd3e556e9fe1cd6982ec8c7f55c66062d82df4f6f2a0767f003d8	R040_ORIGINAL_PRIVATE_R041_RECHECKED	CROSS_CHAPTER_COUNTERCHECK	周月如将找回的碎银交还，保留她对财物的独立行为	不能据一次归还就判定日后她与主角永远目标相同	PRIVATE_SHA_PASS	PROVISIONAL
P08	288	S4	304	OEBPS/Text/chapter295.html	f303c87242e0200b6c34adfe6ad522183ce2429bf39f3e222352320519f374f0	13	a794ff1040d6da50fb5d20344c7b3bcdb094973cd9405b556ca05be28d818d8e	R040_ORIGINAL_PRIVATE_R041_RECHECKED	CROSS_CHAPTER_COUNTERCHECK	家乡亲戚希望借服役者身份获得照应，公共军事岗位背后仍有亲族请求	有亲情责任不意味着士兵可不受组织规则任意优先照顾亲属	PRIVATE_SHA_PASS	PROVISIONAL
P08	370	S4	386	OEBPS/Text/chapter377.html	7578f70ae1cf7d5fb0e73f7cd1b94c2395c387ead7d71324c78241cb499cb30d	19	4f5af50903ff859db629c96e1434e10aec359d46251c2d46257294772f5cc73a	R040_ORIGINAL_PRIVATE_R041_RECHECKED	CROSS_CHAPTER_COUNTERCHECK	周月如在众人往来的码头保持独立处境，主角离开后她的生活状态仍是叙事问题	一个离别场面不能证明两人往后关系已经彻底结束	PRIVATE_SHA_PASS	PROVISIONAL
P08	410	S5	427	OEBPS/Text/chapter418.html	0e6042f1091843a2a0d93a375f4bca8fcebf30d51d2fffd59f1d71cf168625b1	34	35155f2ed03865d18e48218016336db4e3ce3fec663664844e156d4fbfcf28b7	R040_ORIGINAL_PRIVATE_R041_RECHECKED	CROSS_CHAPTER_COUNTERCHECK	莫琦云听同伴诉说家庭遭遇并作出反应，机构成员并非只有职务身份	一个人听闻的遭遇不能替代他人完整动机与自主意愿	PRIVATE_SHA_PASS	PROVISIONAL
P08	527	S6	544	OEBPS/Text/chapter536.html	f78cb3766f290138728954cec29a5b3c48fd7baebfa00dd880b4bbdab4196bab	30	cab0ec215f17b6db9eac4b117b9efd1d84a47a1b6bc9af08756e8a6fedc74dcd	R040_ORIGINAL_PRIVATE_R041_RECHECKED	CROSS_CHAPTER_COUNTERCHECK	新募外地军人提出返乡接家人及预支银钱要求，军中岗位不能抹掉家庭劳动债	申请尚未证明所有请求都获批准，更不能说明军人拥有无限离队权	PRIVATE_SHA_PASS	PROVISIONAL
P08	527	S6	544	OEBPS/Text/chapter536.html	f78cb3766f290138728954cec29a5b3c48fd7baebfa00dd880b4bbdab4196bab	31	2bb012763925eb81f603685095d9133e4469b1d88724a98aeeb2ab0f108a63fb	R041_NEW_PRIVATE_PARAGRAPH	DIRECT_COUNTER_OR_REPLY	官员对军人的返乡申请给出有条件批准	这一反应不等于军人有无限行动自由	PRIVATE_SHA_PASS	PROVISIONAL
P09	54	S1	69	OEBPS/Text/chapter60.html	c9463a16c36df70c859819658aa38eef7d5dff60bed4bcda7229d93d69e7b2f2	37	da7c598e925da0deae891b89e3bd526d688229785d2096988d261e385fb4dcce	R040_ORIGINAL_PRIVATE_R041_RECHECKED	CROSS_CHAPTER_COUNTERCHECK	地方传言反复传播后改变聚众者行动，未经核验的信息也能发生可见政治效应	谣言改变部分人的位置不能证明传言内容为真，也不能认定全城所有人受同一影响	PRIVATE_SHA_PASS	PROVISIONAL
P09	244	S3	260	OEBPS/Text/chapter251.html	0cc39523ecffe9cf56141d921dc1dbd2bb52dca139489a287d952a4cb5bc7aca	30	3daef95b56874b5ef591132dea3244f613ebe6977c480793ed60bf3e84a40408	R040_ORIGINAL_PRIVATE_R041_RECHECKED	CROSS_CHAPTER_COUNTERCHECK	士人辨析时刊既承载消息也容纳其他叙述，传播内容与政治利益交织	报纸内容有混合用途不能说明所有新闻均属造假，也不能推成现代传媒规则	PRIVATE_SHA_PASS	PROVISIONAL
P09	526	S6	543	OEBPS/Text/chapter535.html	facac1533f861fb8f3078781aa08af4ff6f7daceb7c0ca0c6358f859152e8602	82	a4d28da6a1e78707a4eebffee5ff2ce19d0d2c09fab407d045fdaea52791c34c	R041_NEW_PRIVATE_PARAGRAPH	DIRECT_COUNTER_OR_REPLY	文书官提议调整战果数字使其看似可信	建议是否落地需用同章反对反查	PRIVATE_SHA_PASS	PROVISIONAL
P09	526	S6	543	OEBPS/Text/chapter535.html	facac1533f861fb8f3078781aa08af4ff6f7daceb7c0ca0c6358f859152e8602	87	d1188b3358b67ab34420a6d3ee35e431c5b929145e1260c8c41f63eaef1cdecf	R040_ORIGINAL_PRIVATE_R041_RECHECKED	CROSS_CHAPTER_COUNTERCHECK	吴达财拒绝将功劳文书当作可以任意重写的个人分配	一人的反对不能证明整套军功审核机制已完成整治	PRIVATE_SHA_PASS	PROVISIONAL
P09	531	S6	548	OEBPS/Text/chapter540.html	d7164bd30e7b20687043dfa9b5c5bf5511066f4b953a3bf74c53abd9c00efe91	25	d0b3fb975eb7d3200c342eae17ff504124c2037dfa7a41ede7cfa8283cf1b0ac	R040_ORIGINAL_PRIVATE_R041_RECHECKED	CROSS_CHAPTER_COUNTERCHECK	书手担忧一篇稿件描写过于僵硬，但又必须顾及主帅亲自指定的发布要求	编校存在内部异议不能推断最终读者的反应或稿件内容全虚假	PRIVATE_SHA_PASS	PROVISIONAL
P09	531	S6	548	OEBPS/Text/chapter540.html	d7164bd30e7b20687043dfa9b5c5bf5511066f4b953a3bf74c53abd9c00efe91	26	45dfede321d2671173c2863147a551d7482c839aa45233d3a2831db3f477996f	R041_NEW_PRIVATE_PARAGRAPH	DIRECT_COUNTER_OR_REPLY	编辑负责人听取异议之后仍明确要求将稿件付排刊载	当事人决定刊载只表示已经启动制作流程，不能据此认定读者会相信报道或刊发的事实完全准确	PRIVATE_SHA_PASS	PROVISIONAL
P10	490	S6	507	OEBPS/Text/chapter499.html	c1540624e3e02360c528025cf2f78c7775f991c7a9af679bd2e794187482d7e0	30	12a13e85519f559e0105f6db4b35a4109fd444354cba6c770bb020f790a3dc99	R041_NEW_PRIVATE_PARAGRAPH	DIRECT_COUNTER_OR_REPLY	执行者期待上级注意到现场努力却没有回应	被忽略不等于贡献确实无效	PRIVATE_SHA_PASS	PROVISIONAL
P10	517	S6	534	OEBPS/Text/chapter526.html	9a0720a49652e005ddfcf1b2152e4360777b224e0fb09d59597d720b5da26d9d	25	4e1e1e4ae99ae6bffc4ce9dfa7f68c9eb41a8ff6b6d104fed3a720fa8eb5705e	R040_ORIGINAL_PRIVATE_R041_RECHECKED	CROSS_CHAPTER_COUNTERCHECK	多方探报显示部分人员行踪不明且家眷留在原处，情报归因仍不完整	人员未出现不能确证已经叛变或最终命运，需等后续视角补充	PRIVATE_SHA_PASS	PROVISIONAL
P10	521	S6	538	OEBPS/Text/chapter530.html	46b21a50711ab86a8f286dc3f6f21aa329ed4d59c9536e6a7ad7a1081d77eded	35	e393b5e958aa66748bbb1b997bcccbe1aff4447e72f66051240dba19d6ebb2eb	R040_ORIGINAL_PRIVATE_R041_RECHECKED	CROSS_CHAPTER_COUNTERCHECK	小娃子当面质疑二蝗虫向官府与营头两边交易的条件	当事人的指控与对方自述还需要更后场面核对	PRIVATE_SHA_PASS	PROVISIONAL
P10	530	S6	547	OEBPS/Text/chapter539.html	ed58a728a2f11d9bbe44dda28cd5de22b1d7071e7b0a69dce5cc760522adad1b	41	7c42bfbf93d569f0c96113d4996dfc6fe22a07c967e5ef3e89a4b52887907975	R040_ORIGINAL_PRIVATE_R041_RECHECKED	CROSS_CHAPTER_COUNTERCHECK	庞雨以战功声誉推测票据信用能转成融资规模	这是人物在某时的乐观估算，不等于实际发行已经盈利	PRIVATE_SHA_PASS	PROVISIONAL
P10	531	S6	548	OEBPS/Text/chapter540.html	d7164bd30e7b20687043dfa9b5c5bf5511066f4b953a3bf74c53abd9c00efe91	10	3039da3976a81af5e79b4584cfd734ccbce8440afda3d78241f8e378f1c18150	R041_NEW_PRIVATE_PARAGRAPH	DIRECT_COUNTER_OR_REPLY	交易争议围绕部分交付差额继续盘问	当事人追索金额并非最终核账结论	PRIVATE_SHA_PASS	PROVISIONAL
P10	532	S6	549	OEBPS/Text/chapter541.html	92301c081d772297d750547fa4c24650424fe33fdb7c41453f89813468856cfc	47	ed289405ac5e2ca0f84bf8f8cd32311956f3f12cf17376dc110acd16839a1a1c	R041_NEW_PRIVATE_PARAGRAPH	DIRECT_COUNTER_OR_REPLY	经营者落笔之前离席临窗，显示犹疑	人物心理推断不能代替未来偿付事实	PRIVATE_SHA_PASS	PROVISIONAL
P10	532	S6	549	OEBPS/Text/chapter541.html	92301c081d772297d750547fa4c24650424fe33fdb7c41453f89813468856cfc	49	b94dff685b0ec6b19cdbe7dc2e9e1d119ec64894b8eef739e519aa33584b6f40	R040_ORIGINAL_PRIVATE_R041_RECHECKED	CROSS_CHAPTER_COUNTERCHECK	周月如在公开开张和内部疑虑之后写下票据发行数字，形成未兑现的财经责任	最后一页没有提供实际兑付、利息覆盖与未来信用风险的结果	PRIVATE_SHA_PASS	PROVISIONAL
