id,phase,title,status,started_at,passed_at,commit_sha,result_path,gate_status,failure_reason
"R001","A 准备","建立V13清洁仓库与权威状态","PASSED","2026-10-09","2026-10-09","fbd6d37f7458d0e28413ed9a76100dc4283a16eb","runs/R001.md","PASSED",""
"R002","A 准备","V13原著SHA/EPUB叙事章映射","PASSED","2026-10-09","2026-10-09","8bcf4d40c37d94986072a879ffe4b01108baab17","runs/R002.md","PASSED",""
"R003","A 准备","仓颉原版输入和环境自检","PASSED","2026-10-09","2026-10-09","7512b4d12477201c9aee5ec0cc9927735eb478ca","runs/R003.md","PASSED",""
"R004","A 准备","女娲Phase0正式范围与档位","PASSED","2026-10-09","2026-10-09","26794e5027495b4b843846ce92d0a4d1ec67a190","runs/R004.md","PASSED",""
"R005","A 准备","女娲Phase0.5独立目录","PASSED","2026-10-09","2026-10-09","0fc17ca54793193f80cf58867e9d4c968cf41c0c","runs/R005.md","PASSED",""
"R006","A 准备","冻结Stage0阅读证据合同和保留盲测","PASSED","2026-10-09","2026-10-09","9a9b9d1fc2d77119e9e373d03e24e200c4dd6d96","runs/R006.md","PASSED",""
"R007","B Cangjie Stage0原著阅读","《晚明》全文第001—040章","PASSED","2026-10-09","2026-10-09","d9e50da4636fc4416bee6594eda2d661e8acb209","runs/R007.md","PASSED",""
"R008","B Cangjie Stage0原著阅读","《铁血残明》全文第001—040章","PASSED","2026-10-09","2026-10-09","9527708bda68222577da3a5ade7cdeb8cf6b1f9e","runs/R008.md","PASSED",""
"R009","B Cangjie Stage0原著阅读","《晚明》全文第041—080章","PASSED","2026-10-09","2026-10-09","4a647d27a1ce69b66b00703144576ae541f32423","runs/R009.md","PASSED",""
"R010","B Cangjie Stage0原著阅读","《铁血残明》全文第041—080章","PASSED","2026-10-09","2026-10-09","7fa4fee3092899230b139a93baa0758c98a8ffec","runs/R010.md","PASSED",""
"R011","B Cangjie Stage0原著阅读","《晚明》全文第081—120章","PASSED","2026-10-09","2026-10-09","7581f6edc745fbed1c5cc01264d6308e3a6c6a9b","runs/R011.md","PASSED","40 chapters 081—120; repaired checkpoint ordinal83 paragraph26 hash; 9 CI passes"
"R012","B Cangjie Stage0原著阅读","《铁血残明》全文第081—120章","PASSED","2026-10-09","2026-10-09","587af366b1e023523a6185334f14a83e56a68efa","runs/R012.md","PASSED","10 CI successful; 40 original chapters, 2745 XHTML paragraphs, 64 original SHA locators, 12 close studies"
"R013","B Cangjie Stage0原著阅读","《晚明》全文第121—160章","PASSED","2026-10-09","2026-10-09","32ae7efad68e65c43e9d0a4b8795d4843c90b76f","runs/R013.md","PASSED","11 GitHub checks passed, 40 original narrative chapters, 2086 body paragraphs, 76 original SHA anchors, 18 CLOSE_READ"
"R014","B Cangjie Stage0原著阅读","《铁血残明》全文第121—160章","PASSED","2026-10-09","2026-10-09","9d243224144d8cb227cbf05ce2362b34509fd1a3","runs/R014.md","PASSED","40 real narrative chapters, 2426 paragraphs, 68 original SHA anchors, 14 close scenes; 12 CI green; non-narrative chapter136 gap avoided"
"R015","B Cangjie Stage0原著阅读","《晚明》全文第161—200章","PASSED","2026-10-09","2026-10-09","6e854ceedb749cdc5ec3ab3f7775b1c29b22a3b9","runs/R015.md","PASSED","40 original chapters, 2137 paragraphs, 76 true-source SHA anchors, 18 CLOSE_READ; 13 CI green after explicit repair of failed first R015 run 37855207677"
"R016","B Cangjie Stage0原著阅读","《铁血残明》全文第161—200章","PASSED","2026-10-09","2026-10-09","f52033770cd7ce9af138864cb487ba8e1ba0bac2","runs/R016.md","PASSED","40 actual source chapters, 2510 paragraphs, 80 authentic paragraph SHA anchors, 20 CLOSE_READ; 14 successful CI on original evidence commit"
"R017","B Cangjie Stage0原著阅读","《晚明》全文第201—240章","PASSED","2026-10-09","2026-10-09","e482041e45a25062f51a65101d6a67cc43ad8837","runs/R017.md","PASSED","40 private-original chapters, 1920 full-text paragraphs, 80 exact source SHA anchors, 20 CLOSE_READ, 15 GitHub Actions green on evidence commit"
"R018","B Cangjie Stage0原著阅读","《铁血残明》全文第201—240章","PASSED","2026-10-09","2026-10-09","0a33d75cd158000a792c8bea729620259ed27841","runs/R018.md","PASSED","40 original chapters, 2650 paragraphs, 20 CLOSE_READ, 80 private original SHA anchors, original member digest2fd10f8d, 16 green Actions on evidence commit"
"R019","B Cangjie Stage0原著阅读","《晚明》全文第241—280章","PASSED","2026-10-09","2026-10-09","26eea37d907c75c1322303bcc7479215794b2cda","runs/R019.md","PASSED","40 original narrative chapters (real volume boundary), 2133 paragraphs, 80 private SHA anchors, 20 CLOSE_READ, 17 green Actions on evidence SHA"
"R020","B Cangjie Stage0原著阅读","《铁血残明》全文第241—280章","PASSED","2026-10-09","2026-10-09","670e6e30d470fbecc700af5eaff0e07bed8bf08d","runs/R020.md","PASSED","40 actually read original chapters, 2512 paragraphs, 20 close and 80 private SHA anchors with FNV93f49811; 18 green Actions on evidence commit"
"R021","B Cangjie Stage0原著阅读","《晚明》全文第281—320章","PASSED","2026-10-09","2026-10-09","a465d6046adc7c643a9f54699bdf6760924c0bc7","runs/R021.md","PASSED","40 original chapters,2223 paragraphs,80 original SHA anchors,20 CLOSE_READ; first CI failed on 283 terse receipt, fixed; all19 GitHub Actions green on corrected evidence"
"R022","B Cangjie Stage0原著阅读","《铁血残明》全文第281—320章","PASSED","2026-10-09","2026-10-09","76a0cc56d88697027363e2889e9c03b9f8c13385","runs/R022.md","PASSED","40 private original full reads,2169 paragraphs,20 CLOSE_READ,80 original SHA anchors FNV47d26b4e;20/20 green GitHub CI on evidence commit"
"R023","B Cangjie Stage0原著阅读","《晚明》全文第321—360章","PASSED","2026-10-09","2026-10-09","fab3de1a31ebf4f51667d6d48bb0a1ab3dcdc0af","runs/R023.md","PASSED","40 original Wanming chapters,2129 paragraphs,20 CLOSE_READ,80 private SHA locators FNVaeabbd4c; 21 green GitHub Actions on evidence commit"
"R024","B Cangjie Stage0原著阅读","《铁血残明》全文第321—360章","PASSED","2026-10-09","2026-10-09","0fd360c5a6ae46d1b6389a7b10c54cc79e72b4a2","runs/R024.md","PASSED","Initial special CI failed run 37869539563; repaired 7443f3f and 22/22 success; 40 source chapters 2220 paragraphs 20 close reads 80 SHA locators"
"R025","B Cangjie Stage0原著阅读","《晚明》全文第361—400章","PASSED","2026-10-09","2026-10-09","a2e8a39ce1092f9c905ffa8a38617d8281d2873c","runs/R025.md","PASSED","40 original Wanming 361-400 chapters; 2099 original paragraphs;20 distinct close scenes;99 genuine SHA locators; 23/23 green corrected evidence AND formal PASS; evidence dc260a417f3d; literary B PROVISIONAL"
"R026","B Cangjie Stage0原著阅读","《铁血残明》全文第361—400章","PASSED","2026-10-09","2026-10-09","1d871aec8bc953d3311d0872495c0a6a9b6f08e4","runs/R026.md","PASSED","40 original full text chapters 2731 XHTML paragraphs 20 unique scene studies 80 original SHA locators; first R026 CI 37876665566 failed on close interpretation depth; correction c2cfe2890466 passed 24/24 Actions including R026 run 37876826900; source A private verified, literature B PROVISIONAL"
"R027","B Cangjie Stage0原著阅读","《晚明》全文第401—440章","PASSED","2026-10-09","2026-10-09","8bcdef3370d5d8c2a7feeb0b127985856ff1e2b2","runs/R027.md","PASSED","Original 40 Wanming chapters 1954 full-text paragraphs 20 CLOSE_READ scene interpretations 80 private original SHA locators; evidence SHA d929a336fb26 passed 25/25 GitHub Actions including R027 run 37879087795; literature B PROVISIONAL C NOT_RUN; legacy risk audit retained"
"R028","B Cangjie Stage0原著阅读","《铁血残明》全文第401—440章","PASSED","2026-10-09","2026-10-09","02c84d5b913e0a56d6b6f3ab90e3f4f7fe21d8c4","runs/R028.md","PASSED","40 original full chapters 2441 body paragraphs, 20 CLOSE_READ, 80 private-source SHA locators; source FNV 91dc7c91 and anchor FNV 72e4062f, corrected transient SHA copy before commit; evidence c07d30ad1f6f passed 26/26 Actions incl R028 run 37880808806; literature B PROVISIONAL, creation C NOT_RUN"
"R029","B Cangjie Stage0原著阅读","《晚明》全文第441—480章","PASSED","2026-10-09","2026-10-09","e5ecbc13f84f79e5af31a0b68895c942b1fc5340","runs/R029.md","PASSED","40 original full Wanming chapters 2050 paragraphs, 20 unique CLOSE_READ, 80 real private SHA locators and 6 cross-arc countertests; origin member FNV d05bdb81, locator FNV fa6c9f60; 8 anchor relevance improvements before commit, evidence b7135829a872 passed 27/27 Actions including R029 run 37882193049; B PROVISIONAL C NOT_RUN"
"R030","B Cangjie Stage0原著阅读","《铁血残明》全文第441—480章","PASSED","2026-10-09","2026-10-09","0965ac07c122dae5724bf41fc16934379414b83b","runs/R030.md","PASSED","40 original Tiexue chapters 2101 full paragraphs, 20 CLOSE_READ and 80 private SHA anchors, original source FNV 754094fe and anchor FNV 3753923f; original evidence run 37883889212 FAILED 4 too-short independent choice notes; fixed in evidence commit a4b932c2c4eb without weakening validator, R030 workflow 37884013408 SUCCESS; require all 28 Actions green before this formal PASS; literary B PROVISIONAL C NOT_RUN"
"R031","B Cangjie Stage0原著阅读","《晚明》全文第481—520章","PASSED","2026-10-09","2026-10-09","6e4170139b09adafe32fdf58ec3356c57f6dbcfa","runs/R031.md","PASSED","original EPUB40 full Wanming chapters 1960 paragraphs; 20 close scenes; 82 original paragraph SHA; two source-anchored FOUND; evidence 992dff3b 29/29 Actions green including R031 37888210452; formal PASS 6e417013 29/29 green including R031 37888332235; B PROVISIONAL C NOT_RUN; R032 manual stop"
"R032","B Cangjie Stage0原著阅读","《铁血残明》全文第481—520章","PASSED","2026-10-09","2026-10-09","e7c6b8f44861adc25512f26ffbaf67fe5a98df47","runs/R032.md","PASSED","Original Tiexue481–520 40 full original XHTML chapters/2541 paragraphs, 20 CLOSE, 82 private true SHA anchors, 2 FOUND contrary anchors; eight misaligned literary support positions corrected; evidence commit 38c6cf76 R032 run37891257277 and all30/30 GitHub Actions completed/success; B PROVISIONAL C NOT_RUN; R033 manual stop"
"R033","B Cangjie Stage0原著阅读","《晚明》全文第521—560章","PASSED","2026-10-09","2026-10-09","07f99698d2968e2538a564f182bd3450d53b781d","runs/R033.md","PASSED","Wanming521-560: 40 original full chapters, 1892 paragraphs, 20 close scenes, 82 private-original SHA anchors, 2 cross-chapter contrary checks. Evidence commit afe1de9: 31/31 Actions success including R033 37893303302; atomic PASS commit 07f9969: 31/31 Actions success including R033 37893610419; full remote cursor/ledger/book pipeline readback verified. B PROVISIONAL C NOT_RUN; R034 NOT_STARTED manual stop"
"R034","B Cangjie Stage0原著阅读","《铁血残明》全文第521—532章","PASSED","2026-10-09","2026-10-09","ebfab7bde7a52701ba82179ef03fc8d7da1f57a0","runs/R034.md","PASSED","12 original full Tiexue chapters 521-532; 673 nonempty paragraphs, 12 independent CLOSE and 38 original SHA anchors including 2 actual cross-chapter counterexamples; evidence c83db2cd CI 32/32 successful with R034 run37895516080; private EPUB full verified, B PROVISIONAL C NOT_RUN; formal PASS CI pending"
"R035","B Cangjie Stage0原著阅读","《晚明》全文第561—571章","PASSED","2026-10-09","2026-10-09","ee2ca19c93f08de0a79d298f351176dfb2785d12","runs/R035.md","PASSED","Original Wanming last11 XHTML chapters,731 paragraphs,11 CLOSE,35 private SHA locators,2 contrary source-anchored comparisons. Private source full SHA/CRC/member/paragraph audit PASS; evidence 07049600 33/33 Actions success R035 37903225998; official atomic PASS ee2ca19c 33/33 Actions success R035 37903453794; full remote cursor+ledger+both book pipelines re-read: 35/89, Wanming571 Tiexue532 all1103. Only narrative full-reading coverage; B PROVISIONAL C NOT_RUN and Adler R042 not passed. R036 NOT_STARTED manual."
"R036","C Adler与确认","《晚明》Stage0结构分析","PASSED","2026-10-09","2026-10-09","75c11bf8fcba974cb520f21b90c37a9cca0dca06","runs/R036.md","PASSED","Six OPF volumes and six-stage structural hypothesis, 36 true paragraph SHA anchors across 33 original chapters, private source verification; evidence 75c11bf8 GitHub Actions 34/34 success incl dedicated R036 37917353269; formal status commit Actions/readback pending. B PROVISIONAL C NOT_RUN, full Adler/R042 not approved, R037 NOT_STARTED."
"R037","C Adler与确认","《晚明》Stage0解释分析","PASSED","2026-10-09","2026-10-09","46a9c22f7239034c6274b42662e5cfee6b84e6b2","runs/R037.md","PASSED","Adler interpretive step only: 10 grounded propositions/12 novel and analyst terms, 60 original paragraph SHA from 57 actual Wanming chapters (36 R036 reverified+24 newly reread); all 6 OPF volumes represented; local private EPUB original SHA/member/paragraph PASS; evidence 46a9c22f GitHub Actions 35/35 SUCCESS including dedicated R037 37920687937 plus frozen and historical regressions. Official status commit Actions/readback pending. B PROVISIONAL, C NOT_RUN; R038 NOT_STARTED and R042 user BOOK_OVERVIEW approval not obtained."
"R038","C Adler与确认","《晚明》Stage0批判与应用","PASSED","2026-10-09","2026-10-09","1978c979c8a5804d5f8f6d87b0dbf949b67cb348","runs/R038.md","PASSED","Original Wanming Adler critique+application step only: C01-C10 strongest counterarguments and boundaries; T01-T10 concrete independent-fiction input/output/test candidate tasks; 48 original SHA anchors from 45 distinct chapters, 6 OPF volumes; R037 n519/p69 support misalignment corrected by genuine n519/p70; private original EPUB SHA verified. Evidence commit 1978c979 has all36/36 Actions SUCCESS, dedicated R038 run37922531362 and frozen/historic regressions; formal atomic status commit Actions and readback must be checked separately. A private-source verified, B PROVISIONAL C NOT_RUN; R042 user BOOK_OVERVIEW approval NOT_OBTAINED, certified skills0, R039 NOT_STARTED."
"R039","C Adler与确认","《铁血残明》Stage0结构分析","PASSED","2026-10-09","2026-10-09","2466184b981dbb185468b1cc9e46396e2a86f28a","runs/R039.md","PASSED","Original Tiexue 532-chapter research and six independent analytical arcs, 58 private original paragraph SHA positions from 53 distinct narrative chapters; local original whole EPUB/member/paragraph SHA and ZIP CRC verified. Evidence 2466184b GitHub Actions 37/37 SUCCESS incl R039 run 37924610492, frozen R006 and regressions. Official PASS commit Actions/readback still pending. B PROVISIONAL C NOT_RUN, whole Adler BOOK_OVERVIEW/R042 NOT_PASSED, Skills certified0; next R040 NOT_STARTED manual."
"R040","C Adler与确认","《铁血残明》Stage0解释分析","NOT_STARTED","","","","","NOT_CHECKED",""
"R041","C Adler与确认","《铁血残明》Stage0批判与应用","NOT_STARTED","","","","","NOT_CHECKED",""
"R042","C Adler与确认","两书BOOK_OVERVIEW与Stage0用户关口","NOT_STARTED","","","","","NOT_CHECKED",""
"R043","D Stage1五提取器","《晚明》框架提取器独立执行","NOT_STARTED","","","","","NOT_CHECKED",""
"R044","D Stage1五提取器","《晚明》原则提取器独立执行","NOT_STARTED","","","","","NOT_CHECKED",""
"R045","D Stage1五提取器","《晚明》案例提取器独立执行","NOT_STARTED","","","","","NOT_CHECKED",""
"R046","D Stage1五提取器","《晚明》反例提取器独立执行","NOT_STARTED","","","","","NOT_CHECKED",""
"R047","D Stage1五提取器","《晚明》术语提取器独立执行","NOT_STARTED","","","","","NOT_CHECKED",""
"R048","D Stage1五提取器","《铁血残明》框架提取器独立执行","NOT_STARTED","","","","","NOT_CHECKED",""
"R049","D Stage1五提取器","《铁血残明》原则提取器独立执行","NOT_STARTED","","","","","NOT_CHECKED",""
"R050","D Stage1五提取器","《铁血残明》案例提取器独立执行","NOT_STARTED","","","","","NOT_CHECKED",""
"R051","D Stage1五提取器","《铁血残明》反例提取器独立执行","NOT_STARTED","","","","","NOT_CHECKED",""
"R052","D Stage1五提取器","《铁血残明》术语提取器独立执行","NOT_STARTED","","","","","NOT_CHECKED",""
"R053","E Stage1.5三重验证","两书候选合并、去重与任务覆盖","NOT_STARTED","","","","","NOT_CHECKED",""
"R054","E Stage1.5三重验证","Stage1.5 V1来源充分性","NOT_STARTED","","","","","NOT_CHECKED",""
"R055","E Stage1.5三重验证","Stage1.5 V2合法新输入可执行","NOT_STARTED","","","","","NOT_CHECKED",""
"R056","E Stage1.5三重验证","Stage1.5 V3任务增益","NOT_STARTED","","","","","NOT_CHECKED",""
"R057","E Stage1.5三重验证","四类分流、coverage-audit与用户轻确认","NOT_STARTED","","","","","NOT_CHECKED",""
"R058","F Stage1.6—Stage5","Stage1.6独立Skill晋级门","NOT_STARTED","","","","","NOT_CHECKED",""
"R059","F Stage1.6—Stage5","《晚明》RIA++与Bundle","NOT_STARTED","","","","","NOT_CHECKED",""
"R060","F Stage1.6—Stage5","《铁血残明》RIA++与Bundle","NOT_STARTED","","","","","NOT_CHECKED",""
"R061","F Stage1.6—Stage5","《晚明》Zettelkasten依赖与术语","NOT_STARTED","","","","","NOT_CHECKED",""
"R062","F Stage1.6—Stage5","《铁血残明》Zettelkasten依赖与术语","NOT_STARTED","","","","","NOT_CHECKED",""
"R063","F Stage1.6—Stage5","《晚明》Stage4触发/路由压测","NOT_STARTED","","","","","NOT_CHECKED",""
"R064","F Stage1.6—Stage5","《铁血残明》Stage4触发/路由压测","NOT_STARTED","","","","","NOT_CHECKED",""
"R065","F Stage1.6—Stage5","《晚明》Stage4真实任务输出压测","NOT_STARTED","","","","","NOT_CHECKED",""
"R066","F Stage1.6—Stage5","《铁血残明》Stage4真实任务输出压测","NOT_STARTED","","","","","NOT_CHECKED",""
"R067","F Stage1.6—Stage5","Stage4失败回炉与回归","NOT_STARTED","","","","","NOT_CHECKED",""
"R068","F Stage1.6—Stage5","《晚明》Stage5编译与DIGEST","NOT_STARTED","","","","","NOT_CHECKED",""
"R069","F Stage1.6—Stage5","《铁血残明》Stage5编译与DIGEST","NOT_STARTED","","","","","NOT_CHECKED",""
"R070","G Nuwa Phase1—5","主题3—5独立学派/代表选择与来源边界","NOT_STARTED","","","","","NOT_CHECKED",""
"R071","G Nuwa Phase1—5","主题路径第1个独立观点来源研究","NOT_STARTED","","","","","NOT_CHECKED",""
"R072","G Nuwa Phase1—5","主题路径第2个独立观点来源研究","NOT_STARTED","","","","","NOT_CHECKED",""
"R073","G Nuwa Phase1—5","主题路径第3个独立观点来源研究","NOT_STARTED","","","","","NOT_CHECKED",""
"R074","G Nuwa Phase1—5","主题路径第4个独立观点来源研究","NOT_STARTED","","","","","NOT_CHECKED",""
"R075","G Nuwa Phase1—5","主题路径第5个独立观点来源研究","NOT_STARTED","","","","","NOT_CHECKED",""
"R076","G Nuwa Phase1—5","Nuwa Phase1维度汇总与冲突账","NOT_STARTED","","","","","NOT_CHECKED",""
"R077","G Nuwa Phase1—5","Phase1.5调研质量审查与用户关口","NOT_STARTED","","","","","NOT_CHECKED",""
"R078","G Nuwa Phase1—5","Phase2心智模型独立提炼","NOT_STARTED","","","","","NOT_CHECKED",""
"R079","G Nuwa Phase1—5","Phase2启发式、表达DNA与诚实边界","NOT_STARTED","","","","","NOT_CHECKED",""
"R080","G Nuwa Phase1—5","Phase2.5模型与DNA用户确认","NOT_STARTED","","","","","NOT_CHECKED",""
"R081","G Nuwa Phase1—5","Phase3主题SKILL与Agentic Protocol","NOT_STARTED","","","","","NOT_CHECKED",""
"R082","G Nuwa Phase1—5","Phase4独立已知/边缘/表达实测","NOT_STARTED","","","","","NOT_CHECKED",""
"R083","G Nuwa Phase1—5","Phase4质量脚本、迭代上限和用户关口","NOT_STARTED","","","","","NOT_CHECKED",""
"R084","G Nuwa Phase1—5","Phase5独立优化主体A","NOT_STARTED","","","","","NOT_CHECKED",""
"R085","G Nuwa Phase1—5","Phase5独立优化主体B","NOT_STARTED","","","","","NOT_CHECKED",""
"R086","G Nuwa Phase1—5","Phase5合并改动、回归与用户确认","NOT_STARTED","","","","","NOT_CHECKED",""
"R087","H V13创作融合","统一创作技能路由/契约","NOT_STARTED","","","","","NOT_CHECKED",""
"R088","H V13创作融合","四臂盲测与长篇连续性压力","NOT_STARTED","","","","","NOT_CHECKED",""
"R089","H V13创作融合","GitHub出厂、干净会话恢复与用户验收","NOT_STARTED","","","","","NOT_CHECKED",""
