candidate_id	book	original_v13_1_round	new_v13_2_batch	method_order_in_batch	original_V1	original_V2	original_V3	original_task_ids	freeze_contract_batch	arm_parity	baseline_output	method_output	preregistered_assessment	independent_judging	v3_result	skill_certified
WM-f01	wanming	R068	B068	1	PASS	V2_WALKTHROUGH_PASS_LIMITED	NO_INCREMENTAL_GAIN_DEMONSTRATED_NONBLIND	WM-01,WM-03	B067	SAME_INPUT_SAME_CONSTRAINTS_ONLY_METHOD_CARD_DIFF	NOT_RUN	NOT_RUN	NOT_FROZEN_YET	NOT_ESTABLISHED	NOT_STARTED	NO
WM-f02	wanming	R068	B068	2	PASS	V2_WALKTHROUGH_PASS_LIMITED	NO_INCREMENTAL_GAIN_DEMONSTRATED_NONBLIND	WM-02,WM-07	B067	SAME_INPUT_SAME_CONSTRAINTS_ONLY_METHOD_CARD_DIFF	NOT_RUN	NOT_RUN	NOT_FROZEN_YET	NOT_ESTABLISHED	NOT_STARTED	NO
WM-f04	wanming	R068	B068	3	PASS	V2_WALKTHROUGH_PASS_LIMITED	NO_INCREMENTAL_GAIN_DEMONSTRATED_NONBLIND	WM-03,WM-04,WM-06	B067	SAME_INPUT_SAME_CONSTRAINTS_ONLY_METHOD_CARD_DIFF	NOT_RUN	NOT_RUN	NOT_FROZEN_YET	NOT_ESTABLISHED	NOT_STARTED	NO
WM-f06	wanming	R068	B068	4	PASS	V2_WALKTHROUGH_PASS_LIMITED	NO_INCREMENTAL_GAIN_DEMONSTRATED_NONBLIND	WM-01,WM-03	B067	SAME_INPUT_SAME_CONSTRAINTS_ONLY_METHOD_CARD_DIFF	NOT_RUN	NOT_RUN	NOT_FROZEN_YET	NOT_ESTABLISHED	NOT_STARTED	NO
WM-f08	wanming	R068	B068	5	PASS	V2_WALKTHROUGH_PASS_LIMITED	NO_INCREMENTAL_GAIN_DEMONSTRATED_NONBLIND	WM-05,WM-06	B067	SAME_INPUT_SAME_CONSTRAINTS_ONLY_METHOD_CARD_DIFF	NOT_RUN	NOT_RUN	NOT_FROZEN_YET	NOT_ESTABLISHED	NOT_STARTED	NO
WM-f10	wanming	R068	B068	6	PASS	V2_WALKTHROUGH_PASS_LIMITED	NO_INCREMENTAL_GAIN_DEMONSTRATED_NONBLIND	WM-06,WM-08	B067	SAME_INPUT_SAME_CONSTRAINTS_ONLY_METHOD_CARD_DIFF	NOT_RUN	NOT_RUN	NOT_FROZEN_YET	NOT_ESTABLISHED	NOT_STARTED	NO
WM-f12	wanming	R068	B068	7	PASS	V2_WALKTHROUGH_PASS_LIMITED	NO_INCREMENTAL_GAIN_DEMONSTRATED_NONBLIND	WM-07,WM-02	B067	SAME_INPUT_SAME_CONSTRAINTS_ONLY_METHOD_CARD_DIFF	NOT_RUN	NOT_RUN	NOT_FROZEN_YET	NOT_ESTABLISHED	NOT_STARTED	NO
WM-f13	wanming	R069	B068	8	PASS	V2_WALKTHROUGH_PASS_LIMITED	NO_INCREMENTAL_GAIN_DEMONSTRATED_NONBLIND	WM-09	B067	SAME_INPUT_SAME_CONSTRAINTS_ONLY_METHOD_CARD_DIFF	NOT_RUN	NOT_RUN	NOT_FROZEN_YET	NOT_ESTABLISHED	NOT_STARTED	NO
WM-f14	wanming	R069	B068	9	PASS	V2_WALKTHROUGH_PASS_LIMITED	NO_INCREMENTAL_GAIN_DEMONSTRATED_NONBLIND	WM-08,WM-06	B067	SAME_INPUT_SAME_CONSTRAINTS_ONLY_METHOD_CARD_DIFF	NOT_RUN	NOT_RUN	NOT_FROZEN_YET	NOT_ESTABLISHED	NOT_STARTED	NO
WM-p01	wanming	R069	B068	10	PASS	V2_WALKTHROUGH_PASS_LIMITED	NO_INCREMENTAL_GAIN_DEMONSTRATED_NONBLIND	WM-02,WM-04	B067	SAME_INPUT_SAME_CONSTRAINTS_ONLY_METHOD_CARD_DIFF	NOT_RUN	NOT_RUN	NOT_FROZEN_YET	NOT_ESTABLISHED	NOT_STARTED	NO
WM-p03	wanming	R069	B068	11	PASS	V2_WALKTHROUGH_PASS_LIMITED	NO_INCREMENTAL_GAIN_DEMONSTRATED_NONBLIND	WM-01,WM-08	B067	SAME_INPUT_SAME_CONSTRAINTS_ONLY_METHOD_CARD_DIFF	NOT_RUN	NOT_RUN	NOT_FROZEN_YET	NOT_ESTABLISHED	NOT_STARTED	NO
WM-p04	wanming	R069	B069	1	PASS	V2_WALKTHROUGH_PASS_LIMITED	NO_INCREMENTAL_GAIN_DEMONSTRATED_NONBLIND	WM-06	B067	SAME_INPUT_SAME_CONSTRAINTS_ONLY_METHOD_CARD_DIFF	NOT_RUN	NOT_RUN	NOT_FROZEN_YET	NOT_ESTABLISHED	NOT_STARTED	NO
WM-p05	wanming	R069	B069	2	PASS	V2_WALKTHROUGH_PASS_LIMITED	NO_INCREMENTAL_GAIN_DEMONSTRATED_NONBLIND	WM-03,WM-04	B067	SAME_INPUT_SAME_CONSTRAINTS_ONLY_METHOD_CARD_DIFF	NOT_RUN	NOT_RUN	NOT_FROZEN_YET	NOT_ESTABLISHED	NOT_STARTED	NO
WM-p07	wanming	R069	B069	3	PASS	V2_WALKTHROUGH_PASS_LIMITED	NO_INCREMENTAL_GAIN_DEMONSTRATED_NONBLIND	WM-05,WM-09	B067	SAME_INPUT_SAME_CONSTRAINTS_ONLY_METHOD_CARD_DIFF	NOT_RUN	NOT_RUN	NOT_FROZEN_YET	NOT_ESTABLISHED	NOT_STARTED	NO
WM-p08	wanming	R070	B069	4	PASS	V2_WALKTHROUGH_PASS_LIMITED	NO_INCREMENTAL_GAIN_DEMONSTRATED_NONBLIND	WM-01,WM-03	B067	SAME_INPUT_SAME_CONSTRAINTS_ONLY_METHOD_CARD_DIFF	NOT_RUN	NOT_RUN	NOT_FROZEN_YET	NOT_ESTABLISHED	NOT_STARTED	NO
WM-p12	wanming	R070	B069	5	PASS	V2_WALKTHROUGH_PASS_LIMITED	NO_INCREMENTAL_GAIN_DEMONSTRATED_NONBLIND	WM-03,WM-04	B067	SAME_INPUT_SAME_CONSTRAINTS_ONLY_METHOD_CARD_DIFF	NOT_RUN	NOT_RUN	NOT_FROZEN_YET	NOT_ESTABLISHED	NOT_STARTED	NO
WM-p14	wanming	R070	B069	6	PASS	V2_WALKTHROUGH_PASS_LIMITED	NO_INCREMENTAL_GAIN_DEMONSTRATED_NONBLIND	WM-08	B067	SAME_INPUT_SAME_CONSTRAINTS_ONLY_METHOD_CARD_DIFF	NOT_RUN	NOT_RUN	NOT_FROZEN_YET	NOT_ESTABLISHED	NOT_STARTED	NO
WM-p19	wanming	R070	B069	7	PASS	V2_WALKTHROUGH_PASS_LIMITED	NO_INCREMENTAL_GAIN_DEMONSTRATED_NONBLIND	WM-05,WM-09	B067	SAME_INPUT_SAME_CONSTRAINTS_ONLY_METHOD_CARD_DIFF	NOT_RUN	NOT_RUN	NOT_FROZEN_YET	NOT_ESTABLISHED	NOT_STARTED	NO
WM-p20	wanming	R070	B069	8	PASS	V2_WALKTHROUGH_PASS_LIMITED	NO_INCREMENTAL_GAIN_DEMONSTRATED_NONBLIND	WM-07,WM-08	B067	SAME_INPUT_SAME_CONSTRAINTS_ONLY_METHOD_CARD_DIFF	NOT_RUN	NOT_RUN	NOT_FROZEN_YET	NOT_ESTABLISHED	NOT_STARTED	NO
WM-p21	wanming	R070	B069	9	PASS	V2_WALKTHROUGH_PASS_LIMITED	NO_INCREMENTAL_GAIN_DEMONSTRATED_NONBLIND	WM-07	B067	SAME_INPUT_SAME_CONSTRAINTS_ONLY_METHOD_CARD_DIFF	NOT_RUN	NOT_RUN	NOT_FROZEN_YET	NOT_ESTABLISHED	NOT_STARTED	NO
WM-p23	wanming	R070	B069	10	PASS	V2_WALKTHROUGH_PASS_LIMITED	NO_INCREMENTAL_GAIN_DEMONSTRATED_NONBLIND	WM-09	B067	SAME_INPUT_SAME_CONSTRAINTS_ONLY_METHOD_CARD_DIFF	NOT_RUN	NOT_RUN	NOT_FROZEN_YET	NOT_ESTABLISHED	NOT_STARTED	NO
TX-f01	tiexuecanming	R071	B070	1	PASS	V2_WALKTHROUGH_PASS_LIMITED	NO_INCREMENTAL_GAIN_DEMONSTRATED_NONBLIND	TX-01,TX-08	B067	SAME_INPUT_SAME_CONSTRAINTS_ONLY_METHOD_CARD_DIFF	NOT_RUN	NOT_RUN	NOT_FROZEN_YET	NOT_ESTABLISHED	NOT_STARTED	NO
TX-f02	tiexuecanming	R071	B070	2	PASS	V2_WALKTHROUGH_PASS_LIMITED	NO_INCREMENTAL_GAIN_DEMONSTRATED_NONBLIND	TX-02,TX-03	B067	SAME_INPUT_SAME_CONSTRAINTS_ONLY_METHOD_CARD_DIFF	NOT_RUN	NOT_RUN	NOT_FROZEN_YET	NOT_ESTABLISHED	NOT_STARTED	NO
TX-f05	tiexuecanming	R071	B070	3	PASS	V2_WALKTHROUGH_PASS_LIMITED	NO_INCREMENTAL_GAIN_DEMONSTRATED_NONBLIND	TX-03,TX-05	B067	SAME_INPUT_SAME_CONSTRAINTS_ONLY_METHOD_CARD_DIFF	NOT_RUN	NOT_RUN	NOT_FROZEN_YET	NOT_ESTABLISHED	NOT_STARTED	NO
TX-f08	tiexuecanming	R071	B070	4	PASS	V2_WALKTHROUGH_PASS_LIMITED	NO_INCREMENTAL_GAIN_DEMONSTRATED_NONBLIND	TX-03,TX-05	B067	SAME_INPUT_SAME_CONSTRAINTS_ONLY_METHOD_CARD_DIFF	NOT_RUN	NOT_RUN	NOT_FROZEN_YET	NOT_ESTABLISHED	NOT_STARTED	NO
TX-f09	tiexuecanming	R071	B070	5	PASS	V2_WALKTHROUGH_PASS_LIMITED	NO_INCREMENTAL_GAIN_DEMONSTRATED_NONBLIND	TX-06,TX-07	B067	SAME_INPUT_SAME_CONSTRAINTS_ONLY_METHOD_CARD_DIFF	NOT_RUN	NOT_RUN	NOT_FROZEN_YET	NOT_ESTABLISHED	NOT_STARTED	NO
TX-f10	tiexuecanming	R071	B070	6	PASS	V2_WALKTHROUGH_PASS_LIMITED	NO_INCREMENTAL_GAIN_DEMONSTRATED_NONBLIND	TX-04,TX-07,TX-08	B067	SAME_INPUT_SAME_CONSTRAINTS_ONLY_METHOD_CARD_DIFF	NOT_RUN	NOT_RUN	NOT_FROZEN_YET	NOT_ESTABLISHED	NOT_STARTED	NO
TX-f11	tiexuecanming	R071	B070	7	PASS	V2_WALKTHROUGH_PASS_LIMITED	NO_INCREMENTAL_GAIN_DEMONSTRATED_NONBLIND	TX-01,TX-08	B067	SAME_INPUT_SAME_CONSTRAINTS_ONLY_METHOD_CARD_DIFF	NOT_RUN	NOT_RUN	NOT_FROZEN_YET	NOT_ESTABLISHED	NOT_STARTED	NO
TX-f12	tiexuecanming	R072	B070	8	PASS	V2_WALKTHROUGH_PASS_LIMITED	NO_INCREMENTAL_GAIN_DEMONSTRATED_NONBLIND	TX-06,TX-07	B067	SAME_INPUT_SAME_CONSTRAINTS_ONLY_METHOD_CARD_DIFF	NOT_RUN	NOT_RUN	NOT_FROZEN_YET	NOT_ESTABLISHED	NOT_STARTED	NO
TX-f13	tiexuecanming	R072	B070	9	PASS	V2_WALKTHROUGH_PASS_LIMITED	NO_INCREMENTAL_GAIN_DEMONSTRATED_NONBLIND	TX-02,TX-09	B067	SAME_INPUT_SAME_CONSTRAINTS_ONLY_METHOD_CARD_DIFF	NOT_RUN	NOT_RUN	NOT_FROZEN_YET	NOT_ESTABLISHED	NOT_STARTED	NO
TX-f16	tiexuecanming	R072	B071	1	PASS	V2_WALKTHROUGH_PASS_LIMITED	NO_INCREMENTAL_GAIN_DEMONSTRATED_NONBLIND	TX-04,TX-09,TX-10	B067	SAME_INPUT_SAME_CONSTRAINTS_ONLY_METHOD_CARD_DIFF	NOT_RUN	NOT_RUN	NOT_FROZEN_YET	NOT_ESTABLISHED	NOT_STARTED	NO
TX-p01	tiexuecanming	R072	B071	2	PASS	V2_WALKTHROUGH_PASS_LIMITED	NO_INCREMENTAL_GAIN_DEMONSTRATED_NONBLIND	TX-01	B067	SAME_INPUT_SAME_CONSTRAINTS_ONLY_METHOD_CARD_DIFF	NOT_RUN	NOT_RUN	NOT_FROZEN_YET	NOT_ESTABLISHED	NOT_STARTED	NO
TX-p03	tiexuecanming	R072	B071	3	PASS	V2_WALKTHROUGH_PASS_LIMITED	NO_INCREMENTAL_GAIN_DEMONSTRATED_NONBLIND	TX-02,TX-09	B067	SAME_INPUT_SAME_CONSTRAINTS_ONLY_METHOD_CARD_DIFF	NOT_RUN	NOT_RUN	NOT_FROZEN_YET	NOT_ESTABLISHED	NOT_STARTED	NO
TX-p04	tiexuecanming	R072	B071	4	PASS	V2_WALKTHROUGH_PASS_LIMITED	NO_INCREMENTAL_GAIN_DEMONSTRATED_NONBLIND	TX-03,TX-04	B067	SAME_INPUT_SAME_CONSTRAINTS_ONLY_METHOD_CARD_DIFF	NOT_RUN	NOT_RUN	NOT_FROZEN_YET	NOT_ESTABLISHED	NOT_STARTED	NO
TX-p05	tiexuecanming	R072	B071	5	PASS	V2_WALKTHROUGH_PASS_LIMITED	NO_INCREMENTAL_GAIN_DEMONSTRATED_NONBLIND	TX-04	B067	SAME_INPUT_SAME_CONSTRAINTS_ONLY_METHOD_CARD_DIFF	NOT_RUN	NOT_RUN	NOT_FROZEN_YET	NOT_ESTABLISHED	NOT_STARTED	NO
TX-p06	tiexuecanming	R073	B071	6	PASS	V2_WALKTHROUGH_PASS_LIMITED	NO_INCREMENTAL_GAIN_DEMONSTRATED_NONBLIND	TX-06	B067	SAME_INPUT_SAME_CONSTRAINTS_ONLY_METHOD_CARD_DIFF	NOT_RUN	NOT_RUN	NOT_FROZEN_YET	NOT_ESTABLISHED	NOT_STARTED	NO
TX-p07	tiexuecanming	R073	B071	7	PASS	V2_WALKTHROUGH_PASS_LIMITED	NO_INCREMENTAL_GAIN_DEMONSTRATED_NONBLIND	TX-05,TX-08	B067	SAME_INPUT_SAME_CONSTRAINTS_ONLY_METHOD_CARD_DIFF	NOT_RUN	NOT_RUN	NOT_FROZEN_YET	NOT_ESTABLISHED	NOT_STARTED	NO
TX-p08	tiexuecanming	R073	B071	8	PASS	V2_WALKTHROUGH_PASS_LIMITED	NO_INCREMENTAL_GAIN_DEMONSTRATED_NONBLIND	TX-05	B067	SAME_INPUT_SAME_CONSTRAINTS_ONLY_METHOD_CARD_DIFF	NOT_RUN	NOT_RUN	NOT_FROZEN_YET	NOT_ESTABLISHED	NOT_STARTED	NO
TX-p09	tiexuecanming	R073	B071	9	PASS	V2_WALKTHROUGH_PASS_LIMITED	NO_INCREMENTAL_GAIN_DEMONSTRATED_NONBLIND	TX-03	B067	SAME_INPUT_SAME_CONSTRAINTS_ONLY_METHOD_CARD_DIFF	NOT_RUN	NOT_RUN	NOT_FROZEN_YET	NOT_ESTABLISHED	NOT_STARTED	NO
TX-p11	tiexuecanming	R073	B072	1	PASS	V2_WALKTHROUGH_PASS_LIMITED	NO_INCREMENTAL_GAIN_DEMONSTRATED_NONBLIND	TX-01,TX-08	B067	SAME_INPUT_SAME_CONSTRAINTS_ONLY_METHOD_CARD_DIFF	NOT_RUN	NOT_RUN	NOT_FROZEN_YET	NOT_ESTABLISHED	NOT_STARTED	NO
TX-p12	tiexuecanming	R073	B072	2	PASS	V2_WALKTHROUGH_PASS_LIMITED	NO_INCREMENTAL_GAIN_DEMONSTRATED_NONBLIND	TX-02,TX-05	B067	SAME_INPUT_SAME_CONSTRAINTS_ONLY_METHOD_CARD_DIFF	NOT_RUN	NOT_RUN	NOT_FROZEN_YET	NOT_ESTABLISHED	NOT_STARTED	NO
TX-p13	tiexuecanming	R074	B072	3	PASS	V2_WALKTHROUGH_PASS_LIMITED	NO_INCREMENTAL_GAIN_DEMONSTRATED_NONBLIND	TX-06	B067	SAME_INPUT_SAME_CONSTRAINTS_ONLY_METHOD_CARD_DIFF	NOT_RUN	NOT_RUN	NOT_FROZEN_YET	NOT_ESTABLISHED	NOT_STARTED	NO
TX-p14	tiexuecanming	R074	B072	4	PASS	V2_WALKTHROUGH_PASS_LIMITED	NO_INCREMENTAL_GAIN_DEMONSTRATED_NONBLIND	TX-07	B067	SAME_INPUT_SAME_CONSTRAINTS_ONLY_METHOD_CARD_DIFF	NOT_RUN	NOT_RUN	NOT_FROZEN_YET	NOT_ESTABLISHED	NOT_STARTED	NO
TX-p17	tiexuecanming	R074	B072	5	PASS	V2_WALKTHROUGH_PASS_LIMITED	NO_INCREMENTAL_GAIN_DEMONSTRATED_NONBLIND	TX-09,TX-06	B067	SAME_INPUT_SAME_CONSTRAINTS_ONLY_METHOD_CARD_DIFF	NOT_RUN	NOT_RUN	NOT_FROZEN_YET	NOT_ESTABLISHED	NOT_STARTED	NO
TX-p19	tiexuecanming	R074	B072	6	PASS	V2_WALKTHROUGH_PASS_LIMITED	NO_INCREMENTAL_GAIN_DEMONSTRATED_NONBLIND	TX-09	B067	SAME_INPUT_SAME_CONSTRAINTS_ONLY_METHOD_CARD_DIFF	NOT_RUN	NOT_RUN	NOT_FROZEN_YET	NOT_ESTABLISHED	NOT_STARTED	NO
TX-p20	tiexuecanming	R074	B072	7	PASS	V2_WALKTHROUGH_PASS_LIMITED	NO_INCREMENTAL_GAIN_DEMONSTRATED_NONBLIND	TX-08,TX-05	B067	SAME_INPUT_SAME_CONSTRAINTS_ONLY_METHOD_CARD_DIFF	NOT_RUN	NOT_RUN	NOT_FROZEN_YET	NOT_ESTABLISHED	NOT_STARTED	NO
TX-p21	tiexuecanming	R074	B072	8	PASS	V2_WALKTHROUGH_PASS_LIMITED	NO_INCREMENTAL_GAIN_DEMONSTRATED_NONBLIND	TX-04,TX-10	B067	SAME_INPUT_SAME_CONSTRAINTS_ONLY_METHOD_CARD_DIFF	NOT_RUN	NOT_RUN	NOT_FROZEN_YET	NOT_ESTABLISHED	NOT_STARTED	NO
