id,phase,title,status,started_at,passed_at,commit_sha,result_path,gate_status,legacy_round,notes
"R001","A 准备","建立V13清洁仓库与权威状态","PASSED","2026-10-09","2026-10-09","fbd6d37f7458d0e28413ed9a76100dc4283a16eb","runs/R001.md","PASSED","R001","INHERITED_PASSED_READONLY_HISTORICAL; SEE original ROUND_LEDGER.csv"
"R002","A 准备","V13原著SHA/EPUB叙事章映射","PASSED","2026-10-09","2026-10-09","8bcf4d40c37d94986072a879ffe4b01108baab17","runs/R002.md","PASSED","R002","INHERITED_PASSED_READONLY_HISTORICAL; SEE original ROUND_LEDGER.csv"
"R003","A 准备","仓颉原版输入和环境自检","PASSED","2026-10-09","2026-10-09","7512b4d12477201c9aee5ec0cc9927735eb478ca","runs/R003.md","PASSED","R003","INHERITED_PASSED_READONLY_HISTORICAL; SEE original ROUND_LEDGER.csv"
"R004","A 准备","女娲Phase0正式范围与档位","PASSED","2026-10-09","2026-10-09","26794e5027495b4b843846ce92d0a4d1ec67a190","runs/R004.md","PASSED","R004","INHERITED_PASSED_READONLY_HISTORICAL; SEE original ROUND_LEDGER.csv"
"R005","A 准备","女娲Phase0.5独立目录","PASSED","2026-10-09","2026-10-09","0fc17ca54793193f80cf58867e9d4c968cf41c0c","runs/R005.md","PASSED","R005","INHERITED_PASSED_READONLY_HISTORICAL; SEE original ROUND_LEDGER.csv"
"R006","A 准备","冻结Stage0阅读证据合同和保留盲测","PASSED","2026-10-09","2026-10-09","9a9b9d1fc2d77119e9e373d03e24e200c4dd6d96","runs/R006.md","PASSED","R006","INHERITED_PASSED_READONLY_HISTORICAL; SEE original ROUND_LEDGER.csv"
"R007","B Cangjie Stage0原著阅读","《晚明》全文第001—040章","PASSED","2026-10-09","2026-10-09","d9e50da4636fc4416bee6594eda2d661e8acb209","runs/R007.md","PASSED","R007","INHERITED_PASSED_READONLY_HISTORICAL; SEE original ROUND_LEDGER.csv"
"R008","B Cangjie Stage0原著阅读","《铁血残明》全文第001—040章","PASSED","2026-10-09","2026-10-09","9527708bda68222577da3a5ade7cdeb8cf6b1f9e","runs/R008.md","PASSED","R008","INHERITED_PASSED_READONLY_HISTORICAL; SEE original ROUND_LEDGER.csv"
"R009","B Cangjie Stage0原著阅读","《晚明》全文第041—080章","PASSED","2026-10-09","2026-10-09","4a647d27a1ce69b66b00703144576ae541f32423","runs/R009.md","PASSED","R009","INHERITED_PASSED_READONLY_HISTORICAL; SEE original ROUND_LEDGER.csv"
"R010","B Cangjie Stage0原著阅读","《铁血残明》全文第041—080章","PASSED","2026-10-09","2026-10-09","7fa4fee3092899230b139a93baa0758c98a8ffec","runs/R010.md","PASSED","R010","INHERITED_PASSED_READONLY_HISTORICAL; SEE original ROUND_LEDGER.csv"
"R011","B Cangjie Stage0原著阅读","《晚明》全文第081—120章","PASSED","2026-10-09","2026-10-09","7581f6edc745fbed1c5cc01264d6308e3a6c6a9b","runs/R011.md","PASSED","R011","INHERITED_PASSED_READONLY_HISTORICAL; SEE original ROUND_LEDGER.csv"
"R012","B Cangjie Stage0原著阅读","《铁血残明》全文第081—120章","PASSED","2026-10-09","2026-10-09","587af366b1e023523a6185334f14a83e56a68efa","runs/R012.md","PASSED","R012","INHERITED_PASSED_READONLY_HISTORICAL; SEE original ROUND_LEDGER.csv"
"R013","B Cangjie Stage0原著阅读","《晚明》全文第121—160章","PASSED","2026-10-09","2026-10-09","32ae7efad68e65c43e9d0a4b8795d4843c90b76f","runs/R013.md","PASSED","R013","INHERITED_PASSED_READONLY_HISTORICAL; SEE original ROUND_LEDGER.csv"
"R014","B Cangjie Stage0原著阅读","《铁血残明》全文第121—160章","PASSED","2026-10-09","2026-10-09","9d243224144d8cb227cbf05ce2362b34509fd1a3","runs/R014.md","PASSED","R014","INHERITED_PASSED_READONLY_HISTORICAL; SEE original ROUND_LEDGER.csv"
"R015","B Cangjie Stage0原著阅读","《晚明》全文第161—200章","PASSED","2026-10-09","2026-10-09","6e854ceedb749cdc5ec3ab3f7775b1c29b22a3b9","runs/R015.md","PASSED","R015","INHERITED_PASSED_READONLY_HISTORICAL; SEE original ROUND_LEDGER.csv"
"R016","B Cangjie Stage0原著阅读","《铁血残明》全文第161—200章","PASSED","2026-10-09","2026-10-09","f52033770cd7ce9af138864cb487ba8e1ba0bac2","runs/R016.md","PASSED","R016","INHERITED_PASSED_READONLY_HISTORICAL; SEE original ROUND_LEDGER.csv"
"R017","B Cangjie Stage0原著阅读","《晚明》全文第201—240章","PASSED","2026-10-09","2026-10-09","e482041e45a25062f51a65101d6a67cc43ad8837","runs/R017.md","PASSED","R017","INHERITED_PASSED_READONLY_HISTORICAL; SEE original ROUND_LEDGER.csv"
"R018","B Cangjie Stage0原著阅读","《铁血残明》全文第201—240章","PASSED","2026-10-09","2026-10-09","0a33d75cd158000a792c8bea729620259ed27841","runs/R018.md","PASSED","R018","INHERITED_PASSED_READONLY_HISTORICAL; SEE original ROUND_LEDGER.csv"
"R019","B Cangjie Stage0原著阅读","《晚明》全文第241—280章","PASSED","2026-10-09","2026-10-09","26eea37d907c75c1322303bcc7479215794b2cda","runs/R019.md","PASSED","R019","INHERITED_PASSED_READONLY_HISTORICAL; SEE original ROUND_LEDGER.csv"
"R020","B Cangjie Stage0原著阅读","《铁血残明》全文第241—280章","PASSED","2026-10-09","2026-10-09","670e6e30d470fbecc700af5eaff0e07bed8bf08d","runs/R020.md","PASSED","R020","INHERITED_PASSED_READONLY_HISTORICAL; SEE original ROUND_LEDGER.csv"
"R021","B Cangjie Stage0原著阅读","《晚明》全文第281—320章","PASSED","2026-10-09","2026-10-09","a465d6046adc7c643a9f54699bdf6760924c0bc7","runs/R021.md","PASSED","R021","INHERITED_PASSED_READONLY_HISTORICAL; SEE original ROUND_LEDGER.csv"
"R022","B Cangjie Stage0原著阅读","《铁血残明》全文第281—320章","PASSED","2026-10-09","2026-10-09","76a0cc56d88697027363e2889e9c03b9f8c13385","runs/R022.md","PASSED","R022","INHERITED_PASSED_READONLY_HISTORICAL; SEE original ROUND_LEDGER.csv"
"R023","B Cangjie Stage0原著阅读","《晚明》全文第321—360章","PASSED","2026-10-09","2026-10-09","fab3de1a31ebf4f51667d6d48bb0a1ab3dcdc0af","runs/R023.md","PASSED","R023","INHERITED_PASSED_READONLY_HISTORICAL; SEE original ROUND_LEDGER.csv"
"R024","B Cangjie Stage0原著阅读","《铁血残明》全文第321—360章","PASSED","2026-10-09","2026-10-09","0fd360c5a6ae46d1b6389a7b10c54cc79e72b4a2","runs/R024.md","PASSED","R024","INHERITED_PASSED_READONLY_HISTORICAL; SEE original ROUND_LEDGER.csv"
"R025","B Cangjie Stage0原著阅读","《晚明》全文第361—400章","PASSED","2026-10-09","2026-10-09","a2e8a39ce1092f9c905ffa8a38617d8281d2873c","runs/R025.md","PASSED","R025","INHERITED_PASSED_READONLY_HISTORICAL; SEE original ROUND_LEDGER.csv"
"R026","B Cangjie Stage0原著阅读","《铁血残明》全文第361—400章","PASSED","2026-10-09","2026-10-09","1d871aec8bc953d3311d0872495c0a6a9b6f08e4","runs/R026.md","PASSED","R026","INHERITED_PASSED_READONLY_HISTORICAL; SEE original ROUND_LEDGER.csv"
"R027","B Cangjie Stage0原著阅读","《晚明》全文第401—440章","PASSED","2026-10-09","2026-10-09","8bcdef3370d5d8c2a7feeb0b127985856ff1e2b2","runs/R027.md","PASSED","R027","INHERITED_PASSED_READONLY_HISTORICAL; SEE original ROUND_LEDGER.csv"
"R028","B Cangjie Stage0原著阅读","《铁血残明》全文第401—440章","PASSED","2026-10-09","2026-10-09","02c84d5b913e0a56d6b6f3ab90e3f4f7fe21d8c4","runs/R028.md","PASSED","R028","INHERITED_PASSED_READONLY_HISTORICAL; SEE original ROUND_LEDGER.csv"
"R029","B Cangjie Stage0原著阅读","《晚明》全文第441—480章","PASSED","2026-10-09","2026-10-09","e5ecbc13f84f79e5af31a0b68895c942b1fc5340","runs/R029.md","PASSED","R029","INHERITED_PASSED_READONLY_HISTORICAL; SEE original ROUND_LEDGER.csv"
"R030","B Cangjie Stage0原著阅读","《铁血残明》全文第441—480章","PASSED","2026-10-09","2026-10-09","0965ac07c122dae5724bf41fc16934379414b83b","runs/R030.md","PASSED","R030","INHERITED_PASSED_READONLY_HISTORICAL; SEE original ROUND_LEDGER.csv"
"R031","B Cangjie Stage0原著阅读","《晚明》全文第481—520章","PASSED","2026-10-09","2026-10-09","6e4170139b09adafe32fdf58ec3356c57f6dbcfa","runs/R031.md","PASSED","R031","INHERITED_PASSED_READONLY_HISTORICAL; SEE original ROUND_LEDGER.csv"
"R032","B Cangjie Stage0原著阅读","《铁血残明》全文第481—520章","PASSED","2026-10-09","2026-10-09","e7c6b8f44861adc25512f26ffbaf67fe5a98df47","runs/R032.md","PASSED","R032","INHERITED_PASSED_READONLY_HISTORICAL; SEE original ROUND_LEDGER.csv"
"R033","B Cangjie Stage0原著阅读","《晚明》全文第521—560章","PASSED","2026-10-09","2026-10-09","07f99698d2968e2538a564f182bd3450d53b781d","runs/R033.md","PASSED","R033","INHERITED_PASSED_READONLY_HISTORICAL; SEE original ROUND_LEDGER.csv"
"R034","B Cangjie Stage0原著阅读","《铁血残明》全文第521—532章","PASSED","2026-10-09","2026-10-09","ebfab7bde7a52701ba82179ef03fc8d7da1f57a0","runs/R034.md","PASSED","R034","INHERITED_PASSED_READONLY_HISTORICAL; SEE original ROUND_LEDGER.csv"
"R035","B Cangjie Stage0原著阅读","《晚明》全文第561—571章","PASSED","2026-10-09","2026-10-09","ee2ca19c93f08de0a79d298f351176dfb2785d12","runs/R035.md","PASSED","R035","INHERITED_PASSED_READONLY_HISTORICAL; SEE original ROUND_LEDGER.csv"
"R036","C Adler与确认","《晚明》Stage0结构分析","PASSED","2026-10-09","2026-10-09","75c11bf8fcba974cb520f21b90c37a9cca0dca06","runs/R036.md","PASSED","R036","INHERITED_PASSED_READONLY_HISTORICAL; SEE original ROUND_LEDGER.csv"
"R037","C Adler与确认","《晚明》Stage0解释分析","PASSED","2026-10-09","2026-10-09","46a9c22f7239034c6274b42662e5cfee6b84e6b2","runs/R037.md","PASSED","R037","INHERITED_PASSED_READONLY_HISTORICAL; SEE original ROUND_LEDGER.csv"
"R038","C Adler与确认","《晚明》Stage0批判与应用","PASSED","2026-10-09","2026-10-09","1978c979c8a5804d5f8f6d87b0dbf949b67cb348","runs/R038.md","PASSED","R038","INHERITED_PASSED_READONLY_HISTORICAL; SEE original ROUND_LEDGER.csv"
"R039","C Adler与确认","《铁血残明》Stage0结构分析","PASSED","2026-10-09","2026-10-09","574b02f6886893526daebf30b52b0d4f28c7e402","runs/R039.md","PASSED","R039","INHERITED_PASSED_READONLY_HISTORICAL; SEE original ROUND_LEDGER.csv"
"R040","C Adler与确认","《铁血残明》Stage0解释分析","PASSED","2026-10-09","2026-10-09","57b7f0132646bcc79403daccad7fd2a297949fb0","runs/R040.md","PASSED","R040","INHERITED_PASSED_READONLY_HISTORICAL; SEE original ROUND_LEDGER.csv"
"R041","C Adler与确认","《铁血残明》Stage0批判与应用","PASSED","2026-10-09","2026-10-09","7dc489d64bf1291dfcd7e4190879e74418b66b52","runs/R041.md","PASSED","R041","INHERITED_PASSED_READONLY_HISTORICAL; SEE original ROUND_LEDGER.csv"
"R042","C Adler与确认","两书BOOK_OVERVIEW与Stage0用户关口","PASSED","2026-10-09","2026-10-09","92a28cb1f7f2a5348b604a42e1a5d247a3113506","runs/R042.md","PASSED","R042","INHERITED_PASSED_READONLY_HISTORICAL; SEE original ROUND_LEDGER.csv"
"R043","D Stage1五提取器","《晚明》框架提取器独立执行","PASSED","2026-10-09","2026-10-09","","runs/R043.md","PASSED","R043","INHERITED_PASSED_READONLY_HISTORICAL; SEE original ROUND_LEDGER.csv"
"R044","D Stage1五提取器","《晚明》原则提取器独立执行","PASSED","2026-10-09","2026-10-09","","runs/R044.md","PASSED","R044","INHERITED_PASSED_READONLY_HISTORICAL; SEE original ROUND_LEDGER.csv"
"R045","D Stage1五提取器","《晚明》案例提取器独立执行","PASSED","2026-10-09","2026-10-09","","runs/R045.md","PASSED","R045","INHERITED_PASSED_READONLY_HISTORICAL; SEE original ROUND_LEDGER.csv"
"R046","D Stage1五提取器","《晚明》反例提取器独立执行","PASSED","2026-10-09","2026-10-09","","runs/R046.md","PASSED","R046","INHERITED_PASSED_READONLY_HISTORICAL; SEE original ROUND_LEDGER.csv"
"R047","D Stage1五提取器","《晚明》术语提取器独立执行","PASSED","2026-10-09","2026-10-09","","runs/R047.md","PASSED","R047","INHERITED_PASSED_READONLY_HISTORICAL; SEE original ROUND_LEDGER.csv"
"R048","D Stage1五提取器","《铁血残明》框架提取器独立执行","PASSED","2026-10-09","2026-10-09","","runs/R048.md","PASSED","R048","INHERITED_PASSED_READONLY_HISTORICAL; SEE original ROUND_LEDGER.csv"
"R049","D Stage1五提取器","《铁血残明》原则提取器独立执行","PASSED","2026-10-09","2026-10-09","7a2270ecb55da1cdc65d34d48da3be62d8daf75d","runs/R049.md","PASSED","R049","INHERITED_PASSED_READONLY_HISTORICAL; SEE original ROUND_LEDGER.csv"
"R050","D Stage1五提取器","《铁血残明》案例提取器独立执行","PASSED","2026-10-09","2026-10-09","28528936f4d7a7c1e73224ece2a9323729e31812","runs/R050.md","PASSED","R050","INHERITED_PASSED_READONLY_HISTORICAL; SEE original ROUND_LEDGER.csv"
"R051","D Stage1五提取器","《铁血残明》反例提取器独立执行","PASSED","2026-10-10","2026-10-10","c5588e70d98baa9474ed4fa21eea73a354dca685","runs/R051.md","PASSED","R051","INHERITED_PASSED_READONLY_HISTORICAL; SEE original ROUND_LEDGER.csv"
"R052","D Stage1五提取器","《铁血残明》术语提取器独立执行","PASSED","2026-10-10","2026-10-10","fcefbbfc75592852ae1e167becfa7269a6a129c2","runs/R052.md","PASSED","R052","INHERITED_PASSED_READONLY_HISTORICAL; SEE original ROUND_LEDGER.csv"
"R053","E Stage1.5三重验证","两书候选合并、去重与任务覆盖","PASSED","2026-10-10","2026-10-10","e4d795c0e2dcdc7527a8746829a1505f7e425354","runs/R053.md","PASSED","R053","INHERITED_PASSED_READONLY_HISTORICAL; SEE original ROUND_LEDGER.csv"
"R054","E Stage1.5三重验证","Stage1.5 V1来源充分性","PASSED","2026-10-10","2026-10-10","a03e625a80054fffbd8375424c0c3f3e5a1145e2","runs/R054.md","PASSED","R054","INHERITED_PASSED_READONLY_HISTORICAL; SEE original ROUND_LEDGER.csv"
"R055","E Stage1.5三重验证","Stage1.5 V2合法新输入可执行","PASSED","2026-10-10","2026-10-10","4ef0470af41039760bbdc4ab5bdfcc32d4231d85","runs/R055.md","PASSED","R055","INHERITED_PASSED_READONLY_HISTORICAL; SEE original ROUND_LEDGER.csv"
"R056","E Stage1.5三重验证","Stage1.5 V3任务增益","PASSED","2026-10-10","2026-10-10","92b63c63b72b6303bdf810fb32e1b389aac03fbe","runs/R056.md","PASSED","R056","INHERITED_PASSED_READONLY_HISTORICAL; SEE original ROUND_LEDGER.csv"
"R057","I 审计恢复","遗留冻结问题全量锁定与风险分层","NOT_STARTED","","","","","AUTO","NEW","旧R007—R024、R042、R054—R057；R006原文证据合同"
"R058","I 旧源风险","R008—R015及R017高风险文学证据定向补审","NOT_STARTED","","","","","AUTO","NEW","cangjie/reading/STAGE0_QUALITY_DEBT_AUDIT.md; STAGE0_QUALITY_CONTROL_POLICY.md"
"R059","I 旧源风险","R007、R016、R018—R024纠正与中风险文学证据补审","NOT_STARTED","","","","","AUTO","NEW","R007、R016、R018—R024原章证据和质量债"
"R060","I 旧源隔离","《晚明》R042历史隔离旧主张7条逐项处置","NOT_STARTED","","","","","AUTO","NEW","R042_OLD_CLAIM_QUARANTINE.tsv; gates/R057_LEGACY_QUARANTINE.tsv"
"R061","I 旧源隔离","《铁血残明》R042历史隔离旧主张7条逐项处置","NOT_STARTED","","","","","AUTO","NEW","R042_OLD_CLAIM_QUARANTINE.tsv; gates/R057_LEGACY_QUARANTINE.tsv"
"R062","I 文学汇总","两书BOOK_OVERVIEW与任务清单的质量债闭合映射","NOT_STARTED","","","","","AUTO","NEW","R042批准原overview、R058-R061单轮审计"
"R063","J V1补证","《晚明》23条V1 REVIEW逐项复核","NOT_STARTED","","","","","AUTO","NEW","gates/R057_REPAIR_V1_39_QUEUE.tsv; books/wanming/validation/V1_EVIDENCE.tsv"
"R064","J V1补证","《铁血残明》16条V1 REVIEW逐项复核","NOT_STARTED","","","","","AUTO","NEW","gates/R057_REPAIR_V1_39_QUEUE.tsv; books/tiexuecanming/validation/V1_EVIDENCE.tsv"
"R065","J V2补证","《晚明》5条原V2未测及新V1通过方法演练","NOT_STARTED","","","","","AUTO","NEW","R055历史19新任务；R063结果"
"R066","J V2补证","《铁血残明》6条原V2未测及新V1通过方法演练","NOT_STARTED","","","","","AUTO","NEW","R055历史任务；R064结果"
"R067","K V3合同","V3逐方法对照冻结与47条全量任务分配","NOT_STARTED","","","","","AUTO","NEW","R056已知201:203负例；gates/R057_FULL47_V3_EXECUTION.md"
"R068","K V3逐项核验","《晚明》V3逐方法对照 第1/3批（7条）","NOT_STARTED","","","","","AUTO","NEW","R067合同，原V1/V2 R054/R055记录；确切ID WM-f01,WM-f02,WM-f04,WM-f06,WM-f08,WM-f10,WM-f12"
"R069","K V3逐项核验","《晚明》V3逐方法对照 第2/3批（7条）","NOT_STARTED","","","","","AUTO","NEW","R067合同，原V1/V2 R054/R055记录；确切ID WM-f13,WM-f14,WM-p01,WM-p03,WM-p04,WM-p05,WM-p07"
"R070","K V3逐项核验","《晚明》V3逐方法对照 第3/3批（7条）","NOT_STARTED","","","","","AUTO","NEW","R067合同，原V1/V2 R054/R055记录；确切ID WM-p08,WM-p12,WM-p14,WM-p19,WM-p20,WM-p21,WM-p23"
"R071","K V3逐项核验","《铁血残明》V3逐方法对照 第1/4批（7条）","NOT_STARTED","","","","","AUTO","NEW","R067合同，来源R055 TX已有26方法；确切ID TX-f01,TX-f02,TX-f05,TX-f08,TX-f09,TX-f10,TX-f11"
"R072","K V3逐项核验","《铁血残明》V3逐方法对照 第2/4批（7条）","NOT_STARTED","","","","","AUTO","NEW","R067合同，来源R055 TX已有26方法；确切ID TX-f12,TX-f13,TX-f16,TX-p01,TX-p03,TX-p04,TX-p05"
"R073","K V3逐项核验","《铁血残明》V3逐方法对照 第3/4批（6条）","NOT_STARTED","","","","","AUTO","NEW","R067合同，来源R055 TX已有26方法；确切ID TX-p06,TX-p07,TX-p08,TX-p09,TX-p11,TX-p12"
"R074","K V3逐项核验","《铁血残明》V3逐方法对照 第4/4批（6条）","NOT_STARTED","","","","","AUTO","NEW","R067合同，来源R055 TX已有26方法；确切ID TX-p13,TX-p14,TX-p17,TX-p19,TX-p20,TX-p21"
"R075","K V3补充","《晚明》新获V2合格方法的V3闭环与边界补证","NOT_STARTED","","","","","AUTO","NEW","R063、R065与隔离来源复核"
"R076","K V3补充","《铁血残明》新获V2合格方法的V3闭环与边界补证","NOT_STARTED","","","","","AUTO","NEW","R064、R066与隔离来源复核"
"R077","K 质量审计","两书全部47条V3证据及新增方法独立性、反例、任务覆盖总审计","NOT_STARTED","","","","","AUTO","NEW","R067—R076真实研究输出、R056不公平基线诊断"
"R078","L Stage1.5验收","更新四类分流、coverage-audit与新版用户确认","NOT_STARTED","","","","","MANDATORY_USER_CONFIRM","NEW","旧R057文件及本新版R057—R077全部证据"
"R079","F Stage1.6—Stage5","Stage1.6独立Skill晋级门","NOT_STARTED","","","","","NOT_CHECKED","R058","OLD ID R058 mapped +21"
"R080","F Stage1.6—Stage5","《晚明》RIA++与Bundle","NOT_STARTED","","","","","NOT_CHECKED","R059","OLD ID R059 mapped +21"
"R081","F Stage1.6—Stage5","《铁血残明》RIA++与Bundle","NOT_STARTED","","","","","NOT_CHECKED","R060","OLD ID R060 mapped +21"
"R082","F Stage1.6—Stage5","《晚明》Zettelkasten依赖与术语","NOT_STARTED","","","","","NOT_CHECKED","R061","OLD ID R061 mapped +21"
"R083","F Stage1.6—Stage5","《铁血残明》Zettelkasten依赖与术语","NOT_STARTED","","","","","NOT_CHECKED","R062","OLD ID R062 mapped +21"
"R084","F Stage1.6—Stage5","《晚明》Stage4触发/路由压测","NOT_STARTED","","","","","NOT_CHECKED","R063","OLD ID R063 mapped +21"
"R085","F Stage1.6—Stage5","《铁血残明》Stage4触发/路由压测","NOT_STARTED","","","","","NOT_CHECKED","R064","OLD ID R064 mapped +21"
"R086","F Stage1.6—Stage5","《晚明》Stage4真实任务输出压测","NOT_STARTED","","","","","NOT_CHECKED","R065","OLD ID R065 mapped +21"
"R087","F Stage1.6—Stage5","《铁血残明》Stage4真实任务输出压测","NOT_STARTED","","","","","NOT_CHECKED","R066","OLD ID R066 mapped +21"
"R088","F Stage1.6—Stage5","Stage4失败回炉与回归","NOT_STARTED","","","","","NOT_CHECKED","R067","OLD ID R067 mapped +21"
"R089","F Stage1.6—Stage5","《晚明》Stage5编译与DIGEST","NOT_STARTED","","","","","NOT_CHECKED","R068","OLD ID R068 mapped +21"
"R090","F Stage1.6—Stage5","《铁血残明》Stage5编译与DIGEST","NOT_STARTED","","","","","NOT_CHECKED","R069","OLD ID R069 mapped +21"
"R091","G Nuwa Phase1—5","主题3—5独立学派/代表选择与来源边界","NOT_STARTED","","","","","NOT_CHECKED","R070","OLD ID R070 mapped +21"
"R092","G Nuwa Phase1—5","主题路径第1个独立观点来源研究","NOT_STARTED","","","","","NOT_CHECKED","R071","OLD ID R071 mapped +21"
"R093","G Nuwa Phase1—5","主题路径第2个独立观点来源研究","NOT_STARTED","","","","","NOT_CHECKED","R072","OLD ID R072 mapped +21"
"R094","G Nuwa Phase1—5","主题路径第3个独立观点来源研究","NOT_STARTED","","","","","NOT_CHECKED","R073","OLD ID R073 mapped +21"
"R095","G Nuwa Phase1—5","主题路径第4个独立观点来源研究","NOT_STARTED","","","","","NOT_CHECKED","R074","OLD ID R074 mapped +21"
"R096","G Nuwa Phase1—5","主题路径第5个独立观点来源研究","NOT_STARTED","","","","","NOT_CHECKED","R075","OLD ID R075 mapped +21"
"R097","G Nuwa Phase1—5","Nuwa Phase1维度汇总与冲突账","NOT_STARTED","","","","","NOT_CHECKED","R076","OLD ID R076 mapped +21"
"R098","G Nuwa Phase1—5","Phase1.5调研质量审查与用户关口","NOT_STARTED","","","","","MANDATORY_USER_CONFIRM","R077","OLD ID R077 mapped +21"
"R099","G Nuwa Phase1—5","Phase2心智模型独立提炼","NOT_STARTED","","","","","NOT_CHECKED","R078","OLD ID R078 mapped +21"
"R100","G Nuwa Phase1—5","Phase2启发式、表达DNA与诚实边界","NOT_STARTED","","","","","NOT_CHECKED","R079","OLD ID R079 mapped +21"
"R101","G Nuwa Phase1—5","Phase2.5模型与DNA用户确认","NOT_STARTED","","","","","MANDATORY_USER_CONFIRM","R080","OLD ID R080 mapped +21"
"R102","G Nuwa Phase1—5","Phase3主题SKILL与Agentic Protocol","NOT_STARTED","","","","","NOT_CHECKED","R081","OLD ID R081 mapped +21"
"R103","G Nuwa Phase1—5","Phase4独立已知/边缘/表达实测","NOT_STARTED","","","","","NOT_CHECKED","R082","OLD ID R082 mapped +21"
"R104","G Nuwa Phase1—5","Phase4质量脚本、迭代上限和用户关口","NOT_STARTED","","","","","MANDATORY_USER_CONFIRM","R083","OLD ID R083 mapped +21"
"R105","G Nuwa Phase1—5","Phase5独立优化主体A","NOT_STARTED","","","","","NOT_CHECKED","R084","OLD ID R084 mapped +21"
"R106","G Nuwa Phase1—5","Phase5独立优化主体B","NOT_STARTED","","","","","NOT_CHECKED","R085","OLD ID R085 mapped +21"
"R107","G Nuwa Phase1—5","Phase5合并改动、回归与用户确认","NOT_STARTED","","","","","MANDATORY_USER_CONFIRM","R086","OLD ID R086 mapped +21"
"R108","H V13创作融合","统一创作技能路由/契约","NOT_STARTED","","","","","NOT_CHECKED","R087","OLD ID R087 mapped +21"
"R109","H V13创作融合","四臂盲测与长篇连续性压力","NOT_STARTED","","","","","NOT_CHECKED","R088","OLD ID R088 mapped +21"
"R110","H V13创作融合","GitHub出厂、干净会话恢复与用户验收","NOT_STARTED","","","","","MANDATORY_USER_CONFIRM","R089","OLD ID R089 mapped +21"
