candidate_id	book	old_four_way	old_V1	old_V2	old_V3	old_reference_path	new_V1_round	new_V2_round	new_V3_if_eligible	new_final_four_way	already_in_original_69	promotion
WM-f01	wanming	needs_review	PASS	V2_WALKTHROUGH_PASS_LIMITED	NONBLIND_PAIRED_DIAGNOSTIC_DELTA_0	books/wanming/needs-review.md#wm-f01	N17	N19	N22	N28	YES	NO_UNTIL_V1_V2_TRUE_V3
WM-f02	wanming	needs_review	PASS	V2_WALKTHROUGH_PASS_LIMITED	NONBLIND_PAIRED_DIAGNOSTIC_DELTA_0	books/wanming/needs-review.md#wm-f02	N17	N19	N22	N28	YES	NO_UNTIL_V1_V2_TRUE_V3
WM-f03	wanming	needs_review	REVIEW_SOURCE_OR_METHOD_GAP	BLOCKED_BY_V1_NEEDS_SOURCE_REPAIR	BLOCKED_V1_NO_V3	books/wanming/needs-review.md#wm-f03	N17	N19	N24_IF_NEWLY_ELIGIBLE	N28	NO	NO_UNTIL_V1_V2_TRUE_V3
WM-f04	wanming	needs_review	PASS	V2_WALKTHROUGH_PASS_LIMITED	NONBLIND_PAIRED_DIAGNOSTIC_DELTA_0	books/wanming/needs-review.md#wm-f04	N17	N19	N22	N28	YES	NO_UNTIL_V1_V2_TRUE_V3
WM-f05	wanming	needs_review	PASS_NARROW_R063_R064	R065_R066_PASS_LIMITED_PAPER	NONBLIND_PAIRED_DIAGNOSTIC_DELTA_1	books/wanming/needs-review.md#wm-f05	N17	N19	N24	N28	YES	NO_UNTIL_V1_V2_TRUE_V3
WM-f06	wanming	needs_review	PASS	V2_WALKTHROUGH_PASS_LIMITED	NONBLIND_PAIRED_DIAGNOSTIC_DELTA_0	books/wanming/needs-review.md#wm-f06	N17	N19	N22	N28	YES	NO_UNTIL_V1_V2_TRUE_V3
WM-f07	wanming	needs_review	REVIEW_SOURCE_OR_METHOD_GAP	BLOCKED_BY_V1_NEEDS_SOURCE_REPAIR	BLOCKED_V1_NO_V3	books/wanming/needs-review.md#wm-f07	N17	N19	N24_IF_NEWLY_ELIGIBLE	N28	NO	NO_UNTIL_V1_V2_TRUE_V3
WM-f08	wanming	needs_review	PASS	V2_WALKTHROUGH_PASS_LIMITED	NONBLIND_PAIRED_DIAGNOSTIC_DELTA_1	books/wanming/needs-review.md#wm-f08	N17	N19	N22	N28	YES	NO_UNTIL_V1_V2_TRUE_V3
WM-f09	wanming	needs_review	REVIEW_SOURCE_OR_METHOD_GAP	BLOCKED_BY_V1_NEEDS_SOURCE_REPAIR	BLOCKED_V1_NO_V3	books/wanming/needs-review.md#wm-f09	N17	N19	N24_IF_NEWLY_ELIGIBLE	N28	NO	NO_UNTIL_V1_V2_TRUE_V3
WM-f10	wanming	needs_review	PASS	V2_WALKTHROUGH_PASS_LIMITED	NONBLIND_PAIRED_DIAGNOSTIC_DELTA_0	books/wanming/needs-review.md#wm-f10	N17	N19	N22	N28	YES	NO_UNTIL_V1_V2_TRUE_V3
WM-f11	wanming	needs_review	PASS	R065_R066_PASS_LIMITED_PAPER	NONBLIND_PAIRED_DIAGNOSTIC_DELTA_1	books/wanming/needs-review.md#wm-f11	N17	N19	N24	N28	YES	NO_UNTIL_V1_V2_TRUE_V3
WM-f12	wanming	needs_review	PASS	V2_WALKTHROUGH_PASS_LIMITED	NONBLIND_PAIRED_DIAGNOSTIC_DELTA_0	books/wanming/needs-review.md#wm-f12	N17	N19	N22	N28	YES	NO_UNTIL_V1_V2_TRUE_V3
WM-f13	wanming	needs_review	PASS	V2_WALKTHROUGH_PASS_LIMITED	NONBLIND_PAIRED_DIAGNOSTIC_DELTA_1	books/wanming/needs-review.md#wm-f13	N17	N19	N22	N28	YES	NO_UNTIL_V1_V2_TRUE_V3
WM-f14	wanming	needs_review	PASS	V2_WALKTHROUGH_PASS_LIMITED	NONBLIND_PAIRED_DIAGNOSTIC_DELTA_1	books/wanming/needs-review.md#wm-f14	N17	N19	N22	N28	YES	NO_UNTIL_V1_V2_TRUE_V3
WM-f15	wanming	needs_review	PASS_NARROW_ONLY	V2_WALKTHROUGH_PASS_LIMITED_NONINDEPENDENT	NOT_RUN_INDEPENDENT_V3	books/wanming/needs-review.md#wm-f15	N17	N19	N24_IF_NEWLY_ELIGIBLE	N28	NO	NO_UNTIL_V1_V2_TRUE_V3
WM-f16	wanming	needs_review	PASS	R065_R066_PASS_LIMITED_PAPER	NONBLIND_PAIRED_DIAGNOSTIC_DELTA_0	books/wanming/needs-review.md#wm-f16	N17	N19	N24	N28	YES	NO_UNTIL_V1_V2_TRUE_V3
WM-f17	wanming	needs_review	REVIEW_SOURCE_OR_METHOD_GAP	BLOCKED_BY_V1_NEEDS_SOURCE_REPAIR	BLOCKED_V1_NO_V3	books/wanming/needs-review.md#wm-f17	N17	N19	N24_IF_NEWLY_ELIGIBLE	N28	NO	NO_UNTIL_V1_V2_TRUE_V3
WM-p01	wanming	needs_review	PASS	V2_WALKTHROUGH_PASS_LIMITED	NONBLIND_PAIRED_DIAGNOSTIC_DELTA_0	books/wanming/needs-review.md#wm-p01	N17	N19	N22	N28	YES	NO_UNTIL_V1_V2_TRUE_V3
WM-p02	wanming	needs_review	REVIEW_SOURCE_OR_METHOD_GAP	BLOCKED_BY_V1_NEEDS_SOURCE_REPAIR	BLOCKED_V1_NO_V3	books/wanming/needs-review.md#wm-p02	N17	N19	N24_IF_NEWLY_ELIGIBLE	N28	NO	NO_UNTIL_V1_V2_TRUE_V3
WM-p03	wanming	needs_review	PASS	V2_WALKTHROUGH_PASS_LIMITED	NONBLIND_PAIRED_DIAGNOSTIC_DELTA_0	books/wanming/needs-review.md#wm-p03	N17	N19	N22	N28	YES	NO_UNTIL_V1_V2_TRUE_V3
WM-p04	wanming	needs_review	PASS	V2_WALKTHROUGH_PASS_LIMITED	NONBLIND_PAIRED_DIAGNOSTIC_DELTA_0	books/wanming/needs-review.md#wm-p04	N17	N19	N22	N28	YES	NO_UNTIL_V1_V2_TRUE_V3
WM-p05	wanming	needs_review	PASS	V2_WALKTHROUGH_PASS_LIMITED	NONBLIND_PAIRED_DIAGNOSTIC_DELTA_0	books/wanming/needs-review.md#wm-p05	N17	N19	N22	N28	YES	NO_UNTIL_V1_V2_TRUE_V3
WM-p06	wanming	needs_review	PASS	R065_R066_PASS_LIMITED_PAPER	NONBLIND_PAIRED_DIAGNOSTIC_DELTA_0	books/wanming/needs-review.md#wm-p06	N17	N19	N24	N28	YES	NO_UNTIL_V1_V2_TRUE_V3
WM-p07	wanming	needs_review	PASS	V2_WALKTHROUGH_PASS_LIMITED	NONBLIND_PAIRED_DIAGNOSTIC_DELTA_1	books/wanming/needs-review.md#wm-p07	N17	N19	N22	N28	YES	NO_UNTIL_V1_V2_TRUE_V3
WM-p08	wanming	needs_review	PASS	V2_WALKTHROUGH_PASS_LIMITED	NONBLIND_PAIRED_DIAGNOSTIC_DELTA_0	books/wanming/needs-review.md#wm-p08	N17	N19	N22	N28	YES	NO_UNTIL_V1_V2_TRUE_V3
WM-p09	wanming	needs_review	PASS_NARROW_ONLY	V2_WALKTHROUGH_PASS_LIMITED_NONINDEPENDENT	NOT_RUN_INDEPENDENT_V3	books/wanming/needs-review.md#wm-p09	N17	N19	N24_IF_NEWLY_ELIGIBLE	N28	NO	NO_UNTIL_V1_V2_TRUE_V3
WM-p10	wanming	needs_review	PASS_NARROW_R063_R064	R065_R066_PASS_LIMITED_PAPER	NONBLIND_PAIRED_DIAGNOSTIC_DELTA_0	books/wanming/needs-review.md#wm-p10	N17	N19	N24	N28	YES	NO_UNTIL_V1_V2_TRUE_V3
WM-p11	wanming	needs_review	REVIEW_SOURCE_OR_METHOD_GAP	BLOCKED_BY_V1_NEEDS_SOURCE_REPAIR	BLOCKED_V1_NO_V3	books/wanming/needs-review.md#wm-p11	N17	N19	N24_IF_NEWLY_ELIGIBLE	N28	NO	NO_UNTIL_V1_V2_TRUE_V3
WM-p12	wanming	needs_review	PASS	V2_WALKTHROUGH_PASS_LIMITED	NONBLIND_PAIRED_DIAGNOSTIC_DELTA_0	books/wanming/needs-review.md#wm-p12	N17	N19	N22	N28	YES	NO_UNTIL_V1_V2_TRUE_V3
WM-p13	wanming	needs_review	PASS	R065_R066_PASS_LIMITED_PAPER	NONBLIND_PAIRED_DIAGNOSTIC_DELTA_0	books/wanming/needs-review.md#wm-p13	N17	N19	N24	N28	YES	NO_UNTIL_V1_V2_TRUE_V3
WM-p14	wanming	needs_review	PASS	V2_WALKTHROUGH_PASS_LIMITED	NONBLIND_PAIRED_DIAGNOSTIC_DELTA_1	books/wanming/needs-review.md#wm-p14	N17	N19	N22	N28	YES	NO_UNTIL_V1_V2_TRUE_V3
WM-p15	wanming	needs_review	PASS_NARROW_R063_R064	R065_R066_PASS_LIMITED_PAPER	NONBLIND_PAIRED_DIAGNOSTIC_DELTA_1	books/wanming/needs-review.md#wm-p15	N17	N19	N24	N28	YES	NO_UNTIL_V1_V2_TRUE_V3
WM-p16	wanming	needs_review	PASS_NARROW_R063_R064	R065_R066_PASS_LIMITED_PAPER	NONBLIND_PAIRED_DIAGNOSTIC_DELTA_0	books/wanming/needs-review.md#wm-p16	N17	N19	N24	N28	YES	NO_UNTIL_V1_V2_TRUE_V3
WM-p17	wanming	needs_review	PASS_NARROW_ONLY	V2_WALKTHROUGH_PASS_LIMITED_NONINDEPENDENT	NOT_RUN_INDEPENDENT_V3	books/wanming/needs-review.md#wm-p17	N17	N19	N24_IF_NEWLY_ELIGIBLE	N28	NO	NO_UNTIL_V1_V2_TRUE_V3
WM-p18	wanming	needs_review	PASS	R065_R066_PASS_LIMITED_PAPER	NONBLIND_PAIRED_DIAGNOSTIC_DELTA_0	books/wanming/needs-review.md#wm-p18	N17	N19	N24	N28	YES	NO_UNTIL_V1_V2_TRUE_V3
WM-p19	wanming	needs_review	PASS	V2_WALKTHROUGH_PASS_LIMITED	NONBLIND_PAIRED_DIAGNOSTIC_DELTA_0	books/wanming/needs-review.md#wm-p19	N17	N19	N22	N28	YES	NO_UNTIL_V1_V2_TRUE_V3
WM-p20	wanming	needs_review	PASS	V2_WALKTHROUGH_PASS_LIMITED	NONBLIND_PAIRED_DIAGNOSTIC_DELTA_0	books/wanming/needs-review.md#wm-p20	N17	N19	N22	N28	YES	NO_UNTIL_V1_V2_TRUE_V3
WM-p21	wanming	needs_review	PASS	V2_WALKTHROUGH_PASS_LIMITED	NONBLIND_PAIRED_DIAGNOSTIC_DELTA_0	books/wanming/needs-review.md#wm-p21	N17	N19	N22	N28	YES	NO_UNTIL_V1_V2_TRUE_V3
WM-p22	wanming	needs_review	PASS_NARROW_R063_R064	R065_R066_PASS_LIMITED_PAPER	NONBLIND_PAIRED_DIAGNOSTIC_DELTA_1	books/wanming/needs-review.md#wm-p22	N17	N19	N24	N28	YES	NO_UNTIL_V1_V2_TRUE_V3
WM-p23	wanming	needs_review	PASS	V2_WALKTHROUGH_PASS_LIMITED	NONBLIND_PAIRED_DIAGNOSTIC_DELTA_0	books/wanming/needs-review.md#wm-p23	N17	N19	N22	N28	YES	NO_UNTIL_V1_V2_TRUE_V3
WM-c01	wanming	reference	PASS	REFERENCE_ONLY_NOT_EXECUTABLE_METHOD	REFERENCE_NO_INDEPENDENT_V3	books/wanming/references.md#wm-c01	N17	N19	N24_IF_NEWLY_ELIGIBLE	N28	NO	NO_UNTIL_V1_V2_TRUE_V3
WM-c02	wanming	reference	PASS	REFERENCE_ONLY_NOT_EXECUTABLE_METHOD	REFERENCE_NO_INDEPENDENT_V3	books/wanming/references.md#wm-c02	N17	N19	N24_IF_NEWLY_ELIGIBLE	N28	NO	NO_UNTIL_V1_V2_TRUE_V3
WM-c03	wanming	reference	PASS	REFERENCE_ONLY_NOT_EXECUTABLE_METHOD	REFERENCE_NO_INDEPENDENT_V3	books/wanming/references.md#wm-c03	N17	N19	N24_IF_NEWLY_ELIGIBLE	N28	NO	NO_UNTIL_V1_V2_TRUE_V3
WM-c04	wanming	reference	PASS	REFERENCE_ONLY_NOT_EXECUTABLE_METHOD	REFERENCE_NO_INDEPENDENT_V3	books/wanming/references.md#wm-c04	N17	N19	N24_IF_NEWLY_ELIGIBLE	N28	NO	NO_UNTIL_V1_V2_TRUE_V3
WM-c05	wanming	reference	REFERENCE_SOURCE_ONLY_LIMITED	REFERENCE_NOT_EXECUTABLE_METHOD	REFERENCE_NO_INDEPENDENT_V3	books/wanming/references.md#wm-c05	N17	N19	N24_IF_NEWLY_ELIGIBLE	N28	NO	NO_UNTIL_V1_V2_TRUE_V3
WM-c06	wanming	reference	PASS	REFERENCE_ONLY_NOT_EXECUTABLE_METHOD	REFERENCE_NO_INDEPENDENT_V3	books/wanming/references.md#wm-c06	N17	N19	N24_IF_NEWLY_ELIGIBLE	N28	NO	NO_UNTIL_V1_V2_TRUE_V3
WM-c07	wanming	reference	PASS	REFERENCE_ONLY_NOT_EXECUTABLE_METHOD	REFERENCE_NO_INDEPENDENT_V3	books/wanming/references.md#wm-c07	N17	N19	N24_IF_NEWLY_ELIGIBLE	N28	NO	NO_UNTIL_V1_V2_TRUE_V3
WM-c08	wanming	reference	PASS	REFERENCE_ONLY_NOT_EXECUTABLE_METHOD	REFERENCE_NO_INDEPENDENT_V3	books/wanming/references.md#wm-c08	N17	N19	N24_IF_NEWLY_ELIGIBLE	N28	NO	NO_UNTIL_V1_V2_TRUE_V3
WM-c09	wanming	reference	PASS	REFERENCE_ONLY_NOT_EXECUTABLE_METHOD	REFERENCE_NO_INDEPENDENT_V3	books/wanming/references.md#wm-c09	N17	N19	N24_IF_NEWLY_ELIGIBLE	N28	NO	NO_UNTIL_V1_V2_TRUE_V3
WM-c10	wanming	reference	PASS	REFERENCE_ONLY_NOT_EXECUTABLE_METHOD	REFERENCE_NO_INDEPENDENT_V3	books/wanming/references.md#wm-c10	N17	N19	N24_IF_NEWLY_ELIGIBLE	N28	NO	NO_UNTIL_V1_V2_TRUE_V3
WM-c11	wanming	reference	REFERENCE_SOURCE_ONLY_LIMITED	REFERENCE_NOT_EXECUTABLE_METHOD	REFERENCE_NO_INDEPENDENT_V3	books/wanming/references.md#wm-c11	N17	N19	N24_IF_NEWLY_ELIGIBLE	N28	NO	NO_UNTIL_V1_V2_TRUE_V3
WM-c12	wanming	reference	PASS	REFERENCE_ONLY_NOT_EXECUTABLE_METHOD	REFERENCE_NO_INDEPENDENT_V3	books/wanming/references.md#wm-c12	N17	N19	N24_IF_NEWLY_ELIGIBLE	N28	NO	NO_UNTIL_V1_V2_TRUE_V3
WM-c13	wanming	reference	PASS	REFERENCE_ONLY_NOT_EXECUTABLE_METHOD	REFERENCE_NO_INDEPENDENT_V3	books/wanming/references.md#wm-c13	N17	N19	N24_IF_NEWLY_ELIGIBLE	N28	NO	NO_UNTIL_V1_V2_TRUE_V3
WM-c14	wanming	reference	PASS	REFERENCE_ONLY_NOT_EXECUTABLE_METHOD	REFERENCE_NO_INDEPENDENT_V3	books/wanming/references.md#wm-c14	N17	N19	N24_IF_NEWLY_ELIGIBLE	N28	NO	NO_UNTIL_V1_V2_TRUE_V3
WM-ce01	wanming	reference	PASS	REFERENCE_ONLY_NOT_EXECUTABLE_METHOD	REFERENCE_NO_INDEPENDENT_V3	books/wanming/references.md#wm-ce01	N17	N19	N24_IF_NEWLY_ELIGIBLE	N28	NO	NO_UNTIL_V1_V2_TRUE_V3
WM-ce02	wanming	reference	PASS	REFERENCE_ONLY_NOT_EXECUTABLE_METHOD	REFERENCE_NO_INDEPENDENT_V3	books/wanming/references.md#wm-ce02	N17	N19	N24_IF_NEWLY_ELIGIBLE	N28	NO	NO_UNTIL_V1_V2_TRUE_V3
WM-ce03	wanming	reference	PASS	REFERENCE_ONLY_NOT_EXECUTABLE_METHOD	REFERENCE_NO_INDEPENDENT_V3	books/wanming/references.md#wm-ce03	N17	N19	N24_IF_NEWLY_ELIGIBLE	N28	NO	NO_UNTIL_V1_V2_TRUE_V3
WM-ce04	wanming	reference	PASS	REFERENCE_ONLY_NOT_EXECUTABLE_METHOD	REFERENCE_NO_INDEPENDENT_V3	books/wanming/references.md#wm-ce04	N17	N19	N24_IF_NEWLY_ELIGIBLE	N28	NO	NO_UNTIL_V1_V2_TRUE_V3
WM-ce05	wanming	reference	PASS	REFERENCE_ONLY_NOT_EXECUTABLE_METHOD	REFERENCE_NO_INDEPENDENT_V3	books/wanming/references.md#wm-ce05	N17	N19	N24_IF_NEWLY_ELIGIBLE	N28	NO	NO_UNTIL_V1_V2_TRUE_V3
WM-ce06	wanming	reference	REFERENCE_SOURCE_ONLY_LIMITED	REFERENCE_NOT_EXECUTABLE_METHOD	REFERENCE_NO_INDEPENDENT_V3	books/wanming/references.md#wm-ce06	N17	N19	N24_IF_NEWLY_ELIGIBLE	N28	NO	NO_UNTIL_V1_V2_TRUE_V3
WM-ce07	wanming	reference	PASS	REFERENCE_ONLY_NOT_EXECUTABLE_METHOD	REFERENCE_NO_INDEPENDENT_V3	books/wanming/references.md#wm-ce07	N17	N19	N24_IF_NEWLY_ELIGIBLE	N28	NO	NO_UNTIL_V1_V2_TRUE_V3
WM-ce08	wanming	reference	REFERENCE_SOURCE_ONLY_LIMITED	REFERENCE_NOT_EXECUTABLE_METHOD	REFERENCE_NO_INDEPENDENT_V3	books/wanming/references.md#wm-ce08	N17	N19	N24_IF_NEWLY_ELIGIBLE	N28	NO	NO_UNTIL_V1_V2_TRUE_V3
WM-ce09	wanming	reference	PASS	REFERENCE_ONLY_NOT_EXECUTABLE_METHOD	REFERENCE_NO_INDEPENDENT_V3	books/wanming/references.md#wm-ce09	N17	N19	N24_IF_NEWLY_ELIGIBLE	N28	NO	NO_UNTIL_V1_V2_TRUE_V3
WM-ce10	wanming	reference	PASS	REFERENCE_ONLY_NOT_EXECUTABLE_METHOD	REFERENCE_NO_INDEPENDENT_V3	books/wanming/references.md#wm-ce10	N17	N19	N24_IF_NEWLY_ELIGIBLE	N28	NO	NO_UNTIL_V1_V2_TRUE_V3
WM-ce11	wanming	reference	PASS	REFERENCE_ONLY_NOT_EXECUTABLE_METHOD	REFERENCE_NO_INDEPENDENT_V3	books/wanming/references.md#wm-ce11	N17	N19	N24_IF_NEWLY_ELIGIBLE	N28	NO	NO_UNTIL_V1_V2_TRUE_V3
WM-ce12	wanming	reference	REFERENCE_SOURCE_ONLY_LIMITED	REFERENCE_NOT_EXECUTABLE_METHOD	REFERENCE_NO_INDEPENDENT_V3	books/wanming/references.md#wm-ce12	N17	N19	N24_IF_NEWLY_ELIGIBLE	N28	NO	NO_UNTIL_V1_V2_TRUE_V3
WM-ce13	wanming	reference	REFERENCE_SOURCE_ONLY_LIMITED	REFERENCE_NOT_EXECUTABLE_METHOD	REFERENCE_NO_INDEPENDENT_V3	books/wanming/references.md#wm-ce13	N17	N19	N24_IF_NEWLY_ELIGIBLE	N28	NO	NO_UNTIL_V1_V2_TRUE_V3
WM-ce14	wanming	reference	PASS	REFERENCE_ONLY_NOT_EXECUTABLE_METHOD	REFERENCE_NO_INDEPENDENT_V3	books/wanming/references.md#wm-ce14	N17	N19	N24_IF_NEWLY_ELIGIBLE	N28	NO	NO_UNTIL_V1_V2_TRUE_V3
WM-ce15	wanming	reference	REFERENCE_SOURCE_ONLY_LIMITED	REFERENCE_NOT_EXECUTABLE_METHOD	REFERENCE_NO_INDEPENDENT_V3	books/wanming/references.md#wm-ce15	N17	N19	N24_IF_NEWLY_ELIGIBLE	N28	NO	NO_UNTIL_V1_V2_TRUE_V3
WM-ce16	wanming	reference	PASS	REFERENCE_ONLY_NOT_EXECUTABLE_METHOD	REFERENCE_NO_INDEPENDENT_V3	books/wanming/references.md#wm-ce16	N17	N19	N24_IF_NEWLY_ELIGIBLE	N28	NO	NO_UNTIL_V1_V2_TRUE_V3
WM-ce17	wanming	reference	REFERENCE_SOURCE_ONLY_LIMITED	REFERENCE_NOT_EXECUTABLE_METHOD	REFERENCE_NO_INDEPENDENT_V3	books/wanming/references.md#wm-ce17	N17	N19	N24_IF_NEWLY_ELIGIBLE	N28	NO	NO_UNTIL_V1_V2_TRUE_V3
WM-ce18	wanming	reference	REFERENCE_SOURCE_ONLY_LIMITED	REFERENCE_NOT_EXECUTABLE_METHOD	REFERENCE_NO_INDEPENDENT_V3	books/wanming/references.md#wm-ce18	N17	N19	N24_IF_NEWLY_ELIGIBLE	N28	NO	NO_UNTIL_V1_V2_TRUE_V3
WM-ce19	wanming	reference	PASS	REFERENCE_ONLY_NOT_EXECUTABLE_METHOD	REFERENCE_NO_INDEPENDENT_V3	books/wanming/references.md#wm-ce19	N17	N19	N24_IF_NEWLY_ELIGIBLE	N28	NO	NO_UNTIL_V1_V2_TRUE_V3
WM-g01	wanming	reference	PASS	REFERENCE_ONLY_NOT_EXECUTABLE_METHOD	REFERENCE_NO_INDEPENDENT_V3	books/wanming/references.md#wm-g01	N17	N19	N24_IF_NEWLY_ELIGIBLE	N28	NO	NO_UNTIL_V1_V2_TRUE_V3
WM-g02	wanming	reference	PASS	REFERENCE_ONLY_NOT_EXECUTABLE_METHOD	REFERENCE_NO_INDEPENDENT_V3	books/wanming/references.md#wm-g02	N17	N19	N24_IF_NEWLY_ELIGIBLE	N28	NO	NO_UNTIL_V1_V2_TRUE_V3
WM-g03	wanming	reference	PASS	REFERENCE_ONLY_NOT_EXECUTABLE_METHOD	REFERENCE_NO_INDEPENDENT_V3	books/wanming/references.md#wm-g03	N17	N19	N24_IF_NEWLY_ELIGIBLE	N28	NO	NO_UNTIL_V1_V2_TRUE_V3
WM-g04	wanming	reference	PASS	REFERENCE_ONLY_NOT_EXECUTABLE_METHOD	REFERENCE_NO_INDEPENDENT_V3	books/wanming/references.md#wm-g04	N17	N19	N24_IF_NEWLY_ELIGIBLE	N28	NO	NO_UNTIL_V1_V2_TRUE_V3
WM-g05	wanming	reference	PASS	REFERENCE_ONLY_NOT_EXECUTABLE_METHOD	REFERENCE_NO_INDEPENDENT_V3	books/wanming/references.md#wm-g05	N17	N19	N24_IF_NEWLY_ELIGIBLE	N28	NO	NO_UNTIL_V1_V2_TRUE_V3
WM-g06	wanming	reference	PASS	REFERENCE_ONLY_NOT_EXECUTABLE_METHOD	REFERENCE_NO_INDEPENDENT_V3	books/wanming/references.md#wm-g06	N17	N19	N24_IF_NEWLY_ELIGIBLE	N28	NO	NO_UNTIL_V1_V2_TRUE_V3
WM-g07	wanming	reference	PASS	REFERENCE_ONLY_NOT_EXECUTABLE_METHOD	REFERENCE_NO_INDEPENDENT_V3	books/wanming/references.md#wm-g07	N17	N19	N24_IF_NEWLY_ELIGIBLE	N28	NO	NO_UNTIL_V1_V2_TRUE_V3
WM-g08	wanming	reference	PASS	REFERENCE_ONLY_NOT_EXECUTABLE_METHOD	REFERENCE_NO_INDEPENDENT_V3	books/wanming/references.md#wm-g08	N17	N19	N24_IF_NEWLY_ELIGIBLE	N28	NO	NO_UNTIL_V1_V2_TRUE_V3
WM-g09	wanming	reference	PASS	REFERENCE_ONLY_NOT_EXECUTABLE_METHOD	REFERENCE_NO_INDEPENDENT_V3	books/wanming/references.md#wm-g09	N17	N19	N24_IF_NEWLY_ELIGIBLE	N28	NO	NO_UNTIL_V1_V2_TRUE_V3
WM-g10	wanming	reference	PASS	REFERENCE_ONLY_NOT_EXECUTABLE_METHOD	REFERENCE_NO_INDEPENDENT_V3	books/wanming/references.md#wm-g10	N17	N19	N24_IF_NEWLY_ELIGIBLE	N28	NO	NO_UNTIL_V1_V2_TRUE_V3
WM-g11	wanming	reference	PASS	REFERENCE_ONLY_NOT_EXECUTABLE_METHOD	REFERENCE_NO_INDEPENDENT_V3	books/wanming/references.md#wm-g11	N17	N19	N24_IF_NEWLY_ELIGIBLE	N28	NO	NO_UNTIL_V1_V2_TRUE_V3
WM-g12	wanming	reference	PASS	REFERENCE_ONLY_NOT_EXECUTABLE_METHOD	REFERENCE_NO_INDEPENDENT_V3	books/wanming/references.md#wm-g12	N17	N19	N24_IF_NEWLY_ELIGIBLE	N28	NO	NO_UNTIL_V1_V2_TRUE_V3
WM-g13	wanming	reference	PASS	REFERENCE_ONLY_NOT_EXECUTABLE_METHOD	REFERENCE_NO_INDEPENDENT_V3	books/wanming/references.md#wm-g13	N17	N19	N24_IF_NEWLY_ELIGIBLE	N28	NO	NO_UNTIL_V1_V2_TRUE_V3
WM-g14	wanming	reference	PASS	REFERENCE_ONLY_NOT_EXECUTABLE_METHOD	REFERENCE_NO_INDEPENDENT_V3	books/wanming/references.md#wm-g14	N17	N19	N24_IF_NEWLY_ELIGIBLE	N28	NO	NO_UNTIL_V1_V2_TRUE_V3
WM-g15	wanming	reference	PASS	REFERENCE_ONLY_NOT_EXECUTABLE_METHOD	REFERENCE_NO_INDEPENDENT_V3	books/wanming/references.md#wm-g15	N17	N19	N24_IF_NEWLY_ELIGIBLE	N28	NO	NO_UNTIL_V1_V2_TRUE_V3
WM-g16	wanming	reference	PASS	REFERENCE_ONLY_NOT_EXECUTABLE_METHOD	REFERENCE_NO_INDEPENDENT_V3	books/wanming/references.md#wm-g16	N17	N19	N24_IF_NEWLY_ELIGIBLE	N28	NO	NO_UNTIL_V1_V2_TRUE_V3
WM-g17	wanming	reference	PASS	REFERENCE_ONLY_NOT_EXECUTABLE_METHOD	REFERENCE_NO_INDEPENDENT_V3	books/wanming/references.md#wm-g17	N17	N19	N24_IF_NEWLY_ELIGIBLE	N28	NO	NO_UNTIL_V1_V2_TRUE_V3
WM-g18	wanming	reference	PASS	REFERENCE_ONLY_NOT_EXECUTABLE_METHOD	REFERENCE_NO_INDEPENDENT_V3	books/wanming/references.md#wm-g18	N17	N19	N24_IF_NEWLY_ELIGIBLE	N28	NO	NO_UNTIL_V1_V2_TRUE_V3
TX-f01	tiexuecanming	needs_review	PASS	V2_WALKTHROUGH_PASS_LIMITED	NONBLIND_PAIRED_DIAGNOSTIC_DELTA_0	books/tiexuecanming/needs-review.md#tx-f01	N18	N20	N23	N28	YES	NO_UNTIL_V1_V2_TRUE_V3
TX-f02	tiexuecanming	needs_review	PASS	V2_WALKTHROUGH_PASS_LIMITED	NONBLIND_PAIRED_DIAGNOSTIC_DELTA_0	books/tiexuecanming/needs-review.md#tx-f02	N18	N20	N23	N28	YES	NO_UNTIL_V1_V2_TRUE_V3
TX-f03	tiexuecanming	needs_review	PASS	R065_R066_PASS_LIMITED_PAPER	NONBLIND_PAIRED_DIAGNOSTIC_DELTA_0	books/tiexuecanming/needs-review.md#tx-f03	N18	N20	N25	N28	YES	NO_UNTIL_V1_V2_TRUE_V3
TX-f04	tiexuecanming	needs_review	PASS	R065_R066_PASS_LIMITED_PAPER	NONBLIND_PAIRED_DIAGNOSTIC_DELTA_0	books/tiexuecanming/needs-review.md#tx-f04	N18	N20	N25	N28	YES	NO_UNTIL_V1_V2_TRUE_V3
TX-f05	tiexuecanming	needs_review	PASS	V2_WALKTHROUGH_PASS_LIMITED	NONBLIND_PAIRED_DIAGNOSTIC_DELTA_1	books/tiexuecanming/needs-review.md#tx-f05	N18	N20	N23	N28	YES	NO_UNTIL_V1_V2_TRUE_V3
TX-f06	tiexuecanming	needs_review	REVIEW_SOURCE_OR_METHOD_GAP	BLOCKED_BY_V1_NEEDS_SOURCE_REPAIR	BLOCKED_V1_NO_V3	books/tiexuecanming/needs-review.md#tx-f06	N18	N20	N25_IF_NEWLY_ELIGIBLE	N28	NO	NO_UNTIL_V1_V2_TRUE_V3
TX-f07	tiexuecanming	needs_review	PASS_NARROW_R063_R064	R065_R066_PASS_LIMITED_PAPER	NONBLIND_PAIRED_DIAGNOSTIC_DELTA_1	books/tiexuecanming/needs-review.md#tx-f07	N18	N20	N25	N28	YES	NO_UNTIL_V1_V2_TRUE_V3
TX-f08	tiexuecanming	needs_review	PASS	V2_WALKTHROUGH_PASS_LIMITED	NONBLIND_PAIRED_DIAGNOSTIC_DELTA_0	books/tiexuecanming/needs-review.md#tx-f08	N18	N20	N23	N28	YES	NO_UNTIL_V1_V2_TRUE_V3
TX-f09	tiexuecanming	needs_review	PASS	V2_WALKTHROUGH_PASS_LIMITED	NONBLIND_PAIRED_DIAGNOSTIC_DELTA_0	books/tiexuecanming/needs-review.md#tx-f09	N18	N20	N23	N28	YES	NO_UNTIL_V1_V2_TRUE_V3
TX-f10	tiexuecanming	needs_review	PASS	V2_WALKTHROUGH_PASS_LIMITED	NONBLIND_PAIRED_DIAGNOSTIC_DELTA_0	books/tiexuecanming/needs-review.md#tx-f10	N18	N20	N23	N28	YES	NO_UNTIL_V1_V2_TRUE_V3
TX-f11	tiexuecanming	needs_review	PASS	V2_WALKTHROUGH_PASS_LIMITED	NONBLIND_PAIRED_DIAGNOSTIC_DELTA_1	books/tiexuecanming/needs-review.md#tx-f11	N18	N20	N23	N28	YES	NO_UNTIL_V1_V2_TRUE_V3
TX-f12	tiexuecanming	needs_review	PASS	V2_WALKTHROUGH_PASS_LIMITED	NONBLIND_PAIRED_DIAGNOSTIC_DELTA_0	books/tiexuecanming/needs-review.md#tx-f12	N18	N20	N23	N28	YES	NO_UNTIL_V1_V2_TRUE_V3
TX-f13	tiexuecanming	needs_review	PASS	V2_WALKTHROUGH_PASS_LIMITED	NONBLIND_PAIRED_DIAGNOSTIC_DELTA_1	books/tiexuecanming/needs-review.md#tx-f13	N18	N20	N23	N28	YES	NO_UNTIL_V1_V2_TRUE_V3
TX-f14	tiexuecanming	needs_review	PASS_NARROW_R063_R064	R065_R066_PASS_LIMITED_PAPER	NONBLIND_PAIRED_DIAGNOSTIC_DELTA_0	books/tiexuecanming/needs-review.md#tx-f14	N18	N20	N25	N28	YES	NO_UNTIL_V1_V2_TRUE_V3
TX-f15	tiexuecanming	needs_review	PASS	R065_R066_PASS_LIMITED_PAPER	NONBLIND_PAIRED_DIAGNOSTIC_DELTA_1	books/tiexuecanming/needs-review.md#tx-f15	N18	N20	N25	N28	YES	NO_UNTIL_V1_V2_TRUE_V3
TX-f16	tiexuecanming	needs_review	PASS	V2_WALKTHROUGH_PASS_LIMITED	NONBLIND_PAIRED_DIAGNOSTIC_DELTA_0	books/tiexuecanming/needs-review.md#tx-f16	N18	N20	N23	N28	YES	NO_UNTIL_V1_V2_TRUE_V3
TX-f17	tiexuecanming	needs_review	PASS_NARROW_R063_R064	R065_R066_PASS_LIMITED_PAPER	NONBLIND_PAIRED_DIAGNOSTIC_DELTA_1	books/tiexuecanming/needs-review.md#tx-f17	N18	N20	N25	N28	YES	NO_UNTIL_V1_V2_TRUE_V3
TX-p01	tiexuecanming	needs_review	PASS	V2_WALKTHROUGH_PASS_LIMITED	NONBLIND_PAIRED_DIAGNOSTIC_DELTA_0	books/tiexuecanming/needs-review.md#tx-p01	N18	N20	N23	N28	YES	NO_UNTIL_V1_V2_TRUE_V3
TX-p02	tiexuecanming	needs_review	PASS	R065_R066_PASS_LIMITED_PAPER	NONBLIND_PAIRED_DIAGNOSTIC_DELTA_0	books/tiexuecanming/needs-review.md#tx-p02	N18	N20	N25	N28	YES	NO_UNTIL_V1_V2_TRUE_V3
TX-p03	tiexuecanming	needs_review	PASS	V2_WALKTHROUGH_PASS_LIMITED	NONBLIND_PAIRED_DIAGNOSTIC_DELTA_1	books/tiexuecanming/needs-review.md#tx-p03	N18	N20	N23	N28	YES	NO_UNTIL_V1_V2_TRUE_V3
TX-p04	tiexuecanming	needs_review	PASS	V2_WALKTHROUGH_PASS_LIMITED	NONBLIND_PAIRED_DIAGNOSTIC_DELTA_0	books/tiexuecanming/needs-review.md#tx-p04	N18	N20	N23	N28	YES	NO_UNTIL_V1_V2_TRUE_V3
TX-p05	tiexuecanming	needs_review	PASS	V2_WALKTHROUGH_PASS_LIMITED	NONBLIND_PAIRED_DIAGNOSTIC_DELTA_0	books/tiexuecanming/needs-review.md#tx-p05	N18	N20	N23	N28	YES	NO_UNTIL_V1_V2_TRUE_V3
TX-p06	tiexuecanming	needs_review	PASS	V2_WALKTHROUGH_PASS_LIMITED	NONBLIND_PAIRED_DIAGNOSTIC_DELTA_1	books/tiexuecanming/needs-review.md#tx-p06	N18	N20	N23	N28	YES	NO_UNTIL_V1_V2_TRUE_V3
TX-p07	tiexuecanming	needs_review	PASS	V2_WALKTHROUGH_PASS_LIMITED	NONBLIND_PAIRED_DIAGNOSTIC_DELTA_0	books/tiexuecanming/needs-review.md#tx-p07	N18	N20	N23	N28	YES	NO_UNTIL_V1_V2_TRUE_V3
TX-p08	tiexuecanming	needs_review	PASS	V2_WALKTHROUGH_PASS_LIMITED	NONBLIND_PAIRED_DIAGNOSTIC_DELTA_0	books/tiexuecanming/needs-review.md#tx-p08	N18	N20	N23	N28	YES	NO_UNTIL_V1_V2_TRUE_V3
TX-p09	tiexuecanming	needs_review	PASS	V2_WALKTHROUGH_PASS_LIMITED	NONBLIND_PAIRED_DIAGNOSTIC_DELTA_0	books/tiexuecanming/needs-review.md#tx-p09	N18	N20	N23	N28	YES	NO_UNTIL_V1_V2_TRUE_V3
TX-p10	tiexuecanming	needs_review	PASS_NARROW_R063_R064	R065_R066_PASS_LIMITED_PAPER	NONBLIND_PAIRED_DIAGNOSTIC_DELTA_0	books/tiexuecanming/needs-review.md#tx-p10	N18	N20	N25	N28	YES	NO_UNTIL_V1_V2_TRUE_V3
TX-p11	tiexuecanming	needs_review	PASS	V2_WALKTHROUGH_PASS_LIMITED	NONBLIND_PAIRED_DIAGNOSTIC_DELTA_0	books/tiexuecanming/needs-review.md#tx-p11	N18	N20	N23	N28	YES	NO_UNTIL_V1_V2_TRUE_V3
TX-p12	tiexuecanming	needs_review	PASS	V2_WALKTHROUGH_PASS_LIMITED	NONBLIND_PAIRED_DIAGNOSTIC_DELTA_1	books/tiexuecanming/needs-review.md#tx-p12	N18	N20	N23	N28	YES	NO_UNTIL_V1_V2_TRUE_V3
TX-p13	tiexuecanming	needs_review	PASS	V2_WALKTHROUGH_PASS_LIMITED	NONBLIND_PAIRED_DIAGNOSTIC_DELTA_0	books/tiexuecanming/needs-review.md#tx-p13	N18	N20	N23	N28	YES	NO_UNTIL_V1_V2_TRUE_V3
TX-p14	tiexuecanming	needs_review	PASS	V2_WALKTHROUGH_PASS_LIMITED	NONBLIND_PAIRED_DIAGNOSTIC_DELTA_0	books/tiexuecanming/needs-review.md#tx-p14	N18	N20	N23	N28	YES	NO_UNTIL_V1_V2_TRUE_V3
TX-p15	tiexuecanming	needs_review	PASS	R065_R066_PASS_LIMITED_PAPER	NONBLIND_PAIRED_DIAGNOSTIC_DELTA_0	books/tiexuecanming/needs-review.md#tx-p15	N18	N20	N25	N28	YES	NO_UNTIL_V1_V2_TRUE_V3
TX-p16	tiexuecanming	needs_review	PASS_NARROW_R063_R064	R065_R066_PASS_LIMITED_PAPER	NONBLIND_PAIRED_DIAGNOSTIC_DELTA_0	books/tiexuecanming/needs-review.md#tx-p16	N18	N20	N25	N28	YES	NO_UNTIL_V1_V2_TRUE_V3
TX-p17	tiexuecanming	needs_review	PASS	V2_WALKTHROUGH_PASS_LIMITED	NONBLIND_PAIRED_DIAGNOSTIC_DELTA_0	books/tiexuecanming/needs-review.md#tx-p17	N18	N20	N23	N28	YES	NO_UNTIL_V1_V2_TRUE_V3
TX-p18	tiexuecanming	needs_review	PASS	R065_R066_PASS_LIMITED_PAPER	NONBLIND_PAIRED_DIAGNOSTIC_DELTA_0	books/tiexuecanming/needs-review.md#tx-p18	N18	N20	N25	N28	YES	NO_UNTIL_V1_V2_TRUE_V3
TX-p19	tiexuecanming	needs_review	PASS	V2_WALKTHROUGH_PASS_LIMITED	NONBLIND_PAIRED_DIAGNOSTIC_DELTA_0	books/tiexuecanming/needs-review.md#tx-p19	N18	N20	N23	N28	YES	NO_UNTIL_V1_V2_TRUE_V3
TX-p20	tiexuecanming	needs_review	PASS	V2_WALKTHROUGH_PASS_LIMITED	NONBLIND_PAIRED_DIAGNOSTIC_DELTA_1	books/tiexuecanming/needs-review.md#tx-p20	N18	N20	N23	N28	YES	NO_UNTIL_V1_V2_TRUE_V3
TX-p21	tiexuecanming	needs_review	PASS	V2_WALKTHROUGH_PASS_LIMITED	NONBLIND_PAIRED_DIAGNOSTIC_DELTA_0	books/tiexuecanming/needs-review.md#tx-p21	N18	N20	N23	N28	YES	NO_UNTIL_V1_V2_TRUE_V3
TX-p22	tiexuecanming	needs_review	PASS_NARROW_R063_R064	R065_R066_PASS_LIMITED_PAPER	NONBLIND_PAIRED_DIAGNOSTIC_DELTA_0	books/tiexuecanming/needs-review.md#tx-p22	N18	N20	N25	N28	YES	NO_UNTIL_V1_V2_TRUE_V3
TX-c01	tiexuecanming	reference	PASS	REFERENCE_ONLY_NOT_EXECUTABLE_METHOD	REFERENCE_NO_INDEPENDENT_V3	books/tiexuecanming/references.md#tx-c01	N18	N20	N25_IF_NEWLY_ELIGIBLE	N28	NO	NO_UNTIL_V1_V2_TRUE_V3
TX-c02	tiexuecanming	reference	PASS	REFERENCE_ONLY_NOT_EXECUTABLE_METHOD	REFERENCE_NO_INDEPENDENT_V3	books/tiexuecanming/references.md#tx-c02	N18	N20	N25_IF_NEWLY_ELIGIBLE	N28	NO	NO_UNTIL_V1_V2_TRUE_V3
TX-c03	tiexuecanming	reference	PASS	REFERENCE_ONLY_NOT_EXECUTABLE_METHOD	REFERENCE_NO_INDEPENDENT_V3	books/tiexuecanming/references.md#tx-c03	N18	N20	N25_IF_NEWLY_ELIGIBLE	N28	NO	NO_UNTIL_V1_V2_TRUE_V3
TX-c04	tiexuecanming	reference	PASS	REFERENCE_ONLY_NOT_EXECUTABLE_METHOD	REFERENCE_NO_INDEPENDENT_V3	books/tiexuecanming/references.md#tx-c04	N18	N20	N25_IF_NEWLY_ELIGIBLE	N28	NO	NO_UNTIL_V1_V2_TRUE_V3
TX-c05	tiexuecanming	reference	REFERENCE_SOURCE_ONLY_LIMITED	REFERENCE_NOT_EXECUTABLE_METHOD	REFERENCE_NO_INDEPENDENT_V3	books/tiexuecanming/references.md#tx-c05	N18	N20	N25_IF_NEWLY_ELIGIBLE	N28	NO	NO_UNTIL_V1_V2_TRUE_V3
TX-c06	tiexuecanming	reference	PASS	REFERENCE_ONLY_NOT_EXECUTABLE_METHOD	REFERENCE_NO_INDEPENDENT_V3	books/tiexuecanming/references.md#tx-c06	N18	N20	N25_IF_NEWLY_ELIGIBLE	N28	NO	NO_UNTIL_V1_V2_TRUE_V3
TX-c07	tiexuecanming	reference	PASS	REFERENCE_ONLY_NOT_EXECUTABLE_METHOD	REFERENCE_NO_INDEPENDENT_V3	books/tiexuecanming/references.md#tx-c07	N18	N20	N25_IF_NEWLY_ELIGIBLE	N28	NO	NO_UNTIL_V1_V2_TRUE_V3
TX-c08	tiexuecanming	reference	PASS	REFERENCE_ONLY_NOT_EXECUTABLE_METHOD	REFERENCE_NO_INDEPENDENT_V3	books/tiexuecanming/references.md#tx-c08	N18	N20	N25_IF_NEWLY_ELIGIBLE	N28	NO	NO_UNTIL_V1_V2_TRUE_V3
TX-c09	tiexuecanming	reference	PASS	REFERENCE_ONLY_NOT_EXECUTABLE_METHOD	REFERENCE_NO_INDEPENDENT_V3	books/tiexuecanming/references.md#tx-c09	N18	N20	N25_IF_NEWLY_ELIGIBLE	N28	NO	NO_UNTIL_V1_V2_TRUE_V3
TX-c10	tiexuecanming	reference	PASS	REFERENCE_ONLY_NOT_EXECUTABLE_METHOD	REFERENCE_NO_INDEPENDENT_V3	books/tiexuecanming/references.md#tx-c10	N18	N20	N25_IF_NEWLY_ELIGIBLE	N28	NO	NO_UNTIL_V1_V2_TRUE_V3
TX-c11	tiexuecanming	reference	PASS	REFERENCE_ONLY_NOT_EXECUTABLE_METHOD	REFERENCE_NO_INDEPENDENT_V3	books/tiexuecanming/references.md#tx-c11	N18	N20	N25_IF_NEWLY_ELIGIBLE	N28	NO	NO_UNTIL_V1_V2_TRUE_V3
TX-c12	tiexuecanming	reference	PASS	REFERENCE_ONLY_NOT_EXECUTABLE_METHOD	REFERENCE_NO_INDEPENDENT_V3	books/tiexuecanming/references.md#tx-c12	N18	N20	N25_IF_NEWLY_ELIGIBLE	N28	NO	NO_UNTIL_V1_V2_TRUE_V3
TX-c13	tiexuecanming	reference	PASS	REFERENCE_ONLY_NOT_EXECUTABLE_METHOD	REFERENCE_NO_INDEPENDENT_V3	books/tiexuecanming/references.md#tx-c13	N18	N20	N25_IF_NEWLY_ELIGIBLE	N28	NO	NO_UNTIL_V1_V2_TRUE_V3
TX-c14	tiexuecanming	reference	PASS	REFERENCE_ONLY_NOT_EXECUTABLE_METHOD	REFERENCE_NO_INDEPENDENT_V3	books/tiexuecanming/references.md#tx-c14	N18	N20	N25_IF_NEWLY_ELIGIBLE	N28	NO	NO_UNTIL_V1_V2_TRUE_V3
TX-c15	tiexuecanming	reference	PASS	REFERENCE_ONLY_NOT_EXECUTABLE_METHOD	REFERENCE_NO_INDEPENDENT_V3	books/tiexuecanming/references.md#tx-c15	N18	N20	N25_IF_NEWLY_ELIGIBLE	N28	NO	NO_UNTIL_V1_V2_TRUE_V3
TX-c16	tiexuecanming	reference	PASS	REFERENCE_ONLY_NOT_EXECUTABLE_METHOD	REFERENCE_NO_INDEPENDENT_V3	books/tiexuecanming/references.md#tx-c16	N18	N20	N25_IF_NEWLY_ELIGIBLE	N28	NO	NO_UNTIL_V1_V2_TRUE_V3
TX-ce01	tiexuecanming	reference	REFERENCE_SOURCE_ONLY_LIMITED	REFERENCE_NOT_EXECUTABLE_METHOD	REFERENCE_NO_INDEPENDENT_V3	books/tiexuecanming/references.md#tx-ce01	N18	N20	N25_IF_NEWLY_ELIGIBLE	N28	NO	NO_UNTIL_V1_V2_TRUE_V3
TX-ce02	tiexuecanming	reference	PASS	REFERENCE_ONLY_NOT_EXECUTABLE_METHOD	REFERENCE_NO_INDEPENDENT_V3	books/tiexuecanming/references.md#tx-ce02	N18	N20	N25_IF_NEWLY_ELIGIBLE	N28	NO	NO_UNTIL_V1_V2_TRUE_V3
TX-ce03	tiexuecanming	reference	PASS	REFERENCE_ONLY_NOT_EXECUTABLE_METHOD	REFERENCE_NO_INDEPENDENT_V3	books/tiexuecanming/references.md#tx-ce03	N18	N20	N25_IF_NEWLY_ELIGIBLE	N28	NO	NO_UNTIL_V1_V2_TRUE_V3
TX-ce04	tiexuecanming	reference	PASS	REFERENCE_ONLY_NOT_EXECUTABLE_METHOD	REFERENCE_NO_INDEPENDENT_V3	books/tiexuecanming/references.md#tx-ce04	N18	N20	N25_IF_NEWLY_ELIGIBLE	N28	NO	NO_UNTIL_V1_V2_TRUE_V3
TX-ce05	tiexuecanming	reference	PASS	REFERENCE_ONLY_NOT_EXECUTABLE_METHOD	REFERENCE_NO_INDEPENDENT_V3	books/tiexuecanming/references.md#tx-ce05	N18	N20	N25_IF_NEWLY_ELIGIBLE	N28	NO	NO_UNTIL_V1_V2_TRUE_V3
TX-ce06	tiexuecanming	reference	PASS	REFERENCE_ONLY_NOT_EXECUTABLE_METHOD	REFERENCE_NO_INDEPENDENT_V3	books/tiexuecanming/references.md#tx-ce06	N18	N20	N25_IF_NEWLY_ELIGIBLE	N28	NO	NO_UNTIL_V1_V2_TRUE_V3
TX-ce07	tiexuecanming	reference	PASS	REFERENCE_ONLY_NOT_EXECUTABLE_METHOD	REFERENCE_NO_INDEPENDENT_V3	books/tiexuecanming/references.md#tx-ce07	N18	N20	N25_IF_NEWLY_ELIGIBLE	N28	NO	NO_UNTIL_V1_V2_TRUE_V3
TX-ce08	tiexuecanming	reference	REFERENCE_SOURCE_ONLY_LIMITED	REFERENCE_NOT_EXECUTABLE_METHOD	REFERENCE_NO_INDEPENDENT_V3	books/tiexuecanming/references.md#tx-ce08	N18	N20	N25_IF_NEWLY_ELIGIBLE	N28	NO	NO_UNTIL_V1_V2_TRUE_V3
TX-ce09	tiexuecanming	reference	REFERENCE_SOURCE_ONLY_LIMITED	REFERENCE_NOT_EXECUTABLE_METHOD	REFERENCE_NO_INDEPENDENT_V3	books/tiexuecanming/references.md#tx-ce09	N18	N20	N25_IF_NEWLY_ELIGIBLE	N28	NO	NO_UNTIL_V1_V2_TRUE_V3
TX-ce10	tiexuecanming	reference	REFERENCE_SOURCE_ONLY_LIMITED	REFERENCE_NOT_EXECUTABLE_METHOD	REFERENCE_NO_INDEPENDENT_V3	books/tiexuecanming/references.md#tx-ce10	N18	N20	N25_IF_NEWLY_ELIGIBLE	N28	NO	NO_UNTIL_V1_V2_TRUE_V3
TX-ce11	tiexuecanming	reference	PASS	REFERENCE_ONLY_NOT_EXECUTABLE_METHOD	REFERENCE_NO_INDEPENDENT_V3	books/tiexuecanming/references.md#tx-ce11	N18	N20	N25_IF_NEWLY_ELIGIBLE	N28	NO	NO_UNTIL_V1_V2_TRUE_V3
TX-ce12	tiexuecanming	reference	REFERENCE_SOURCE_ONLY_LIMITED	REFERENCE_NOT_EXECUTABLE_METHOD	REFERENCE_NO_INDEPENDENT_V3	books/tiexuecanming/references.md#tx-ce12	N18	N20	N25_IF_NEWLY_ELIGIBLE	N28	NO	NO_UNTIL_V1_V2_TRUE_V3
TX-ce13	tiexuecanming	reference	PASS	REFERENCE_ONLY_NOT_EXECUTABLE_METHOD	REFERENCE_NO_INDEPENDENT_V3	books/tiexuecanming/references.md#tx-ce13	N18	N20	N25_IF_NEWLY_ELIGIBLE	N28	NO	NO_UNTIL_V1_V2_TRUE_V3
TX-ce14	tiexuecanming	reference	REFERENCE_SOURCE_ONLY_LIMITED	REFERENCE_NOT_EXECUTABLE_METHOD	REFERENCE_NO_INDEPENDENT_V3	books/tiexuecanming/references.md#tx-ce14	N18	N20	N25_IF_NEWLY_ELIGIBLE	N28	NO	NO_UNTIL_V1_V2_TRUE_V3
TX-ce15	tiexuecanming	reference	REFERENCE_SOURCE_ONLY_LIMITED	REFERENCE_NOT_EXECUTABLE_METHOD	REFERENCE_NO_INDEPENDENT_V3	books/tiexuecanming/references.md#tx-ce15	N18	N20	N25_IF_NEWLY_ELIGIBLE	N28	NO	NO_UNTIL_V1_V2_TRUE_V3
TX-ce16	tiexuecanming	reference	PASS	REFERENCE_ONLY_NOT_EXECUTABLE_METHOD	REFERENCE_NO_INDEPENDENT_V3	books/tiexuecanming/references.md#tx-ce16	N18	N20	N25_IF_NEWLY_ELIGIBLE	N28	NO	NO_UNTIL_V1_V2_TRUE_V3
TX-ce17	tiexuecanming	reference	PASS	REFERENCE_ONLY_NOT_EXECUTABLE_METHOD	REFERENCE_NO_INDEPENDENT_V3	books/tiexuecanming/references.md#tx-ce17	N18	N20	N25_IF_NEWLY_ELIGIBLE	N28	NO	NO_UNTIL_V1_V2_TRUE_V3
TX-ce18	tiexuecanming	reference	REFERENCE_SOURCE_ONLY_LIMITED	REFERENCE_NOT_EXECUTABLE_METHOD	REFERENCE_NO_INDEPENDENT_V3	books/tiexuecanming/references.md#tx-ce18	N18	N20	N25_IF_NEWLY_ELIGIBLE	N28	NO	NO_UNTIL_V1_V2_TRUE_V3
TX-ce19	tiexuecanming	reference	PASS	REFERENCE_ONLY_NOT_EXECUTABLE_METHOD	REFERENCE_NO_INDEPENDENT_V3	books/tiexuecanming/references.md#tx-ce19	N18	N20	N25_IF_NEWLY_ELIGIBLE	N28	NO	NO_UNTIL_V1_V2_TRUE_V3
TX-ce20	tiexuecanming	reference	PASS	REFERENCE_ONLY_NOT_EXECUTABLE_METHOD	REFERENCE_NO_INDEPENDENT_V3	books/tiexuecanming/references.md#tx-ce20	N18	N20	N25_IF_NEWLY_ELIGIBLE	N28	NO	NO_UNTIL_V1_V2_TRUE_V3
TX-ce21	tiexuecanming	reference	PASS	REFERENCE_ONLY_NOT_EXECUTABLE_METHOD	REFERENCE_NO_INDEPENDENT_V3	books/tiexuecanming/references.md#tx-ce21	N18	N20	N25_IF_NEWLY_ELIGIBLE	N28	NO	NO_UNTIL_V1_V2_TRUE_V3
TX-g01	tiexuecanming	reference	PASS	REFERENCE_ONLY_NOT_EXECUTABLE_METHOD	REFERENCE_NO_INDEPENDENT_V3	books/tiexuecanming/references.md#tx-g01	N18	N20	N25_IF_NEWLY_ELIGIBLE	N28	NO	NO_UNTIL_V1_V2_TRUE_V3
TX-g02	tiexuecanming	reference	PASS	REFERENCE_ONLY_NOT_EXECUTABLE_METHOD	REFERENCE_NO_INDEPENDENT_V3	books/tiexuecanming/references.md#tx-g02	N18	N20	N25_IF_NEWLY_ELIGIBLE	N28	NO	NO_UNTIL_V1_V2_TRUE_V3
TX-g03	tiexuecanming	reference	PASS	REFERENCE_ONLY_NOT_EXECUTABLE_METHOD	REFERENCE_NO_INDEPENDENT_V3	books/tiexuecanming/references.md#tx-g03	N18	N20	N25_IF_NEWLY_ELIGIBLE	N28	NO	NO_UNTIL_V1_V2_TRUE_V3
TX-g04	tiexuecanming	reference	PASS	REFERENCE_ONLY_NOT_EXECUTABLE_METHOD	REFERENCE_NO_INDEPENDENT_V3	books/tiexuecanming/references.md#tx-g04	N18	N20	N25_IF_NEWLY_ELIGIBLE	N28	NO	NO_UNTIL_V1_V2_TRUE_V3
TX-g05	tiexuecanming	reference	PASS	REFERENCE_ONLY_NOT_EXECUTABLE_METHOD	REFERENCE_NO_INDEPENDENT_V3	books/tiexuecanming/references.md#tx-g05	N18	N20	N25_IF_NEWLY_ELIGIBLE	N28	NO	NO_UNTIL_V1_V2_TRUE_V3
TX-g06	tiexuecanming	reference	PASS	REFERENCE_ONLY_NOT_EXECUTABLE_METHOD	REFERENCE_NO_INDEPENDENT_V3	books/tiexuecanming/references.md#tx-g06	N18	N20	N25_IF_NEWLY_ELIGIBLE	N28	NO	NO_UNTIL_V1_V2_TRUE_V3
TX-g07	tiexuecanming	reference	PASS	REFERENCE_ONLY_NOT_EXECUTABLE_METHOD	REFERENCE_NO_INDEPENDENT_V3	books/tiexuecanming/references.md#tx-g07	N18	N20	N25_IF_NEWLY_ELIGIBLE	N28	NO	NO_UNTIL_V1_V2_TRUE_V3
TX-g08	tiexuecanming	reference	PASS	REFERENCE_ONLY_NOT_EXECUTABLE_METHOD	REFERENCE_NO_INDEPENDENT_V3	books/tiexuecanming/references.md#tx-g08	N18	N20	N25_IF_NEWLY_ELIGIBLE	N28	NO	NO_UNTIL_V1_V2_TRUE_V3
TX-g09	tiexuecanming	reference	PASS	REFERENCE_ONLY_NOT_EXECUTABLE_METHOD	REFERENCE_NO_INDEPENDENT_V3	books/tiexuecanming/references.md#tx-g09	N18	N20	N25_IF_NEWLY_ELIGIBLE	N28	NO	NO_UNTIL_V1_V2_TRUE_V3
TX-g10	tiexuecanming	reference	PASS	REFERENCE_ONLY_NOT_EXECUTABLE_METHOD	REFERENCE_NO_INDEPENDENT_V3	books/tiexuecanming/references.md#tx-g10	N18	N20	N25_IF_NEWLY_ELIGIBLE	N28	NO	NO_UNTIL_V1_V2_TRUE_V3
TX-g11	tiexuecanming	reference	PASS	REFERENCE_ONLY_NOT_EXECUTABLE_METHOD	REFERENCE_NO_INDEPENDENT_V3	books/tiexuecanming/references.md#tx-g11	N18	N20	N25_IF_NEWLY_ELIGIBLE	N28	NO	NO_UNTIL_V1_V2_TRUE_V3
TX-g12	tiexuecanming	reference	PASS	REFERENCE_ONLY_NOT_EXECUTABLE_METHOD	REFERENCE_NO_INDEPENDENT_V3	books/tiexuecanming/references.md#tx-g12	N18	N20	N25_IF_NEWLY_ELIGIBLE	N28	NO	NO_UNTIL_V1_V2_TRUE_V3
TX-g13	tiexuecanming	reference	PASS	REFERENCE_ONLY_NOT_EXECUTABLE_METHOD	REFERENCE_NO_INDEPENDENT_V3	books/tiexuecanming/references.md#tx-g13	N18	N20	N25_IF_NEWLY_ELIGIBLE	N28	NO	NO_UNTIL_V1_V2_TRUE_V3
TX-g14	tiexuecanming	reference	PASS	REFERENCE_ONLY_NOT_EXECUTABLE_METHOD	REFERENCE_NO_INDEPENDENT_V3	books/tiexuecanming/references.md#tx-g14	N18	N20	N25_IF_NEWLY_ELIGIBLE	N28	NO	NO_UNTIL_V1_V2_TRUE_V3
TX-g15	tiexuecanming	reference	PASS	REFERENCE_ONLY_NOT_EXECUTABLE_METHOD	REFERENCE_NO_INDEPENDENT_V3	books/tiexuecanming/references.md#tx-g15	N18	N20	N25_IF_NEWLY_ELIGIBLE	N28	NO	NO_UNTIL_V1_V2_TRUE_V3
TX-g16	tiexuecanming	reference	PASS	REFERENCE_ONLY_NOT_EXECUTABLE_METHOD	REFERENCE_NO_INDEPENDENT_V3	books/tiexuecanming/references.md#tx-g16	N18	N20	N25_IF_NEWLY_ELIGIBLE	N28	NO	NO_UNTIL_V1_V2_TRUE_V3
TX-g17	tiexuecanming	reference	PASS	REFERENCE_ONLY_NOT_EXECUTABLE_METHOD	REFERENCE_NO_INDEPENDENT_V3	books/tiexuecanming/references.md#tx-g17	N18	N20	N25_IF_NEWLY_ELIGIBLE	N28	NO	NO_UNTIL_V1_V2_TRUE_V3
TX-g18	tiexuecanming	reference	PASS	REFERENCE_ONLY_NOT_EXECUTABLE_METHOD	REFERENCE_NO_INDEPENDENT_V3	books/tiexuecanming/references.md#tx-g18	N18	N20	N25_IF_NEWLY_ELIGIBLE	N28	NO	NO_UNTIL_V1_V2_TRUE_V3
TX-g19	tiexuecanming	reference	PASS	REFERENCE_ONLY_NOT_EXECUTABLE_METHOD	REFERENCE_NO_INDEPENDENT_V3	books/tiexuecanming/references.md#tx-g19	N18	N20	N25_IF_NEWLY_ELIGIBLE	N28	NO	NO_UNTIL_V1_V2_TRUE_V3
TX-g20	tiexuecanming	reference	PASS	REFERENCE_ONLY_NOT_EXECUTABLE_METHOD	REFERENCE_NO_INDEPENDENT_V3	books/tiexuecanming/references.md#tx-g20	N18	N20	N25_IF_NEWLY_ELIGIBLE	N28	NO	NO_UNTIL_V1_V2_TRUE_V3
