issue_id	original_source_round	book	frozen_registry_source	corrected_receipt_source	frozen_registry_anchor	resolved_ordinal	resolved_anchor_ids	resolved_locator	receipt_git_blob_sha	verification_scope
STAGE0:R007:wm-1-candidate	R007	wanming	cangjie/reading/R007/wanming_receipts.jsonl	cangjie/reading/R007/wanming_receipts.jsonl	nundefined/r27;r35;r46	1	r27;r35;r46	n1/r27;r35;r46	502f4f0345eab09b226a0ad9d8cfcd0134aa659d	LOCATOR_VERIFIED_ONLY_B_PROVISIONAL
STAGE0:R007:wm-20-candidate	R007	wanming	cangjie/reading/R007/wanming_receipts.jsonl	cangjie/reading/R007/wanming_receipts.jsonl	nundefined/r44;r61;r68;r70	20	r44;r61;r68;r70	n20/r44;r61;r68;r70	502f4f0345eab09b226a0ad9d8cfcd0134aa659d	LOCATOR_VERIFIED_ONLY_B_PROVISIONAL
STAGE0:R007:wm-34-candidate	R007	wanming	cangjie/reading/R007/wanming_receipts.jsonl	cangjie/reading/R007/wanming_receipts.jsonl	nundefined/p12;p18;p20;r2	34	p12;p18;p20;r2	n34/p12;p18;p20;r2	502f4f0345eab09b226a0ad9d8cfcd0134aa659d	LOCATOR_VERIFIED_ONLY_B_PROVISIONAL
STAGE0:R007:wm-35-candidate	R007	wanming	cangjie/reading/R007/wanming_receipts.jsonl	cangjie/reading/R007/wanming_receipts.jsonl	nundefined/r8;r10;p37;p44;r45	35	r8;r10;p37;p44;r45	n35/r8;r10;p37;p44;r45	502f4f0345eab09b226a0ad9d8cfcd0134aa659d	LOCATOR_VERIFIED_ONLY_B_PROVISIONAL
STAGE0:R007:wm-39-candidate	R007	wanming	cangjie/reading/R007/wanming_receipts.jsonl	cangjie/reading/R007/wanming_receipts.jsonl	nundefined/p24;p29;p30;r31	39	p24;p29;p30;r31	n39/p24;p29;p30;r31	502f4f0345eab09b226a0ad9d8cfcd0134aa659d	LOCATOR_VERIFIED_ONLY_B_PROVISIONAL
STAGE0:R007:wm-40-candidate	R007	wanming	cangjie/reading/R007/wanming_receipts.jsonl	cangjie/reading/R007/wanming_receipts.jsonl	nundefined/p27;p28;r32;p33	40	p27;p28;r32;p33	n40/p27;p28;r32;p33	502f4f0345eab09b226a0ad9d8cfcd0134aa659d	LOCATOR_VERIFIED_ONLY_B_PROVISIONAL
STAGE0:R009:wm-r009-41-candidate	R009	wanming	cangjie/reading/R007/wanming_receipts.jsonl	cangjie/reading/R009/wanming_receipts.jsonl	n41/p1	41	p1	n41/p1	03e1cb37aebca938468faa547ff9edcf89dbee3f	LOCATOR_VERIFIED_ONLY_B_PROVISIONAL
STAGE0:R009:wm-r009-51-candidate	R009	wanming	cangjie/reading/R007/wanming_receipts.jsonl	cangjie/reading/R009/wanming_receipts.jsonl	n51/p1	51	p1	n51/p1	03e1cb37aebca938468faa547ff9edcf89dbee3f	LOCATOR_VERIFIED_ONLY_B_PROVISIONAL
STAGE0:R009:wm-r009-60-candidate	R009	wanming	cangjie/reading/R007/wanming_receipts.jsonl	cangjie/reading/R009/wanming_receipts.jsonl	n60/p1	60	p1	n60/p1	03e1cb37aebca938468faa547ff9edcf89dbee3f	LOCATOR_VERIFIED_ONLY_B_PROVISIONAL
STAGE0:R009:wm-r009-61-candidate	R009	wanming	cangjie/reading/R007/wanming_receipts.jsonl	cangjie/reading/R009/wanming_receipts.jsonl	n61/p1	61	p1	n61/p1	03e1cb37aebca938468faa547ff9edcf89dbee3f	LOCATOR_VERIFIED_ONLY_B_PROVISIONAL
STAGE0:R009:wm-r009-65-candidate	R009	wanming	cangjie/reading/R007/wanming_receipts.jsonl	cangjie/reading/R009/wanming_receipts.jsonl	n65/p1	65	p1	n65/p1	03e1cb37aebca938468faa547ff9edcf89dbee3f	LOCATOR_VERIFIED_ONLY_B_PROVISIONAL
STAGE0:R009:wm-r009-68-candidate	R009	wanming	cangjie/reading/R007/wanming_receipts.jsonl	cangjie/reading/R009/wanming_receipts.jsonl	n68/p1	68	p1	n68/p1	03e1cb37aebca938468faa547ff9edcf89dbee3f	LOCATOR_VERIFIED_ONLY_B_PROVISIONAL
STAGE0:R009:wm-r009-70-candidate	R009	wanming	cangjie/reading/R007/wanming_receipts.jsonl	cangjie/reading/R009/wanming_receipts.jsonl	n70/p1	70	p1	n70/p1	03e1cb37aebca938468faa547ff9edcf89dbee3f	LOCATOR_VERIFIED_ONLY_B_PROVISIONAL
STAGE0:R009:wm-r009-71-candidate	R009	wanming	cangjie/reading/R007/wanming_receipts.jsonl	cangjie/reading/R009/wanming_receipts.jsonl	n71/p1	71	p1	n71/p1	03e1cb37aebca938468faa547ff9edcf89dbee3f	LOCATOR_VERIFIED_ONLY_B_PROVISIONAL
STAGE0:R009:wm-r009-74-candidate	R009	wanming	cangjie/reading/R007/wanming_receipts.jsonl	cangjie/reading/R009/wanming_receipts.jsonl	n74/p1	74	p1	n74/p1	03e1cb37aebca938468faa547ff9edcf89dbee3f	LOCATOR_VERIFIED_ONLY_B_PROVISIONAL
STAGE0:R009:wm-r009-75-candidate	R009	wanming	cangjie/reading/R007/wanming_receipts.jsonl	cangjie/reading/R009/wanming_receipts.jsonl	n75/p1	75	p1	n75/p1	03e1cb37aebca938468faa547ff9edcf89dbee3f	LOCATOR_VERIFIED_ONLY_B_PROVISIONAL
STAGE0:R009:wm-r009-80-candidate	R009	wanming	cangjie/reading/R007/wanming_receipts.jsonl	cangjie/reading/R009/wanming_receipts.jsonl	n80/p1	80	p1	n80/p1	03e1cb37aebca938468faa547ff9edcf89dbee3f	LOCATOR_VERIFIED_ONLY_B_PROVISIONAL
STAGE0:R011:wm-r011-81-candidate	R011	wanming	cangjie/reading/R007/wanming_receipts.jsonl	cangjie/reading/R011/wanming_receipts.jsonl	n81/p24	81	p24	n81/p24	f9cf53cc9408437bbf62e91e4f2a256e6d64c1bb	LOCATOR_VERIFIED_ONLY_B_PROVISIONAL
STAGE0:R011:wm-r011-88-candidate	R011	wanming	cangjie/reading/R007/wanming_receipts.jsonl	cangjie/reading/R011/wanming_receipts.jsonl	n88/p33	88	p33	n88/p33	f9cf53cc9408437bbf62e91e4f2a256e6d64c1bb	LOCATOR_VERIFIED_ONLY_B_PROVISIONAL
STAGE0:R011:wm-r011-95-candidate	R011	wanming	cangjie/reading/R007/wanming_receipts.jsonl	cangjie/reading/R011/wanming_receipts.jsonl	n95/p31	95	p31	n95/p31	f9cf53cc9408437bbf62e91e4f2a256e6d64c1bb	LOCATOR_VERIFIED_ONLY_B_PROVISIONAL
STAGE0:R011:wm-r011-99-candidate	R011	wanming	cangjie/reading/R007/wanming_receipts.jsonl	cangjie/reading/R011/wanming_receipts.jsonl	n99/p28	99	p28	n99/p28	f9cf53cc9408437bbf62e91e4f2a256e6d64c1bb	LOCATOR_VERIFIED_ONLY_B_PROVISIONAL
STAGE0:R011:wm-r011-100-candidate	R011	wanming	cangjie/reading/R007/wanming_receipts.jsonl	cangjie/reading/R011/wanming_receipts.jsonl	n100/p18	100	p18	n100/p18	f9cf53cc9408437bbf62e91e4f2a256e6d64c1bb	LOCATOR_VERIFIED_ONLY_B_PROVISIONAL
STAGE0:R011:wm-r011-102-candidate	R011	wanming	cangjie/reading/R007/wanming_receipts.jsonl	cangjie/reading/R011/wanming_receipts.jsonl	n102/p32	102	p32	n102/p32	f9cf53cc9408437bbf62e91e4f2a256e6d64c1bb	LOCATOR_VERIFIED_ONLY_B_PROVISIONAL
STAGE0:R011:wm-r011-105-candidate	R011	wanming	cangjie/reading/R007/wanming_receipts.jsonl	cangjie/reading/R011/wanming_receipts.jsonl	n105/p36	105	p36	n105/p36	f9cf53cc9408437bbf62e91e4f2a256e6d64c1bb	LOCATOR_VERIFIED_ONLY_B_PROVISIONAL
STAGE0:R011:wm-r011-106-candidate	R011	wanming	cangjie/reading/R007/wanming_receipts.jsonl	cangjie/reading/R011/wanming_receipts.jsonl	n106/p22	106	p22	n106/p22	f9cf53cc9408437bbf62e91e4f2a256e6d64c1bb	LOCATOR_VERIFIED_ONLY_B_PROVISIONAL
STAGE0:R011:wm-r011-107-candidate	R011	wanming	cangjie/reading/R007/wanming_receipts.jsonl	cangjie/reading/R011/wanming_receipts.jsonl	n107/p33	107	p33	n107/p33	f9cf53cc9408437bbf62e91e4f2a256e6d64c1bb	LOCATOR_VERIFIED_ONLY_B_PROVISIONAL
STAGE0:R011:wm-r011-110-candidate	R011	wanming	cangjie/reading/R007/wanming_receipts.jsonl	cangjie/reading/R011/wanming_receipts.jsonl	n110/p36	110	p36	n110/p36	f9cf53cc9408437bbf62e91e4f2a256e6d64c1bb	LOCATOR_VERIFIED_ONLY_B_PROVISIONAL
STAGE0:R011:wm-r011-112-candidate	R011	wanming	cangjie/reading/R007/wanming_receipts.jsonl	cangjie/reading/R011/wanming_receipts.jsonl	n112/p30	112	p30	n112/p30	f9cf53cc9408437bbf62e91e4f2a256e6d64c1bb	LOCATOR_VERIFIED_ONLY_B_PROVISIONAL
STAGE0:R011:wm-r011-113-candidate	R011	wanming	cangjie/reading/R007/wanming_receipts.jsonl	cangjie/reading/R011/wanming_receipts.jsonl	n113/p27	113	p27	n113/p27	f9cf53cc9408437bbf62e91e4f2a256e6d64c1bb	LOCATOR_VERIFIED_ONLY_B_PROVISIONAL
STAGE0:R011:wm-r011-115-candidate	R011	wanming	cangjie/reading/R007/wanming_receipts.jsonl	cangjie/reading/R011/wanming_receipts.jsonl	n115/p42	115	p42	n115/p42	f9cf53cc9408437bbf62e91e4f2a256e6d64c1bb	LOCATOR_VERIFIED_ONLY_B_PROVISIONAL
STAGE0:R011:wm-r011-116-candidate	R011	wanming	cangjie/reading/R007/wanming_receipts.jsonl	cangjie/reading/R011/wanming_receipts.jsonl	n116/p30	116	p30	n116/p30	f9cf53cc9408437bbf62e91e4f2a256e6d64c1bb	LOCATOR_VERIFIED_ONLY_B_PROVISIONAL
STAGE0:R011:wm-r011-118-candidate	R011	wanming	cangjie/reading/R007/wanming_receipts.jsonl	cangjie/reading/R011/wanming_receipts.jsonl	n118/p32	118	p32	n118/p32	f9cf53cc9408437bbf62e91e4f2a256e6d64c1bb	LOCATOR_VERIFIED_ONLY_B_PROVISIONAL
STAGE0:R011:wm-r011-119-candidate	R011	wanming	cangjie/reading/R007/wanming_receipts.jsonl	cangjie/reading/R011/wanming_receipts.jsonl	n119/p21	119	p21	n119/p21	f9cf53cc9408437bbf62e91e4f2a256e6d64c1bb	LOCATOR_VERIFIED_ONLY_B_PROVISIONAL
STAGE0:R011:wm-r011-120-candidate	R011	wanming	cangjie/reading/R007/wanming_receipts.jsonl	cangjie/reading/R011/wanming_receipts.jsonl	n120/p25	120	p25	n120/p25	f9cf53cc9408437bbf62e91e4f2a256e6d64c1bb	LOCATOR_VERIFIED_ONLY_B_PROVISIONAL
STAGE0:R013:wanming-R013-121-narrative-candidate	R013	wanming	cangjie/reading/R007/wanming_receipts.jsonl	cangjie/reading/R013/wanming_receipts.jsonl	n121/p31	121	p31	n121/p31	5f3e3d247e2816e01c6ff7d9dcc8f82478311184	LOCATOR_VERIFIED_ONLY_B_PROVISIONAL
STAGE0:R013:wanming-R013-125-narrative-candidate	R013	wanming	cangjie/reading/R007/wanming_receipts.jsonl	cangjie/reading/R013/wanming_receipts.jsonl	n125/p29	125	p29	n125/p29	5f3e3d247e2816e01c6ff7d9dcc8f82478311184	LOCATOR_VERIFIED_ONLY_B_PROVISIONAL
STAGE0:R013:wanming-R013-128-narrative-candidate	R013	wanming	cangjie/reading/R007/wanming_receipts.jsonl	cangjie/reading/R013/wanming_receipts.jsonl	n128/p29	128	p29	n128/p29	5f3e3d247e2816e01c6ff7d9dcc8f82478311184	LOCATOR_VERIFIED_ONLY_B_PROVISIONAL
STAGE0:R013:wanming-R013-130-narrative-candidate	R013	wanming	cangjie/reading/R007/wanming_receipts.jsonl	cangjie/reading/R013/wanming_receipts.jsonl	n130/p28	130	p28	n130/p28	5f3e3d247e2816e01c6ff7d9dcc8f82478311184	LOCATOR_VERIFIED_ONLY_B_PROVISIONAL
STAGE0:R013:wanming-R013-133-narrative-candidate	R013	wanming	cangjie/reading/R007/wanming_receipts.jsonl	cangjie/reading/R013/wanming_receipts.jsonl	n133/p26	133	p26	n133/p26	5f3e3d247e2816e01c6ff7d9dcc8f82478311184	LOCATOR_VERIFIED_ONLY_B_PROVISIONAL
STAGE0:R013:wanming-R013-135-narrative-candidate	R013	wanming	cangjie/reading/R007/wanming_receipts.jsonl	cangjie/reading/R013/wanming_receipts.jsonl	n135/p31	135	p31	n135/p31	5f3e3d247e2816e01c6ff7d9dcc8f82478311184	LOCATOR_VERIFIED_ONLY_B_PROVISIONAL
STAGE0:R013:wanming-R013-137-narrative-candidate	R013	wanming	cangjie/reading/R007/wanming_receipts.jsonl	cangjie/reading/R013/wanming_receipts.jsonl	n137/p35	137	p35	n137/p35	5f3e3d247e2816e01c6ff7d9dcc8f82478311184	LOCATOR_VERIFIED_ONLY_B_PROVISIONAL
STAGE0:R013:wanming-R013-139-narrative-candidate	R013	wanming	cangjie/reading/R007/wanming_receipts.jsonl	cangjie/reading/R013/wanming_receipts.jsonl	n139/p24	139	p24	n139/p24	5f3e3d247e2816e01c6ff7d9dcc8f82478311184	LOCATOR_VERIFIED_ONLY_B_PROVISIONAL
STAGE0:R013:wanming-R013-140-narrative-candidate	R013	wanming	cangjie/reading/R007/wanming_receipts.jsonl	cangjie/reading/R013/wanming_receipts.jsonl	n140/p28	140	p28	n140/p28	5f3e3d247e2816e01c6ff7d9dcc8f82478311184	LOCATOR_VERIFIED_ONLY_B_PROVISIONAL
STAGE0:R013:wanming-R013-143-narrative-candidate	R013	wanming	cangjie/reading/R007/wanming_receipts.jsonl	cangjie/reading/R013/wanming_receipts.jsonl	n143/p29	143	p29	n143/p29	5f3e3d247e2816e01c6ff7d9dcc8f82478311184	LOCATOR_VERIFIED_ONLY_B_PROVISIONAL
STAGE0:R013:wanming-R013-147-narrative-candidate	R013	wanming	cangjie/reading/R007/wanming_receipts.jsonl	cangjie/reading/R013/wanming_receipts.jsonl	n147/p23	147	p23	n147/p23	5f3e3d247e2816e01c6ff7d9dcc8f82478311184	LOCATOR_VERIFIED_ONLY_B_PROVISIONAL
STAGE0:R013:wanming-R013-149-narrative-candidate	R013	wanming	cangjie/reading/R007/wanming_receipts.jsonl	cangjie/reading/R013/wanming_receipts.jsonl	n149/p37	149	p37	n149/p37	5f3e3d247e2816e01c6ff7d9dcc8f82478311184	LOCATOR_VERIFIED_ONLY_B_PROVISIONAL
STAGE0:R013:wanming-R013-150-narrative-candidate	R013	wanming	cangjie/reading/R007/wanming_receipts.jsonl	cangjie/reading/R013/wanming_receipts.jsonl	n150/p33	150	p33	n150/p33	5f3e3d247e2816e01c6ff7d9dcc8f82478311184	LOCATOR_VERIFIED_ONLY_B_PROVISIONAL
STAGE0:R013:wanming-R013-154-narrative-candidate	R013	wanming	cangjie/reading/R007/wanming_receipts.jsonl	cangjie/reading/R013/wanming_receipts.jsonl	n154/p36	154	p36	n154/p36	5f3e3d247e2816e01c6ff7d9dcc8f82478311184	LOCATOR_VERIFIED_ONLY_B_PROVISIONAL
STAGE0:R013:wanming-R013-156-narrative-candidate	R013	wanming	cangjie/reading/R007/wanming_receipts.jsonl	cangjie/reading/R013/wanming_receipts.jsonl	n156/p22	156	p22	n156/p22	5f3e3d247e2816e01c6ff7d9dcc8f82478311184	LOCATOR_VERIFIED_ONLY_B_PROVISIONAL
STAGE0:R013:wanming-R013-157-narrative-candidate	R013	wanming	cangjie/reading/R007/wanming_receipts.jsonl	cangjie/reading/R013/wanming_receipts.jsonl	n157/p35	157	p35	n157/p35	5f3e3d247e2816e01c6ff7d9dcc8f82478311184	LOCATOR_VERIFIED_ONLY_B_PROVISIONAL
STAGE0:R013:wanming-R013-159-narrative-candidate	R013	wanming	cangjie/reading/R007/wanming_receipts.jsonl	cangjie/reading/R013/wanming_receipts.jsonl	n159/p20	159	p20	n159/p20	5f3e3d247e2816e01c6ff7d9dcc8f82478311184	LOCATOR_VERIFIED_ONLY_B_PROVISIONAL
STAGE0:R013:wanming-R013-160-narrative-candidate	R013	wanming	cangjie/reading/R007/wanming_receipts.jsonl	cangjie/reading/R013/wanming_receipts.jsonl	n160/p18	160	p18	n160/p18	5f3e3d247e2816e01c6ff7d9dcc8f82478311184	LOCATOR_VERIFIED_ONLY_B_PROVISIONAL
STAGE0:R015:wanming-R015-161-narrative-candidate	R015	wanming	cangjie/reading/R007/wanming_receipts.jsonl	cangjie/reading/R015/wanming_receipts.jsonl	n161/p27	161	p27	n161/p27	3b8d241bedb0e2f1ca17c8e4594601cb63fb74a1	LOCATOR_VERIFIED_ONLY_B_PROVISIONAL
STAGE0:R015:wanming-R015-164-narrative-candidate	R015	wanming	cangjie/reading/R007/wanming_receipts.jsonl	cangjie/reading/R015/wanming_receipts.jsonl	n164/p44	164	p44	n164/p44	3b8d241bedb0e2f1ca17c8e4594601cb63fb74a1	LOCATOR_VERIFIED_ONLY_B_PROVISIONAL
STAGE0:R015:wanming-R015-169-narrative-candidate	R015	wanming	cangjie/reading/R007/wanming_receipts.jsonl	cangjie/reading/R015/wanming_receipts.jsonl	n169/p20	169	p20	n169/p20	3b8d241bedb0e2f1ca17c8e4594601cb63fb74a1	LOCATOR_VERIFIED_ONLY_B_PROVISIONAL
STAGE0:R015:wanming-R015-173-narrative-candidate	R015	wanming	cangjie/reading/R007/wanming_receipts.jsonl	cangjie/reading/R015/wanming_receipts.jsonl	n173/p23	173	p23	n173/p23	3b8d241bedb0e2f1ca17c8e4594601cb63fb74a1	LOCATOR_VERIFIED_ONLY_B_PROVISIONAL
STAGE0:R015:wanming-R015-176-narrative-candidate	R015	wanming	cangjie/reading/R007/wanming_receipts.jsonl	cangjie/reading/R015/wanming_receipts.jsonl	n176/p50	176	p50	n176/p50	3b8d241bedb0e2f1ca17c8e4594601cb63fb74a1	LOCATOR_VERIFIED_ONLY_B_PROVISIONAL
STAGE0:R015:wanming-R015-179-narrative-candidate	R015	wanming	cangjie/reading/R007/wanming_receipts.jsonl	cangjie/reading/R015/wanming_receipts.jsonl	n179/p14	179	p14	n179/p14	3b8d241bedb0e2f1ca17c8e4594601cb63fb74a1	LOCATOR_VERIFIED_ONLY_B_PROVISIONAL
STAGE0:R015:wanming-R015-180-narrative-candidate	R015	wanming	cangjie/reading/R007/wanming_receipts.jsonl	cangjie/reading/R015/wanming_receipts.jsonl	n180/p21	180	p21	n180/p21	3b8d241bedb0e2f1ca17c8e4594601cb63fb74a1	LOCATOR_VERIFIED_ONLY_B_PROVISIONAL
STAGE0:R015:wanming-R015-182-narrative-candidate	R015	wanming	cangjie/reading/R007/wanming_receipts.jsonl	cangjie/reading/R015/wanming_receipts.jsonl	n182/p22	182	p22	n182/p22	3b8d241bedb0e2f1ca17c8e4594601cb63fb74a1	LOCATOR_VERIFIED_ONLY_B_PROVISIONAL
STAGE0:R015:wanming-R015-185-narrative-candidate	R015	wanming	cangjie/reading/R007/wanming_receipts.jsonl	cangjie/reading/R015/wanming_receipts.jsonl	n185/p41	185	p41	n185/p41	3b8d241bedb0e2f1ca17c8e4594601cb63fb74a1	LOCATOR_VERIFIED_ONLY_B_PROVISIONAL
STAGE0:R015:wanming-R015-187-narrative-candidate	R015	wanming	cangjie/reading/R007/wanming_receipts.jsonl	cangjie/reading/R015/wanming_receipts.jsonl	n187/p21	187	p21	n187/p21	3b8d241bedb0e2f1ca17c8e4594601cb63fb74a1	LOCATOR_VERIFIED_ONLY_B_PROVISIONAL
STAGE0:R015:wanming-R015-189-narrative-candidate	R015	wanming	cangjie/reading/R007/wanming_receipts.jsonl	cangjie/reading/R015/wanming_receipts.jsonl	n189/p41	189	p41	n189/p41	3b8d241bedb0e2f1ca17c8e4594601cb63fb74a1	LOCATOR_VERIFIED_ONLY_B_PROVISIONAL
STAGE0:R015:wanming-R015-190-narrative-candidate	R015	wanming	cangjie/reading/R007/wanming_receipts.jsonl	cangjie/reading/R015/wanming_receipts.jsonl	n190/p28	190	p28	n190/p28	3b8d241bedb0e2f1ca17c8e4594601cb63fb74a1	LOCATOR_VERIFIED_ONLY_B_PROVISIONAL
STAGE0:R015:wanming-R015-191-narrative-candidate	R015	wanming	cangjie/reading/R007/wanming_receipts.jsonl	cangjie/reading/R015/wanming_receipts.jsonl	n191/p29	191	p29	n191/p29	3b8d241bedb0e2f1ca17c8e4594601cb63fb74a1	LOCATOR_VERIFIED_ONLY_B_PROVISIONAL
STAGE0:R015:wanming-R015-194-narrative-candidate	R015	wanming	cangjie/reading/R007/wanming_receipts.jsonl	cangjie/reading/R015/wanming_receipts.jsonl	n194/p26	194	p26	n194/p26	3b8d241bedb0e2f1ca17c8e4594601cb63fb74a1	LOCATOR_VERIFIED_ONLY_B_PROVISIONAL
STAGE0:R015:wanming-R015-196-narrative-candidate	R015	wanming	cangjie/reading/R007/wanming_receipts.jsonl	cangjie/reading/R015/wanming_receipts.jsonl	n196/p27	196	p27	n196/p27	3b8d241bedb0e2f1ca17c8e4594601cb63fb74a1	LOCATOR_VERIFIED_ONLY_B_PROVISIONAL
STAGE0:R015:wanming-R015-197-narrative-candidate	R015	wanming	cangjie/reading/R007/wanming_receipts.jsonl	cangjie/reading/R015/wanming_receipts.jsonl	n197/p24	197	p24	n197/p24	3b8d241bedb0e2f1ca17c8e4594601cb63fb74a1	LOCATOR_VERIFIED_ONLY_B_PROVISIONAL
STAGE0:R015:wanming-R015-199-narrative-candidate	R015	wanming	cangjie/reading/R007/wanming_receipts.jsonl	cangjie/reading/R015/wanming_receipts.jsonl	n199/p20	199	p20	n199/p20	3b8d241bedb0e2f1ca17c8e4594601cb63fb74a1	LOCATOR_VERIFIED_ONLY_B_PROVISIONAL
STAGE0:R015:wanming-R015-200-narrative-candidate	R015	wanming	cangjie/reading/R007/wanming_receipts.jsonl	cangjie/reading/R015/wanming_receipts.jsonl	n200/p19	200	p19	n200/p19	3b8d241bedb0e2f1ca17c8e4594601cb63fb74a1	LOCATOR_VERIFIED_ONLY_B_PROVISIONAL
STAGE0:R017:wanming-R017-201-candidate	R017	wanming	cangjie/reading/R007/wanming_receipts.jsonl	cangjie/reading/R017/wanming_receipts.jsonl	n201/p26	201	p26	n201/p26	e93b35d0282de0f56fa7bbbb04a44b5c8b05aa22	LOCATOR_VERIFIED_ONLY_B_PROVISIONAL
STAGE0:R017:wanming-R017-202-candidate	R017	wanming	cangjie/reading/R007/wanming_receipts.jsonl	cangjie/reading/R017/wanming_receipts.jsonl	n202/p31	202	p31	n202/p31	e93b35d0282de0f56fa7bbbb04a44b5c8b05aa22	LOCATOR_VERIFIED_ONLY_B_PROVISIONAL
STAGE0:R017:wanming-R017-203-candidate	R017	wanming	cangjie/reading/R007/wanming_receipts.jsonl	cangjie/reading/R017/wanming_receipts.jsonl	n203/p19	203	p19	n203/p19	e93b35d0282de0f56fa7bbbb04a44b5c8b05aa22	LOCATOR_VERIFIED_ONLY_B_PROVISIONAL
STAGE0:R017:wanming-R017-207-candidate	R017	wanming	cangjie/reading/R007/wanming_receipts.jsonl	cangjie/reading/R017/wanming_receipts.jsonl	n207/p25	207	p25	n207/p25	e93b35d0282de0f56fa7bbbb04a44b5c8b05aa22	LOCATOR_VERIFIED_ONLY_B_PROVISIONAL
STAGE0:R017:wanming-R017-212-candidate	R017	wanming	cangjie/reading/R007/wanming_receipts.jsonl	cangjie/reading/R017/wanming_receipts.jsonl	n212/p21	212	p21	n212/p21	e93b35d0282de0f56fa7bbbb04a44b5c8b05aa22	LOCATOR_VERIFIED_ONLY_B_PROVISIONAL
STAGE0:R017:wanming-R017-213-candidate	R017	wanming	cangjie/reading/R007/wanming_receipts.jsonl	cangjie/reading/R017/wanming_receipts.jsonl	n213/p24	213	p24	n213/p24	e93b35d0282de0f56fa7bbbb04a44b5c8b05aa22	LOCATOR_VERIFIED_ONLY_B_PROVISIONAL
STAGE0:R017:wanming-R017-214-candidate	R017	wanming	cangjie/reading/R007/wanming_receipts.jsonl	cangjie/reading/R017/wanming_receipts.jsonl	n214/p26	214	p26	n214/p26	e93b35d0282de0f56fa7bbbb04a44b5c8b05aa22	LOCATOR_VERIFIED_ONLY_B_PROVISIONAL
STAGE0:R017:wanming-R017-216-candidate	R017	wanming	cangjie/reading/R007/wanming_receipts.jsonl	cangjie/reading/R017/wanming_receipts.jsonl	n216/p29	216	p29	n216/p29	e93b35d0282de0f56fa7bbbb04a44b5c8b05aa22	LOCATOR_VERIFIED_ONLY_B_PROVISIONAL
STAGE0:R017:wanming-R017-217-candidate	R017	wanming	cangjie/reading/R007/wanming_receipts.jsonl	cangjie/reading/R017/wanming_receipts.jsonl	n217/p19	217	p19	n217/p19	e93b35d0282de0f56fa7bbbb04a44b5c8b05aa22	LOCATOR_VERIFIED_ONLY_B_PROVISIONAL
STAGE0:R017:wanming-R017-219-candidate	R017	wanming	cangjie/reading/R007/wanming_receipts.jsonl	cangjie/reading/R017/wanming_receipts.jsonl	n219/p20	219	p20	n219/p20	e93b35d0282de0f56fa7bbbb04a44b5c8b05aa22	LOCATOR_VERIFIED_ONLY_B_PROVISIONAL
STAGE0:R017:wanming-R017-220-candidate	R017	wanming	cangjie/reading/R007/wanming_receipts.jsonl	cangjie/reading/R017/wanming_receipts.jsonl	n220/p24	220	p24	n220/p24	e93b35d0282de0f56fa7bbbb04a44b5c8b05aa22	LOCATOR_VERIFIED_ONLY_B_PROVISIONAL
STAGE0:R017:wanming-R017-222-candidate	R017	wanming	cangjie/reading/R007/wanming_receipts.jsonl	cangjie/reading/R017/wanming_receipts.jsonl	n222/p21	222	p21	n222/p21	e93b35d0282de0f56fa7bbbb04a44b5c8b05aa22	LOCATOR_VERIFIED_ONLY_B_PROVISIONAL
STAGE0:R017:wanming-R017-223-candidate	R017	wanming	cangjie/reading/R007/wanming_receipts.jsonl	cangjie/reading/R017/wanming_receipts.jsonl	n223/p25	223	p25	n223/p25	e93b35d0282de0f56fa7bbbb04a44b5c8b05aa22	LOCATOR_VERIFIED_ONLY_B_PROVISIONAL
STAGE0:R017:wanming-R017-225-candidate	R017	wanming	cangjie/reading/R007/wanming_receipts.jsonl	cangjie/reading/R017/wanming_receipts.jsonl	n225/p19	225	p19	n225/p19	e93b35d0282de0f56fa7bbbb04a44b5c8b05aa22	LOCATOR_VERIFIED_ONLY_B_PROVISIONAL
STAGE0:R017:wanming-R017-229-candidate	R017	wanming	cangjie/reading/R007/wanming_receipts.jsonl	cangjie/reading/R017/wanming_receipts.jsonl	n229/p20	229	p20	n229/p20	e93b35d0282de0f56fa7bbbb04a44b5c8b05aa22	LOCATOR_VERIFIED_ONLY_B_PROVISIONAL
STAGE0:R017:wanming-R017-231-candidate	R017	wanming	cangjie/reading/R007/wanming_receipts.jsonl	cangjie/reading/R017/wanming_receipts.jsonl	n231/p27	231	p27	n231/p27	e93b35d0282de0f56fa7bbbb04a44b5c8b05aa22	LOCATOR_VERIFIED_ONLY_B_PROVISIONAL
STAGE0:R017:wanming-R017-233-candidate	R017	wanming	cangjie/reading/R007/wanming_receipts.jsonl	cangjie/reading/R017/wanming_receipts.jsonl	n233/p29	233	p29	n233/p29	e93b35d0282de0f56fa7bbbb04a44b5c8b05aa22	LOCATOR_VERIFIED_ONLY_B_PROVISIONAL
STAGE0:R017:wanming-R017-237-candidate	R017	wanming	cangjie/reading/R007/wanming_receipts.jsonl	cangjie/reading/R017/wanming_receipts.jsonl	n237/p29	237	p29	n237/p29	e93b35d0282de0f56fa7bbbb04a44b5c8b05aa22	LOCATOR_VERIFIED_ONLY_B_PROVISIONAL
STAGE0:R017:wanming-R017-239-candidate	R017	wanming	cangjie/reading/R007/wanming_receipts.jsonl	cangjie/reading/R017/wanming_receipts.jsonl	n239/p24	239	p24	n239/p24	e93b35d0282de0f56fa7bbbb04a44b5c8b05aa22	LOCATOR_VERIFIED_ONLY_B_PROVISIONAL
STAGE0:R017:wanming-R017-240-candidate	R017	wanming	cangjie/reading/R007/wanming_receipts.jsonl	cangjie/reading/R017/wanming_receipts.jsonl	n240/p20	240	p20	n240/p20	e93b35d0282de0f56fa7bbbb04a44b5c8b05aa22	LOCATOR_VERIFIED_ONLY_B_PROVISIONAL
STAGE0:R019:v13-r019-wanming-241-candidate	R019	wanming	cangjie/reading/R007/wanming_receipts.jsonl	cangjie/reading/R019/wanming_receipts.jsonl	n241/p23	241	p23	n241/p23	c244804fe395faf734b0df9c33c1d86dc09fb5b4	LOCATOR_VERIFIED_ONLY_B_PROVISIONAL
STAGE0:R019:v13-r019-wanming-242-candidate	R019	wanming	cangjie/reading/R007/wanming_receipts.jsonl	cangjie/reading/R019/wanming_receipts.jsonl	n242/p37	242	p37	n242/p37	c244804fe395faf734b0df9c33c1d86dc09fb5b4	LOCATOR_VERIFIED_ONLY_B_PROVISIONAL
STAGE0:R019:v13-r019-wanming-243-candidate	R019	wanming	cangjie/reading/R007/wanming_receipts.jsonl	cangjie/reading/R019/wanming_receipts.jsonl	n243/p34	243	p34	n243/p34	c244804fe395faf734b0df9c33c1d86dc09fb5b4	LOCATOR_VERIFIED_ONLY_B_PROVISIONAL
STAGE0:R019:v13-r019-wanming-246-candidate	R019	wanming	cangjie/reading/R007/wanming_receipts.jsonl	cangjie/reading/R019/wanming_receipts.jsonl	n246/p23	246	p23	n246/p23	c244804fe395faf734b0df9c33c1d86dc09fb5b4	LOCATOR_VERIFIED_ONLY_B_PROVISIONAL
STAGE0:R019:v13-r019-wanming-248-candidate	R019	wanming	cangjie/reading/R007/wanming_receipts.jsonl	cangjie/reading/R019/wanming_receipts.jsonl	n248/p26	248	p26	n248/p26	c244804fe395faf734b0df9c33c1d86dc09fb5b4	LOCATOR_VERIFIED_ONLY_B_PROVISIONAL
STAGE0:R019:v13-r019-wanming-250-candidate	R019	wanming	cangjie/reading/R007/wanming_receipts.jsonl	cangjie/reading/R019/wanming_receipts.jsonl	n250/p30	250	p30	n250/p30	c244804fe395faf734b0df9c33c1d86dc09fb5b4	LOCATOR_VERIFIED_ONLY_B_PROVISIONAL
STAGE0:R019:v13-r019-wanming-252-candidate	R019	wanming	cangjie/reading/R007/wanming_receipts.jsonl	cangjie/reading/R019/wanming_receipts.jsonl	n252/p27	252	p27	n252/p27	c244804fe395faf734b0df9c33c1d86dc09fb5b4	LOCATOR_VERIFIED_ONLY_B_PROVISIONAL
STAGE0:R019:v13-r019-wanming-255-candidate	R019	wanming	cangjie/reading/R007/wanming_receipts.jsonl	cangjie/reading/R019/wanming_receipts.jsonl	n255/p29	255	p29	n255/p29	c244804fe395faf734b0df9c33c1d86dc09fb5b4	LOCATOR_VERIFIED_ONLY_B_PROVISIONAL
STAGE0:R019:v13-r019-wanming-256-candidate	R019	wanming	cangjie/reading/R007/wanming_receipts.jsonl	cangjie/reading/R019/wanming_receipts.jsonl	n256/p26	256	p26	n256/p26	c244804fe395faf734b0df9c33c1d86dc09fb5b4	LOCATOR_VERIFIED_ONLY_B_PROVISIONAL
STAGE0:R019:v13-r019-wanming-259-candidate	R019	wanming	cangjie/reading/R007/wanming_receipts.jsonl	cangjie/reading/R019/wanming_receipts.jsonl	n259/p36	259	p36	n259/p36	c244804fe395faf734b0df9c33c1d86dc09fb5b4	LOCATOR_VERIFIED_ONLY_B_PROVISIONAL
STAGE0:R019:v13-r019-wanming-262-candidate	R019	wanming	cangjie/reading/R007/wanming_receipts.jsonl	cangjie/reading/R019/wanming_receipts.jsonl	n262/p26	262	p26	n262/p26	c244804fe395faf734b0df9c33c1d86dc09fb5b4	LOCATOR_VERIFIED_ONLY_B_PROVISIONAL
STAGE0:R019:v13-r019-wanming-263-candidate	R019	wanming	cangjie/reading/R007/wanming_receipts.jsonl	cangjie/reading/R019/wanming_receipts.jsonl	n263/p32	263	p32	n263/p32	c244804fe395faf734b0df9c33c1d86dc09fb5b4	LOCATOR_VERIFIED_ONLY_B_PROVISIONAL
STAGE0:R019:v13-r019-wanming-265-candidate	R019	wanming	cangjie/reading/R007/wanming_receipts.jsonl	cangjie/reading/R019/wanming_receipts.jsonl	n265/p28	265	p28	n265/p28	c244804fe395faf734b0df9c33c1d86dc09fb5b4	LOCATOR_VERIFIED_ONLY_B_PROVISIONAL
STAGE0:R019:v13-r019-wanming-268-candidate	R019	wanming	cangjie/reading/R007/wanming_receipts.jsonl	cangjie/reading/R019/wanming_receipts.jsonl	n268/p28	268	p28	n268/p28	c244804fe395faf734b0df9c33c1d86dc09fb5b4	LOCATOR_VERIFIED_ONLY_B_PROVISIONAL
STAGE0:R019:v13-r019-wanming-270-candidate	R019	wanming	cangjie/reading/R007/wanming_receipts.jsonl	cangjie/reading/R019/wanming_receipts.jsonl	n270/p28	270	p28	n270/p28	c244804fe395faf734b0df9c33c1d86dc09fb5b4	LOCATOR_VERIFIED_ONLY_B_PROVISIONAL
STAGE0:R019:v13-r019-wanming-272-candidate	R019	wanming	cangjie/reading/R007/wanming_receipts.jsonl	cangjie/reading/R019/wanming_receipts.jsonl	n272/p35	272	p35	n272/p35	c244804fe395faf734b0df9c33c1d86dc09fb5b4	LOCATOR_VERIFIED_ONLY_B_PROVISIONAL
STAGE0:R019:v13-r019-wanming-273-candidate	R019	wanming	cangjie/reading/R007/wanming_receipts.jsonl	cangjie/reading/R019/wanming_receipts.jsonl	n273/p33	273	p33	n273/p33	c244804fe395faf734b0df9c33c1d86dc09fb5b4	LOCATOR_VERIFIED_ONLY_B_PROVISIONAL
STAGE0:R019:v13-r019-wanming-274-candidate	R019	wanming	cangjie/reading/R007/wanming_receipts.jsonl	cangjie/reading/R019/wanming_receipts.jsonl	n274/p26	274	p26	n274/p26	c244804fe395faf734b0df9c33c1d86dc09fb5b4	LOCATOR_VERIFIED_ONLY_B_PROVISIONAL
STAGE0:R019:v13-r019-wanming-277-candidate	R019	wanming	cangjie/reading/R007/wanming_receipts.jsonl	cangjie/reading/R019/wanming_receipts.jsonl	n277/p29	277	p29	n277/p29	c244804fe395faf734b0df9c33c1d86dc09fb5b4	LOCATOR_VERIFIED_ONLY_B_PROVISIONAL
STAGE0:R019:v13-r019-wanming-280-candidate	R019	wanming	cangjie/reading/R007/wanming_receipts.jsonl	cangjie/reading/R019/wanming_receipts.jsonl	n280/p27	280	p27	n280/p27	c244804fe395faf734b0df9c33c1d86dc09fb5b4	LOCATOR_VERIFIED_ONLY_B_PROVISIONAL
STAGE0:R021:V13-R021-wanming-281-candidate	R021	wanming	cangjie/reading/R007/wanming_receipts.jsonl	cangjie/reading/R021/wanming_receipts.jsonl	n281/p35	281	p35	n281/p35	eb135e6ef9bcdb40100d8c13d4f9c746087e5dbd	LOCATOR_VERIFIED_ONLY_B_PROVISIONAL
STAGE0:R021:V13-R021-wanming-282-candidate	R021	wanming	cangjie/reading/R007/wanming_receipts.jsonl	cangjie/reading/R021/wanming_receipts.jsonl	n282/p31	282	p31	n282/p31	eb135e6ef9bcdb40100d8c13d4f9c746087e5dbd	LOCATOR_VERIFIED_ONLY_B_PROVISIONAL
STAGE0:R021:V13-R021-wanming-283-candidate	R021	wanming	cangjie/reading/R007/wanming_receipts.jsonl	cangjie/reading/R021/wanming_receipts.jsonl	n283/p22	283	p22	n283/p22	eb135e6ef9bcdb40100d8c13d4f9c746087e5dbd	LOCATOR_VERIFIED_ONLY_B_PROVISIONAL
STAGE0:R021:V13-R021-wanming-285-candidate	R021	wanming	cangjie/reading/R007/wanming_receipts.jsonl	cangjie/reading/R021/wanming_receipts.jsonl	n285/p24	285	p24	n285/p24	eb135e6ef9bcdb40100d8c13d4f9c746087e5dbd	LOCATOR_VERIFIED_ONLY_B_PROVISIONAL
STAGE0:R021:V13-R021-wanming-288-candidate	R021	wanming	cangjie/reading/R007/wanming_receipts.jsonl	cangjie/reading/R021/wanming_receipts.jsonl	n288/p32	288	p32	n288/p32	eb135e6ef9bcdb40100d8c13d4f9c746087e5dbd	LOCATOR_VERIFIED_ONLY_B_PROVISIONAL
STAGE0:R021:V13-R021-wanming-291-candidate	R021	wanming	cangjie/reading/R007/wanming_receipts.jsonl	cangjie/reading/R021/wanming_receipts.jsonl	n291/p25	291	p25	n291/p25	eb135e6ef9bcdb40100d8c13d4f9c746087e5dbd	LOCATOR_VERIFIED_ONLY_B_PROVISIONAL
STAGE0:R021:V13-R021-wanming-293-candidate	R021	wanming	cangjie/reading/R007/wanming_receipts.jsonl	cangjie/reading/R021/wanming_receipts.jsonl	n293/p32	293	p32	n293/p32	eb135e6ef9bcdb40100d8c13d4f9c746087e5dbd	LOCATOR_VERIFIED_ONLY_B_PROVISIONAL
STAGE0:R021:V13-R021-wanming-295-candidate	R021	wanming	cangjie/reading/R007/wanming_receipts.jsonl	cangjie/reading/R021/wanming_receipts.jsonl	n295/p27	295	p27	n295/p27	eb135e6ef9bcdb40100d8c13d4f9c746087e5dbd	LOCATOR_VERIFIED_ONLY_B_PROVISIONAL
STAGE0:R021:V13-R021-wanming-297-candidate	R021	wanming	cangjie/reading/R007/wanming_receipts.jsonl	cangjie/reading/R021/wanming_receipts.jsonl	n297/p25	297	p25	n297/p25	eb135e6ef9bcdb40100d8c13d4f9c746087e5dbd	LOCATOR_VERIFIED_ONLY_B_PROVISIONAL
STAGE0:R021:V13-R021-wanming-299-candidate	R021	wanming	cangjie/reading/R007/wanming_receipts.jsonl	cangjie/reading/R021/wanming_receipts.jsonl	n299/p25	299	p25	n299/p25	eb135e6ef9bcdb40100d8c13d4f9c746087e5dbd	LOCATOR_VERIFIED_ONLY_B_PROVISIONAL
STAGE0:R021:V13-R021-wanming-301-candidate	R021	wanming	cangjie/reading/R007/wanming_receipts.jsonl	cangjie/reading/R021/wanming_receipts.jsonl	n301/p31	301	p31	n301/p31	eb135e6ef9bcdb40100d8c13d4f9c746087e5dbd	LOCATOR_VERIFIED_ONLY_B_PROVISIONAL
STAGE0:R021:V13-R021-wanming-303-candidate	R021	wanming	cangjie/reading/R007/wanming_receipts.jsonl	cangjie/reading/R021/wanming_receipts.jsonl	n303/p33	303	p33	n303/p33	eb135e6ef9bcdb40100d8c13d4f9c746087e5dbd	LOCATOR_VERIFIED_ONLY_B_PROVISIONAL
STAGE0:R021:V13-R021-wanming-305-candidate	R021	wanming	cangjie/reading/R007/wanming_receipts.jsonl	cangjie/reading/R021/wanming_receipts.jsonl	n305/p32	305	p32	n305/p32	eb135e6ef9bcdb40100d8c13d4f9c746087e5dbd	LOCATOR_VERIFIED_ONLY_B_PROVISIONAL
STAGE0:R021:V13-R021-wanming-307-candidate	R021	wanming	cangjie/reading/R007/wanming_receipts.jsonl	cangjie/reading/R021/wanming_receipts.jsonl	n307/p26	307	p26	n307/p26	eb135e6ef9bcdb40100d8c13d4f9c746087e5dbd	LOCATOR_VERIFIED_ONLY_B_PROVISIONAL
STAGE0:R021:V13-R021-wanming-309-candidate	R021	wanming	cangjie/reading/R007/wanming_receipts.jsonl	cangjie/reading/R021/wanming_receipts.jsonl	n309/p19	309	p19	n309/p19	eb135e6ef9bcdb40100d8c13d4f9c746087e5dbd	LOCATOR_VERIFIED_ONLY_B_PROVISIONAL
STAGE0:R021:V13-R021-wanming-311-candidate	R021	wanming	cangjie/reading/R007/wanming_receipts.jsonl	cangjie/reading/R021/wanming_receipts.jsonl	n311/p41	311	p41	n311/p41	eb135e6ef9bcdb40100d8c13d4f9c746087e5dbd	LOCATOR_VERIFIED_ONLY_B_PROVISIONAL
STAGE0:R021:V13-R021-wanming-313-candidate	R021	wanming	cangjie/reading/R007/wanming_receipts.jsonl	cangjie/reading/R021/wanming_receipts.jsonl	n313/p22	313	p22	n313/p22	eb135e6ef9bcdb40100d8c13d4f9c746087e5dbd	LOCATOR_VERIFIED_ONLY_B_PROVISIONAL
STAGE0:R021:V13-R021-wanming-316-candidate	R021	wanming	cangjie/reading/R007/wanming_receipts.jsonl	cangjie/reading/R021/wanming_receipts.jsonl	n316/p16	316	p16	n316/p16	eb135e6ef9bcdb40100d8c13d4f9c746087e5dbd	LOCATOR_VERIFIED_ONLY_B_PROVISIONAL
STAGE0:R021:V13-R021-wanming-318-candidate	R021	wanming	cangjie/reading/R007/wanming_receipts.jsonl	cangjie/reading/R021/wanming_receipts.jsonl	n318/p29	318	p29	n318/p29	eb135e6ef9bcdb40100d8c13d4f9c746087e5dbd	LOCATOR_VERIFIED_ONLY_B_PROVISIONAL
STAGE0:R021:V13-R021-wanming-320-candidate	R021	wanming	cangjie/reading/R007/wanming_receipts.jsonl	cangjie/reading/R021/wanming_receipts.jsonl	n320/p40	320	p40	n320/p40	eb135e6ef9bcdb40100d8c13d4f9c746087e5dbd	LOCATOR_VERIFIED_ONLY_B_PROVISIONAL
STAGE0:R023:v13-r023-wanming-321-candidate	R023	wanming	cangjie/reading/R007/wanming_receipts.jsonl	cangjie/reading/R023/wanming_receipts.jsonl	n321/p32	321	p32	n321/p32	b4cca815dc2bf23e89dabb4ab6705d41bc0259ac	LOCATOR_VERIFIED_ONLY_B_PROVISIONAL
STAGE0:R023:v13-r023-wanming-322-candidate	R023	wanming	cangjie/reading/R007/wanming_receipts.jsonl	cangjie/reading/R023/wanming_receipts.jsonl	n322/p26	322	p26	n322/p26	b4cca815dc2bf23e89dabb4ab6705d41bc0259ac	LOCATOR_VERIFIED_ONLY_B_PROVISIONAL
STAGE0:R023:v13-r023-wanming-323-candidate	R023	wanming	cangjie/reading/R007/wanming_receipts.jsonl	cangjie/reading/R023/wanming_receipts.jsonl	n323/p22	323	p22	n323/p22	b4cca815dc2bf23e89dabb4ab6705d41bc0259ac	LOCATOR_VERIFIED_ONLY_B_PROVISIONAL
STAGE0:R023:v13-r023-wanming-325-candidate	R023	wanming	cangjie/reading/R007/wanming_receipts.jsonl	cangjie/reading/R023/wanming_receipts.jsonl	n325/p27	325	p27	n325/p27	b4cca815dc2bf23e89dabb4ab6705d41bc0259ac	LOCATOR_VERIFIED_ONLY_B_PROVISIONAL
STAGE0:R023:v13-r023-wanming-329-candidate	R023	wanming	cangjie/reading/R007/wanming_receipts.jsonl	cangjie/reading/R023/wanming_receipts.jsonl	n329/p30	329	p30	n329/p30	b4cca815dc2bf23e89dabb4ab6705d41bc0259ac	LOCATOR_VERIFIED_ONLY_B_PROVISIONAL
STAGE0:R023:v13-r023-wanming-331-candidate	R023	wanming	cangjie/reading/R007/wanming_receipts.jsonl	cangjie/reading/R023/wanming_receipts.jsonl	n331/p26	331	p26	n331/p26	b4cca815dc2bf23e89dabb4ab6705d41bc0259ac	LOCATOR_VERIFIED_ONLY_B_PROVISIONAL
STAGE0:R023:v13-r023-wanming-333-candidate	R023	wanming	cangjie/reading/R007/wanming_receipts.jsonl	cangjie/reading/R023/wanming_receipts.jsonl	n333/p28	333	p28	n333/p28	b4cca815dc2bf23e89dabb4ab6705d41bc0259ac	LOCATOR_VERIFIED_ONLY_B_PROVISIONAL
STAGE0:R023:v13-r023-wanming-334-candidate	R023	wanming	cangjie/reading/R007/wanming_receipts.jsonl	cangjie/reading/R023/wanming_receipts.jsonl	n334/p27	334	p27	n334/p27	b4cca815dc2bf23e89dabb4ab6705d41bc0259ac	LOCATOR_VERIFIED_ONLY_B_PROVISIONAL
STAGE0:R023:v13-r023-wanming-337-candidate	R023	wanming	cangjie/reading/R007/wanming_receipts.jsonl	cangjie/reading/R023/wanming_receipts.jsonl	n337/p25	337	p25	n337/p25	b4cca815dc2bf23e89dabb4ab6705d41bc0259ac	LOCATOR_VERIFIED_ONLY_B_PROVISIONAL
STAGE0:R023:v13-r023-wanming-338-candidate	R023	wanming	cangjie/reading/R007/wanming_receipts.jsonl	cangjie/reading/R023/wanming_receipts.jsonl	n338/p21	338	p21	n338/p21	b4cca815dc2bf23e89dabb4ab6705d41bc0259ac	LOCATOR_VERIFIED_ONLY_B_PROVISIONAL
STAGE0:R023:v13-r023-wanming-339-candidate	R023	wanming	cangjie/reading/R007/wanming_receipts.jsonl	cangjie/reading/R023/wanming_receipts.jsonl	n339/p28	339	p28	n339/p28	b4cca815dc2bf23e89dabb4ab6705d41bc0259ac	LOCATOR_VERIFIED_ONLY_B_PROVISIONAL
STAGE0:R023:v13-r023-wanming-340-candidate	R023	wanming	cangjie/reading/R007/wanming_receipts.jsonl	cangjie/reading/R023/wanming_receipts.jsonl	n340/p25	340	p25	n340/p25	b4cca815dc2bf23e89dabb4ab6705d41bc0259ac	LOCATOR_VERIFIED_ONLY_B_PROVISIONAL
STAGE0:R023:v13-r023-wanming-341-candidate	R023	wanming	cangjie/reading/R007/wanming_receipts.jsonl	cangjie/reading/R023/wanming_receipts.jsonl	n341/p26	341	p26	n341/p26	b4cca815dc2bf23e89dabb4ab6705d41bc0259ac	LOCATOR_VERIFIED_ONLY_B_PROVISIONAL
STAGE0:R023:v13-r023-wanming-343-candidate	R023	wanming	cangjie/reading/R007/wanming_receipts.jsonl	cangjie/reading/R023/wanming_receipts.jsonl	n343/p35	343	p35	n343/p35	b4cca815dc2bf23e89dabb4ab6705d41bc0259ac	LOCATOR_VERIFIED_ONLY_B_PROVISIONAL
STAGE0:R023:v13-r023-wanming-344-candidate	R023	wanming	cangjie/reading/R007/wanming_receipts.jsonl	cangjie/reading/R023/wanming_receipts.jsonl	n344/p24	344	p24	n344/p24	b4cca815dc2bf23e89dabb4ab6705d41bc0259ac	LOCATOR_VERIFIED_ONLY_B_PROVISIONAL
STAGE0:R023:v13-r023-wanming-346-candidate	R023	wanming	cangjie/reading/R007/wanming_receipts.jsonl	cangjie/reading/R023/wanming_receipts.jsonl	n346/p24	346	p24	n346/p24	b4cca815dc2bf23e89dabb4ab6705d41bc0259ac	LOCATOR_VERIFIED_ONLY_B_PROVISIONAL
STAGE0:R023:v13-r023-wanming-349-candidate	R023	wanming	cangjie/reading/R007/wanming_receipts.jsonl	cangjie/reading/R023/wanming_receipts.jsonl	n349/p30	349	p30	n349/p30	b4cca815dc2bf23e89dabb4ab6705d41bc0259ac	LOCATOR_VERIFIED_ONLY_B_PROVISIONAL
STAGE0:R023:v13-r023-wanming-351-candidate	R023	wanming	cangjie/reading/R007/wanming_receipts.jsonl	cangjie/reading/R023/wanming_receipts.jsonl	n351/p28	351	p28	n351/p28	b4cca815dc2bf23e89dabb4ab6705d41bc0259ac	LOCATOR_VERIFIED_ONLY_B_PROVISIONAL
STAGE0:R023:v13-r023-wanming-356-candidate	R023	wanming	cangjie/reading/R007/wanming_receipts.jsonl	cangjie/reading/R023/wanming_receipts.jsonl	n356/p30	356	p30	n356/p30	b4cca815dc2bf23e89dabb4ab6705d41bc0259ac	LOCATOR_VERIFIED_ONLY_B_PROVISIONAL
STAGE0:R023:v13-r023-wanming-360-candidate	R023	wanming	cangjie/reading/R007/wanming_receipts.jsonl	cangjie/reading/R023/wanming_receipts.jsonl	n360/p30	360	p30	n360/p30	b4cca815dc2bf23e89dabb4ab6705d41bc0259ac	LOCATOR_VERIFIED_ONLY_B_PROVISIONAL
STAGE0:R008:tx-r008-001	R008	tiexuecanming	cangjie/reading/R007/wanming_receipts.jsonl	cangjie/reading/R008/tiexue_receipts.jsonl	n1/p1	1	p1	n1/p1	14d366673fcbaa26876120755d417aa50f3ae886	LOCATOR_VERIFIED_ONLY_B_PROVISIONAL
STAGE0:R008:tx-r008-020	R008	tiexuecanming	cangjie/reading/R007/wanming_receipts.jsonl	cangjie/reading/R008/tiexue_receipts.jsonl	n20/p1	20	p1	n20/p1	14d366673fcbaa26876120755d417aa50f3ae886	LOCATOR_VERIFIED_ONLY_B_PROVISIONAL
STAGE0:R008:tx-r008-029	R008	tiexuecanming	cangjie/reading/R007/wanming_receipts.jsonl	cangjie/reading/R008/tiexue_receipts.jsonl	n29/p1	29	p1	n29/p1	14d366673fcbaa26876120755d417aa50f3ae886	LOCATOR_VERIFIED_ONLY_B_PROVISIONAL
STAGE0:R008:tx-r008-031	R008	tiexuecanming	cangjie/reading/R007/wanming_receipts.jsonl	cangjie/reading/R008/tiexue_receipts.jsonl	n31/p1	31	p1	n31/p1	14d366673fcbaa26876120755d417aa50f3ae886	LOCATOR_VERIFIED_ONLY_B_PROVISIONAL
STAGE0:R008:tx-r008-032	R008	tiexuecanming	cangjie/reading/R007/wanming_receipts.jsonl	cangjie/reading/R008/tiexue_receipts.jsonl	n32/p1	32	p1	n32/p1	14d366673fcbaa26876120755d417aa50f3ae886	LOCATOR_VERIFIED_ONLY_B_PROVISIONAL
STAGE0:R008:tx-r008-033	R008	tiexuecanming	cangjie/reading/R007/wanming_receipts.jsonl	cangjie/reading/R008/tiexue_receipts.jsonl	n33/p1	33	p1	n33/p1	14d366673fcbaa26876120755d417aa50f3ae886	LOCATOR_VERIFIED_ONLY_B_PROVISIONAL
STAGE0:R008:tx-r008-035	R008	tiexuecanming	cangjie/reading/R007/wanming_receipts.jsonl	cangjie/reading/R008/tiexue_receipts.jsonl	n35/p1	35	p1	n35/p1	14d366673fcbaa26876120755d417aa50f3ae886	LOCATOR_VERIFIED_ONLY_B_PROVISIONAL
STAGE0:R008:tx-r008-037	R008	tiexuecanming	cangjie/reading/R007/wanming_receipts.jsonl	cangjie/reading/R008/tiexue_receipts.jsonl	n37/p1	37	p1	n37/p1	14d366673fcbaa26876120755d417aa50f3ae886	LOCATOR_VERIFIED_ONLY_B_PROVISIONAL
STAGE0:R008:tx-r008-039	R008	tiexuecanming	cangjie/reading/R007/wanming_receipts.jsonl	cangjie/reading/R008/tiexue_receipts.jsonl	n39/p1	39	p1	n39/p1	14d366673fcbaa26876120755d417aa50f3ae886	LOCATOR_VERIFIED_ONLY_B_PROVISIONAL
STAGE0:R008:tx-r008-040	R008	tiexuecanming	cangjie/reading/R007/wanming_receipts.jsonl	cangjie/reading/R008/tiexue_receipts.jsonl	n40/p1	40	p1	n40/p1	14d366673fcbaa26876120755d417aa50f3ae886	LOCATOR_VERIFIED_ONLY_B_PROVISIONAL
STAGE0:R010:R010-41-narrative-claim	R010	tiexuecanming	cangjie/reading/R007/wanming_receipts.jsonl	cangjie/reading/R010/tiexue_receipts.jsonl	n41/p34	41	p34	n41/p34	e6c000a12e19fb674b8e4d8a8ed7121e54a02a2f	LOCATOR_VERIFIED_ONLY_B_PROVISIONAL
STAGE0:R010:R010-55-narrative-claim	R010	tiexuecanming	cangjie/reading/R007/wanming_receipts.jsonl	cangjie/reading/R010/tiexue_receipts.jsonl	n55/p32	55	p32	n55/p32	e6c000a12e19fb674b8e4d8a8ed7121e54a02a2f	LOCATOR_VERIFIED_ONLY_B_PROVISIONAL
STAGE0:R010:R010-57-narrative-claim	R010	tiexuecanming	cangjie/reading/R007/wanming_receipts.jsonl	cangjie/reading/R010/tiexue_receipts.jsonl	n57/p31	57	p31	n57/p31	e6c000a12e19fb674b8e4d8a8ed7121e54a02a2f	LOCATOR_VERIFIED_ONLY_B_PROVISIONAL
STAGE0:R010:R010-60-narrative-claim	R010	tiexuecanming	cangjie/reading/R007/wanming_receipts.jsonl	cangjie/reading/R010/tiexue_receipts.jsonl	n60/p38	60	p38	n60/p38	e6c000a12e19fb674b8e4d8a8ed7121e54a02a2f	LOCATOR_VERIFIED_ONLY_B_PROVISIONAL
STAGE0:R010:R010-62-narrative-claim	R010	tiexuecanming	cangjie/reading/R007/wanming_receipts.jsonl	cangjie/reading/R010/tiexue_receipts.jsonl	n62/p33	62	p33	n62/p33	e6c000a12e19fb674b8e4d8a8ed7121e54a02a2f	LOCATOR_VERIFIED_ONLY_B_PROVISIONAL
STAGE0:R010:R010-65-narrative-claim	R010	tiexuecanming	cangjie/reading/R007/wanming_receipts.jsonl	cangjie/reading/R010/tiexue_receipts.jsonl	n65/p37	65	p37	n65/p37	e6c000a12e19fb674b8e4d8a8ed7121e54a02a2f	LOCATOR_VERIFIED_ONLY_B_PROVISIONAL
STAGE0:R010:R010-67-narrative-claim	R010	tiexuecanming	cangjie/reading/R007/wanming_receipts.jsonl	cangjie/reading/R010/tiexue_receipts.jsonl	n67/p37	67	p37	n67/p37	e6c000a12e19fb674b8e4d8a8ed7121e54a02a2f	LOCATOR_VERIFIED_ONLY_B_PROVISIONAL
STAGE0:R010:R010-73-narrative-claim	R010	tiexuecanming	cangjie/reading/R007/wanming_receipts.jsonl	cangjie/reading/R010/tiexue_receipts.jsonl	n73/p27	73	p27	n73/p27	e6c000a12e19fb674b8e4d8a8ed7121e54a02a2f	LOCATOR_VERIFIED_ONLY_B_PROVISIONAL
STAGE0:R010:R010-79-narrative-claim	R010	tiexuecanming	cangjie/reading/R007/wanming_receipts.jsonl	cangjie/reading/R010/tiexue_receipts.jsonl	n79/p33	79	p33	n79/p33	e6c000a12e19fb674b8e4d8a8ed7121e54a02a2f	LOCATOR_VERIFIED_ONLY_B_PROVISIONAL
STAGE0:R010:R010-80-narrative-claim	R010	tiexuecanming	cangjie/reading/R007/wanming_receipts.jsonl	cangjie/reading/R010/tiexue_receipts.jsonl	n80/p49	80	p49	n80/p49	e6c000a12e19fb674b8e4d8a8ed7121e54a02a2f	LOCATOR_VERIFIED_ONLY_B_PROVISIONAL
STAGE0:R012:tx-r012-81	R012	tiexuecanming	cangjie/reading/R007/wanming_receipts.jsonl	cangjie/reading/R012/tiexue_receipts.jsonl	n81/p30	81	p30	n81/p30	6b1c9bd5f350bc9a9e3862dfe53c75dbad959618	LOCATOR_VERIFIED_ONLY_B_PROVISIONAL
STAGE0:R012:tx-r012-83	R012	tiexuecanming	cangjie/reading/R007/wanming_receipts.jsonl	cangjie/reading/R012/tiexue_receipts.jsonl	n83/p35	83	p35	n83/p35	6b1c9bd5f350bc9a9e3862dfe53c75dbad959618	LOCATOR_VERIFIED_ONLY_B_PROVISIONAL
STAGE0:R012:tx-r012-88	R012	tiexuecanming	cangjie/reading/R007/wanming_receipts.jsonl	cangjie/reading/R012/tiexue_receipts.jsonl	n88/p27	88	p27	n88/p27	6b1c9bd5f350bc9a9e3862dfe53c75dbad959618	LOCATOR_VERIFIED_ONLY_B_PROVISIONAL
STAGE0:R012:tx-r012-91	R012	tiexuecanming	cangjie/reading/R007/wanming_receipts.jsonl	cangjie/reading/R012/tiexue_receipts.jsonl	n91/p36	91	p36	n91/p36	6b1c9bd5f350bc9a9e3862dfe53c75dbad959618	LOCATOR_VERIFIED_ONLY_B_PROVISIONAL
STAGE0:R012:tx-r012-94	R012	tiexuecanming	cangjie/reading/R007/wanming_receipts.jsonl	cangjie/reading/R012/tiexue_receipts.jsonl	n94/p28	94	p28	n94/p28	6b1c9bd5f350bc9a9e3862dfe53c75dbad959618	LOCATOR_VERIFIED_ONLY_B_PROVISIONAL
STAGE0:R012:tx-r012-100	R012	tiexuecanming	cangjie/reading/R007/wanming_receipts.jsonl	cangjie/reading/R012/tiexue_receipts.jsonl	n100/p33	100	p33	n100/p33	6b1c9bd5f350bc9a9e3862dfe53c75dbad959618	LOCATOR_VERIFIED_ONLY_B_PROVISIONAL
STAGE0:R012:tx-r012-103	R012	tiexuecanming	cangjie/reading/R007/wanming_receipts.jsonl	cangjie/reading/R012/tiexue_receipts.jsonl	n103/p33	103	p33	n103/p33	6b1c9bd5f350bc9a9e3862dfe53c75dbad959618	LOCATOR_VERIFIED_ONLY_B_PROVISIONAL
STAGE0:R012:tx-r012-105	R012	tiexuecanming	cangjie/reading/R007/wanming_receipts.jsonl	cangjie/reading/R012/tiexue_receipts.jsonl	n105/p34	105	p34	n105/p34	6b1c9bd5f350bc9a9e3862dfe53c75dbad959618	LOCATOR_VERIFIED_ONLY_B_PROVISIONAL
STAGE0:R012:tx-r012-109	R012	tiexuecanming	cangjie/reading/R007/wanming_receipts.jsonl	cangjie/reading/R012/tiexue_receipts.jsonl	n109/p40	109	p40	n109/p40	6b1c9bd5f350bc9a9e3862dfe53c75dbad959618	LOCATOR_VERIFIED_ONLY_B_PROVISIONAL
STAGE0:R012:tx-r012-110	R012	tiexuecanming	cangjie/reading/R007/wanming_receipts.jsonl	cangjie/reading/R012/tiexue_receipts.jsonl	n110/p39	110	p39	n110/p39	6b1c9bd5f350bc9a9e3862dfe53c75dbad959618	LOCATOR_VERIFIED_ONLY_B_PROVISIONAL
STAGE0:R012:tx-r012-116	R012	tiexuecanming	cangjie/reading/R007/wanming_receipts.jsonl	cangjie/reading/R012/tiexue_receipts.jsonl	n116/p55	116	p55	n116/p55	6b1c9bd5f350bc9a9e3862dfe53c75dbad959618	LOCATOR_VERIFIED_ONLY_B_PROVISIONAL
STAGE0:R012:tx-r012-120	R012	tiexuecanming	cangjie/reading/R007/wanming_receipts.jsonl	cangjie/reading/R012/tiexue_receipts.jsonl	n120/p35	120	p35	n120/p35	6b1c9bd5f350bc9a9e3862dfe53c75dbad959618	LOCATOR_VERIFIED_ONLY_B_PROVISIONAL
STAGE0:R014:tx-r014-121-candidate	R014	tiexuecanming	cangjie/reading/R007/wanming_receipts.jsonl	cangjie/reading/R014/tiexue_receipts.jsonl	n121/p27	121	p27	n121/p27	a619d2b93ba608a24f6d44ec5397e74ec4f0db5f	LOCATOR_VERIFIED_ONLY_B_PROVISIONAL
STAGE0:R014:tx-r014-122-candidate	R014	tiexuecanming	cangjie/reading/R007/wanming_receipts.jsonl	cangjie/reading/R014/tiexue_receipts.jsonl	n122/p44	122	p44	n122/p44	a619d2b93ba608a24f6d44ec5397e74ec4f0db5f	LOCATOR_VERIFIED_ONLY_B_PROVISIONAL
STAGE0:R014:tx-r014-127-candidate	R014	tiexuecanming	cangjie/reading/R007/wanming_receipts.jsonl	cangjie/reading/R014/tiexue_receipts.jsonl	n127/p36	127	p36	n127/p36	a619d2b93ba608a24f6d44ec5397e74ec4f0db5f	LOCATOR_VERIFIED_ONLY_B_PROVISIONAL
STAGE0:R014:tx-r014-129-candidate	R014	tiexuecanming	cangjie/reading/R007/wanming_receipts.jsonl	cangjie/reading/R014/tiexue_receipts.jsonl	n129/p52	129	p52	n129/p52	a619d2b93ba608a24f6d44ec5397e74ec4f0db5f	LOCATOR_VERIFIED_ONLY_B_PROVISIONAL
STAGE0:R014:tx-r014-130-candidate	R014	tiexuecanming	cangjie/reading/R007/wanming_receipts.jsonl	cangjie/reading/R014/tiexue_receipts.jsonl	n130/p26	130	p26	n130/p26	a619d2b93ba608a24f6d44ec5397e74ec4f0db5f	LOCATOR_VERIFIED_ONLY_B_PROVISIONAL
STAGE0:R014:tx-r014-135-candidate	R014	tiexuecanming	cangjie/reading/R007/wanming_receipts.jsonl	cangjie/reading/R014/tiexue_receipts.jsonl	n135/p24	135	p24	n135/p24	a619d2b93ba608a24f6d44ec5397e74ec4f0db5f	LOCATOR_VERIFIED_ONLY_B_PROVISIONAL
STAGE0:R014:tx-r014-140-candidate	R014	tiexuecanming	cangjie/reading/R007/wanming_receipts.jsonl	cangjie/reading/R014/tiexue_receipts.jsonl	n140/p23	140	p23	n140/p23	a619d2b93ba608a24f6d44ec5397e74ec4f0db5f	LOCATOR_VERIFIED_ONLY_B_PROVISIONAL
STAGE0:R014:tx-r014-142-candidate	R014	tiexuecanming	cangjie/reading/R007/wanming_receipts.jsonl	cangjie/reading/R014/tiexue_receipts.jsonl	n142/p32	142	p32	n142/p32	a619d2b93ba608a24f6d44ec5397e74ec4f0db5f	LOCATOR_VERIFIED_ONLY_B_PROVISIONAL
STAGE0:R014:tx-r014-148-candidate	R014	tiexuecanming	cangjie/reading/R007/wanming_receipts.jsonl	cangjie/reading/R014/tiexue_receipts.jsonl	n148/p33	148	p33	n148/p33	a619d2b93ba608a24f6d44ec5397e74ec4f0db5f	LOCATOR_VERIFIED_ONLY_B_PROVISIONAL
STAGE0:R014:tx-r014-152-candidate	R014	tiexuecanming	cangjie/reading/R007/wanming_receipts.jsonl	cangjie/reading/R014/tiexue_receipts.jsonl	n152/p25	152	p25	n152/p25	a619d2b93ba608a24f6d44ec5397e74ec4f0db5f	LOCATOR_VERIFIED_ONLY_B_PROVISIONAL
STAGE0:R014:tx-r014-153-candidate	R014	tiexuecanming	cangjie/reading/R007/wanming_receipts.jsonl	cangjie/reading/R014/tiexue_receipts.jsonl	n153/p22	153	p22	n153/p22	a619d2b93ba608a24f6d44ec5397e74ec4f0db5f	LOCATOR_VERIFIED_ONLY_B_PROVISIONAL
STAGE0:R014:tx-r014-155-candidate	R014	tiexuecanming	cangjie/reading/R007/wanming_receipts.jsonl	cangjie/reading/R014/tiexue_receipts.jsonl	n155/p40	155	p40	n155/p40	a619d2b93ba608a24f6d44ec5397e74ec4f0db5f	LOCATOR_VERIFIED_ONLY_B_PROVISIONAL
STAGE0:R014:tx-r014-157-candidate	R014	tiexuecanming	cangjie/reading/R007/wanming_receipts.jsonl	cangjie/reading/R014/tiexue_receipts.jsonl	n157/p34	157	p34	n157/p34	a619d2b93ba608a24f6d44ec5397e74ec4f0db5f	LOCATOR_VERIFIED_ONLY_B_PROVISIONAL
STAGE0:R014:tx-r014-160-candidate	R014	tiexuecanming	cangjie/reading/R007/wanming_receipts.jsonl	cangjie/reading/R014/tiexue_receipts.jsonl	n160/p26	160	p26	n160/p26	a619d2b93ba608a24f6d44ec5397e74ec4f0db5f	LOCATOR_VERIFIED_ONLY_B_PROVISIONAL
STAGE0:R016:tiexue-R016-161-candidate	R016	tiexuecanming	cangjie/reading/R007/wanming_receipts.jsonl	cangjie/reading/R016/tiexue_receipts.jsonl	n161/p33	161	p33	n161/p33	d8153eb4094523cea70a249998101639d7693544	LOCATOR_VERIFIED_ONLY_B_PROVISIONAL
STAGE0:R016:tiexue-R016-163-candidate	R016	tiexuecanming	cangjie/reading/R007/wanming_receipts.jsonl	cangjie/reading/R016/tiexue_receipts.jsonl	n163/p32	163	p32	n163/p32	d8153eb4094523cea70a249998101639d7693544	LOCATOR_VERIFIED_ONLY_B_PROVISIONAL
STAGE0:R016:tiexue-R016-165-candidate	R016	tiexuecanming	cangjie/reading/R007/wanming_receipts.jsonl	cangjie/reading/R016/tiexue_receipts.jsonl	n165/p41	165	p41	n165/p41	d8153eb4094523cea70a249998101639d7693544	LOCATOR_VERIFIED_ONLY_B_PROVISIONAL
STAGE0:R016:tiexue-R016-168-candidate	R016	tiexuecanming	cangjie/reading/R007/wanming_receipts.jsonl	cangjie/reading/R016/tiexue_receipts.jsonl	n168/p22	168	p22	n168/p22	d8153eb4094523cea70a249998101639d7693544	LOCATOR_VERIFIED_ONLY_B_PROVISIONAL
STAGE0:R016:tiexue-R016-170-candidate	R016	tiexuecanming	cangjie/reading/R007/wanming_receipts.jsonl	cangjie/reading/R016/tiexue_receipts.jsonl	n170/p32	170	p32	n170/p32	d8153eb4094523cea70a249998101639d7693544	LOCATOR_VERIFIED_ONLY_B_PROVISIONAL
STAGE0:R016:tiexue-R016-173-candidate	R016	tiexuecanming	cangjie/reading/R007/wanming_receipts.jsonl	cangjie/reading/R016/tiexue_receipts.jsonl	n173/p29	173	p29	n173/p29	d8153eb4094523cea70a249998101639d7693544	LOCATOR_VERIFIED_ONLY_B_PROVISIONAL
STAGE0:R016:tiexue-R016-176-candidate	R016	tiexuecanming	cangjie/reading/R007/wanming_receipts.jsonl	cangjie/reading/R016/tiexue_receipts.jsonl	n176/p26	176	p26	n176/p26	d8153eb4094523cea70a249998101639d7693544	LOCATOR_VERIFIED_ONLY_B_PROVISIONAL
STAGE0:R016:tiexue-R016-178-candidate	R016	tiexuecanming	cangjie/reading/R007/wanming_receipts.jsonl	cangjie/reading/R016/tiexue_receipts.jsonl	n178/p32	178	p32	n178/p32	d8153eb4094523cea70a249998101639d7693544	LOCATOR_VERIFIED_ONLY_B_PROVISIONAL
STAGE0:R016:tiexue-R016-180-candidate	R016	tiexuecanming	cangjie/reading/R007/wanming_receipts.jsonl	cangjie/reading/R016/tiexue_receipts.jsonl	n180/p38	180	p38	n180/p38	d8153eb4094523cea70a249998101639d7693544	LOCATOR_VERIFIED_ONLY_B_PROVISIONAL
STAGE0:R016:tiexue-R016-182-candidate	R016	tiexuecanming	cangjie/reading/R007/wanming_receipts.jsonl	cangjie/reading/R016/tiexue_receipts.jsonl	n182/p30	182	p30	n182/p30	d8153eb4094523cea70a249998101639d7693544	LOCATOR_VERIFIED_ONLY_B_PROVISIONAL
STAGE0:R016:tiexue-R016-184-candidate	R016	tiexuecanming	cangjie/reading/R007/wanming_receipts.jsonl	cangjie/reading/R016/tiexue_receipts.jsonl	n184/p32	184	p32	n184/p32	d8153eb4094523cea70a249998101639d7693544	LOCATOR_VERIFIED_ONLY_B_PROVISIONAL
STAGE0:R016:tiexue-R016-186-candidate	R016	tiexuecanming	cangjie/reading/R007/wanming_receipts.jsonl	cangjie/reading/R016/tiexue_receipts.jsonl	n186/p49	186	p49	n186/p49	d8153eb4094523cea70a249998101639d7693544	LOCATOR_VERIFIED_ONLY_B_PROVISIONAL
STAGE0:R016:tiexue-R016-188-candidate	R016	tiexuecanming	cangjie/reading/R007/wanming_receipts.jsonl	cangjie/reading/R016/tiexue_receipts.jsonl	n188/p24	188	p24	n188/p24	d8153eb4094523cea70a249998101639d7693544	LOCATOR_VERIFIED_ONLY_B_PROVISIONAL
STAGE0:R016:tiexue-R016-190-candidate	R016	tiexuecanming	cangjie/reading/R007/wanming_receipts.jsonl	cangjie/reading/R016/tiexue_receipts.jsonl	n190/p37	190	p37	n190/p37	d8153eb4094523cea70a249998101639d7693544	LOCATOR_VERIFIED_ONLY_B_PROVISIONAL
STAGE0:R016:tiexue-R016-191-candidate	R016	tiexuecanming	cangjie/reading/R007/wanming_receipts.jsonl	cangjie/reading/R016/tiexue_receipts.jsonl	n191/p33	191	p33	n191/p33	d8153eb4094523cea70a249998101639d7693544	LOCATOR_VERIFIED_ONLY_B_PROVISIONAL
STAGE0:R016:tiexue-R016-193-candidate	R016	tiexuecanming	cangjie/reading/R007/wanming_receipts.jsonl	cangjie/reading/R016/tiexue_receipts.jsonl	n193/p20	193	p20	n193/p20	d8153eb4094523cea70a249998101639d7693544	LOCATOR_VERIFIED_ONLY_B_PROVISIONAL
STAGE0:R016:tiexue-R016-195-candidate	R016	tiexuecanming	cangjie/reading/R007/wanming_receipts.jsonl	cangjie/reading/R016/tiexue_receipts.jsonl	n195/p36	195	p36	n195/p36	d8153eb4094523cea70a249998101639d7693544	LOCATOR_VERIFIED_ONLY_B_PROVISIONAL
STAGE0:R016:tiexue-R016-197-candidate	R016	tiexuecanming	cangjie/reading/R007/wanming_receipts.jsonl	cangjie/reading/R016/tiexue_receipts.jsonl	n197/p32	197	p32	n197/p32	d8153eb4094523cea70a249998101639d7693544	LOCATOR_VERIFIED_ONLY_B_PROVISIONAL
STAGE0:R016:tiexue-R016-199-candidate	R016	tiexuecanming	cangjie/reading/R007/wanming_receipts.jsonl	cangjie/reading/R016/tiexue_receipts.jsonl	n199/p31	199	p31	n199/p31	d8153eb4094523cea70a249998101639d7693544	LOCATOR_VERIFIED_ONLY_B_PROVISIONAL
STAGE0:R016:tiexue-R016-200-candidate	R016	tiexuecanming	cangjie/reading/R007/wanming_receipts.jsonl	cangjie/reading/R016/tiexue_receipts.jsonl	n200/p31	200	p31	n200/p31	d8153eb4094523cea70a249998101639d7693544	LOCATOR_VERIFIED_ONLY_B_PROVISIONAL
STAGE0:R018:v13-R018-tiexue-201-candidate	R018	tiexuecanming	cangjie/reading/R007/wanming_receipts.jsonl	cangjie/reading/R018/tiexue_receipts.jsonl	n201/p28	201	p28	n201/p28	c4fc375a1bd45c0f331bdb3d4c39876f1e3a39cf	LOCATOR_VERIFIED_ONLY_B_PROVISIONAL
STAGE0:R018:v13-R018-tiexue-202-candidate	R018	tiexuecanming	cangjie/reading/R007/wanming_receipts.jsonl	cangjie/reading/R018/tiexue_receipts.jsonl	n202/p27	202	p27	n202/p27	c4fc375a1bd45c0f331bdb3d4c39876f1e3a39cf	LOCATOR_VERIFIED_ONLY_B_PROVISIONAL
STAGE0:R018:v13-R018-tiexue-205-candidate	R018	tiexuecanming	cangjie/reading/R007/wanming_receipts.jsonl	cangjie/reading/R018/tiexue_receipts.jsonl	n205/p29	205	p29	n205/p29	c4fc375a1bd45c0f331bdb3d4c39876f1e3a39cf	LOCATOR_VERIFIED_ONLY_B_PROVISIONAL
STAGE0:R018:v13-R018-tiexue-206-candidate	R018	tiexuecanming	cangjie/reading/R007/wanming_receipts.jsonl	cangjie/reading/R018/tiexue_receipts.jsonl	n206/p24	206	p24	n206/p24	c4fc375a1bd45c0f331bdb3d4c39876f1e3a39cf	LOCATOR_VERIFIED_ONLY_B_PROVISIONAL
STAGE0:R018:v13-R018-tiexue-207-candidate	R018	tiexuecanming	cangjie/reading/R007/wanming_receipts.jsonl	cangjie/reading/R018/tiexue_receipts.jsonl	n207/p40	207	p40	n207/p40	c4fc375a1bd45c0f331bdb3d4c39876f1e3a39cf	LOCATOR_VERIFIED_ONLY_B_PROVISIONAL
STAGE0:R018:v13-R018-tiexue-210-candidate	R018	tiexuecanming	cangjie/reading/R007/wanming_receipts.jsonl	cangjie/reading/R018/tiexue_receipts.jsonl	n210/p47	210	p47	n210/p47	c4fc375a1bd45c0f331bdb3d4c39876f1e3a39cf	LOCATOR_VERIFIED_ONLY_B_PROVISIONAL
STAGE0:R018:v13-R018-tiexue-214-candidate	R018	tiexuecanming	cangjie/reading/R007/wanming_receipts.jsonl	cangjie/reading/R018/tiexue_receipts.jsonl	n214/p32	214	p32	n214/p32	c4fc375a1bd45c0f331bdb3d4c39876f1e3a39cf	LOCATOR_VERIFIED_ONLY_B_PROVISIONAL
STAGE0:R018:v13-R018-tiexue-218-candidate	R018	tiexuecanming	cangjie/reading/R007/wanming_receipts.jsonl	cangjie/reading/R018/tiexue_receipts.jsonl	n218/p23	218	p23	n218/p23	c4fc375a1bd45c0f331bdb3d4c39876f1e3a39cf	LOCATOR_VERIFIED_ONLY_B_PROVISIONAL
STAGE0:R018:v13-R018-tiexue-220-candidate	R018	tiexuecanming	cangjie/reading/R007/wanming_receipts.jsonl	cangjie/reading/R018/tiexue_receipts.jsonl	n220/p44	220	p44	n220/p44	c4fc375a1bd45c0f331bdb3d4c39876f1e3a39cf	LOCATOR_VERIFIED_ONLY_B_PROVISIONAL
STAGE0:R018:v13-R018-tiexue-223-candidate	R018	tiexuecanming	cangjie/reading/R007/wanming_receipts.jsonl	cangjie/reading/R018/tiexue_receipts.jsonl	n223/p41	223	p41	n223/p41	c4fc375a1bd45c0f331bdb3d4c39876f1e3a39cf	LOCATOR_VERIFIED_ONLY_B_PROVISIONAL
STAGE0:R018:v13-R018-tiexue-226-candidate	R018	tiexuecanming	cangjie/reading/R007/wanming_receipts.jsonl	cangjie/reading/R018/tiexue_receipts.jsonl	n226/p36	226	p36	n226/p36	c4fc375a1bd45c0f331bdb3d4c39876f1e3a39cf	LOCATOR_VERIFIED_ONLY_B_PROVISIONAL
STAGE0:R018:v13-R018-tiexue-227-candidate	R018	tiexuecanming	cangjie/reading/R007/wanming_receipts.jsonl	cangjie/reading/R018/tiexue_receipts.jsonl	n227/p50	227	p50	n227/p50	c4fc375a1bd45c0f331bdb3d4c39876f1e3a39cf	LOCATOR_VERIFIED_ONLY_B_PROVISIONAL
STAGE0:R018:v13-R018-tiexue-228-candidate	R018	tiexuecanming	cangjie/reading/R007/wanming_receipts.jsonl	cangjie/reading/R018/tiexue_receipts.jsonl	n228/p39	228	p39	n228/p39	c4fc375a1bd45c0f331bdb3d4c39876f1e3a39cf	LOCATOR_VERIFIED_ONLY_B_PROVISIONAL
STAGE0:R018:v13-R018-tiexue-230-candidate	R018	tiexuecanming	cangjie/reading/R007/wanming_receipts.jsonl	cangjie/reading/R018/tiexue_receipts.jsonl	n230/p55	230	p55	n230/p55	c4fc375a1bd45c0f331bdb3d4c39876f1e3a39cf	LOCATOR_VERIFIED_ONLY_B_PROVISIONAL
STAGE0:R018:v13-R018-tiexue-231-candidate	R018	tiexuecanming	cangjie/reading/R007/wanming_receipts.jsonl	cangjie/reading/R018/tiexue_receipts.jsonl	n231/p41	231	p41	n231/p41	c4fc375a1bd45c0f331bdb3d4c39876f1e3a39cf	LOCATOR_VERIFIED_ONLY_B_PROVISIONAL
STAGE0:R018:v13-R018-tiexue-232-candidate	R018	tiexuecanming	cangjie/reading/R007/wanming_receipts.jsonl	cangjie/reading/R018/tiexue_receipts.jsonl	n232/p28	232	p28	n232/p28	c4fc375a1bd45c0f331bdb3d4c39876f1e3a39cf	LOCATOR_VERIFIED_ONLY_B_PROVISIONAL
STAGE0:R018:v13-R018-tiexue-234-candidate	R018	tiexuecanming	cangjie/reading/R007/wanming_receipts.jsonl	cangjie/reading/R018/tiexue_receipts.jsonl	n234/p40	234	p40	n234/p40	c4fc375a1bd45c0f331bdb3d4c39876f1e3a39cf	LOCATOR_VERIFIED_ONLY_B_PROVISIONAL
STAGE0:R018:v13-R018-tiexue-237-candidate	R018	tiexuecanming	cangjie/reading/R007/wanming_receipts.jsonl	cangjie/reading/R018/tiexue_receipts.jsonl	n237/p32	237	p32	n237/p32	c4fc375a1bd45c0f331bdb3d4c39876f1e3a39cf	LOCATOR_VERIFIED_ONLY_B_PROVISIONAL
STAGE0:R018:v13-R018-tiexue-239-candidate	R018	tiexuecanming	cangjie/reading/R007/wanming_receipts.jsonl	cangjie/reading/R018/tiexue_receipts.jsonl	n239/p38	239	p38	n239/p38	c4fc375a1bd45c0f331bdb3d4c39876f1e3a39cf	LOCATOR_VERIFIED_ONLY_B_PROVISIONAL
STAGE0:R018:v13-R018-tiexue-240-candidate	R018	tiexuecanming	cangjie/reading/R007/wanming_receipts.jsonl	cangjie/reading/R018/tiexue_receipts.jsonl	n240/p25	240	p25	n240/p25	c4fc375a1bd45c0f331bdb3d4c39876f1e3a39cf	LOCATOR_VERIFIED_ONLY_B_PROVISIONAL
STAGE0:R020:tiexue-R020-241-provisional	R020	tiexuecanming	cangjie/reading/R007/wanming_receipts.jsonl	cangjie/reading/R020/tiexue_receipts.jsonl	n241/p36	241	p36	n241/p36	8dd3d760a50507fada2b8ca14c810a06ecb1bc60	LOCATOR_VERIFIED_ONLY_B_PROVISIONAL
STAGE0:R020:tiexue-R020-242-provisional	R020	tiexuecanming	cangjie/reading/R007/wanming_receipts.jsonl	cangjie/reading/R020/tiexue_receipts.jsonl	n242/p34	242	p34	n242/p34	8dd3d760a50507fada2b8ca14c810a06ecb1bc60	LOCATOR_VERIFIED_ONLY_B_PROVISIONAL
STAGE0:R020:tiexue-R020-243-provisional	R020	tiexuecanming	cangjie/reading/R007/wanming_receipts.jsonl	cangjie/reading/R020/tiexue_receipts.jsonl	n243/p36	243	p36	n243/p36	8dd3d760a50507fada2b8ca14c810a06ecb1bc60	LOCATOR_VERIFIED_ONLY_B_PROVISIONAL
STAGE0:R020:tiexue-R020-246-provisional	R020	tiexuecanming	cangjie/reading/R007/wanming_receipts.jsonl	cangjie/reading/R020/tiexue_receipts.jsonl	n246/p27	246	p27	n246/p27	8dd3d760a50507fada2b8ca14c810a06ecb1bc60	LOCATOR_VERIFIED_ONLY_B_PROVISIONAL
STAGE0:R020:tiexue-R020-248-provisional	R020	tiexuecanming	cangjie/reading/R007/wanming_receipts.jsonl	cangjie/reading/R020/tiexue_receipts.jsonl	n248/p29	248	p29	n248/p29	8dd3d760a50507fada2b8ca14c810a06ecb1bc60	LOCATOR_VERIFIED_ONLY_B_PROVISIONAL
STAGE0:R020:tiexue-R020-250-provisional	R020	tiexuecanming	cangjie/reading/R007/wanming_receipts.jsonl	cangjie/reading/R020/tiexue_receipts.jsonl	n250/p30	250	p30	n250/p30	8dd3d760a50507fada2b8ca14c810a06ecb1bc60	LOCATOR_VERIFIED_ONLY_B_PROVISIONAL
STAGE0:R020:tiexue-R020-251-provisional	R020	tiexuecanming	cangjie/reading/R007/wanming_receipts.jsonl	cangjie/reading/R020/tiexue_receipts.jsonl	n251/p25	251	p25	n251/p25	8dd3d760a50507fada2b8ca14c810a06ecb1bc60	LOCATOR_VERIFIED_ONLY_B_PROVISIONAL
STAGE0:R020:tiexue-R020-253-provisional	R020	tiexuecanming	cangjie/reading/R007/wanming_receipts.jsonl	cangjie/reading/R020/tiexue_receipts.jsonl	n253/p35	253	p35	n253/p35	8dd3d760a50507fada2b8ca14c810a06ecb1bc60	LOCATOR_VERIFIED_ONLY_B_PROVISIONAL
STAGE0:R020:tiexue-R020-254-provisional	R020	tiexuecanming	cangjie/reading/R007/wanming_receipts.jsonl	cangjie/reading/R020/tiexue_receipts.jsonl	n254/p37	254	p37	n254/p37	8dd3d760a50507fada2b8ca14c810a06ecb1bc60	LOCATOR_VERIFIED_ONLY_B_PROVISIONAL
STAGE0:R020:tiexue-R020-255-provisional	R020	tiexuecanming	cangjie/reading/R007/wanming_receipts.jsonl	cangjie/reading/R020/tiexue_receipts.jsonl	n255/p35	255	p35	n255/p35	8dd3d760a50507fada2b8ca14c810a06ecb1bc60	LOCATOR_VERIFIED_ONLY_B_PROVISIONAL
STAGE0:R020:tiexue-R020-256-provisional	R020	tiexuecanming	cangjie/reading/R007/wanming_receipts.jsonl	cangjie/reading/R020/tiexue_receipts.jsonl	n256/p26	256	p26	n256/p26	8dd3d760a50507fada2b8ca14c810a06ecb1bc60	LOCATOR_VERIFIED_ONLY_B_PROVISIONAL
STAGE0:R020:tiexue-R020-258-provisional	R020	tiexuecanming	cangjie/reading/R007/wanming_receipts.jsonl	cangjie/reading/R020/tiexue_receipts.jsonl	n258/p30	258	p30	n258/p30	8dd3d760a50507fada2b8ca14c810a06ecb1bc60	LOCATOR_VERIFIED_ONLY_B_PROVISIONAL
STAGE0:R020:tiexue-R020-261-provisional	R020	tiexuecanming	cangjie/reading/R007/wanming_receipts.jsonl	cangjie/reading/R020/tiexue_receipts.jsonl	n261/p28	261	p28	n261/p28	8dd3d760a50507fada2b8ca14c810a06ecb1bc60	LOCATOR_VERIFIED_ONLY_B_PROVISIONAL
STAGE0:R020:tiexue-R020-262-provisional	R020	tiexuecanming	cangjie/reading/R007/wanming_receipts.jsonl	cangjie/reading/R020/tiexue_receipts.jsonl	n262/p33	262	p33	n262/p33	8dd3d760a50507fada2b8ca14c810a06ecb1bc60	LOCATOR_VERIFIED_ONLY_B_PROVISIONAL
STAGE0:R020:tiexue-R020-263-provisional	R020	tiexuecanming	cangjie/reading/R007/wanming_receipts.jsonl	cangjie/reading/R020/tiexue_receipts.jsonl	n263/p30	263	p30	n263/p30	8dd3d760a50507fada2b8ca14c810a06ecb1bc60	LOCATOR_VERIFIED_ONLY_B_PROVISIONAL
STAGE0:R020:tiexue-R020-266-provisional	R020	tiexuecanming	cangjie/reading/R007/wanming_receipts.jsonl	cangjie/reading/R020/tiexue_receipts.jsonl	n266/p32	266	p32	n266/p32	8dd3d760a50507fada2b8ca14c810a06ecb1bc60	LOCATOR_VERIFIED_ONLY_B_PROVISIONAL
STAGE0:R020:tiexue-R020-267-provisional	R020	tiexuecanming	cangjie/reading/R007/wanming_receipts.jsonl	cangjie/reading/R020/tiexue_receipts.jsonl	n267/p32	267	p32	n267/p32	8dd3d760a50507fada2b8ca14c810a06ecb1bc60	LOCATOR_VERIFIED_ONLY_B_PROVISIONAL
STAGE0:R020:tiexue-R020-268-provisional	R020	tiexuecanming	cangjie/reading/R007/wanming_receipts.jsonl	cangjie/reading/R020/tiexue_receipts.jsonl	n268/p38	268	p38	n268/p38	8dd3d760a50507fada2b8ca14c810a06ecb1bc60	LOCATOR_VERIFIED_ONLY_B_PROVISIONAL
STAGE0:R020:tiexue-R020-272-provisional	R020	tiexuecanming	cangjie/reading/R007/wanming_receipts.jsonl	cangjie/reading/R020/tiexue_receipts.jsonl	n272/p37	272	p37	n272/p37	8dd3d760a50507fada2b8ca14c810a06ecb1bc60	LOCATOR_VERIFIED_ONLY_B_PROVISIONAL
STAGE0:R020:tiexue-R020-280-provisional	R020	tiexuecanming	cangjie/reading/R007/wanming_receipts.jsonl	cangjie/reading/R020/tiexue_receipts.jsonl	n280/p29	280	p29	n280/p29	8dd3d760a50507fada2b8ca14c810a06ecb1bc60	LOCATOR_VERIFIED_ONLY_B_PROVISIONAL
STAGE0:R022:v13-r022-tiexue-281-candidate	R022	tiexuecanming	cangjie/reading/R007/wanming_receipts.jsonl	cangjie/reading/R022/tiexue_receipts.jsonl	n281/p33	281	p33	n281/p33	33b9a677531ccd126b267fd17534f0f33537dd2a	LOCATOR_VERIFIED_ONLY_B_PROVISIONAL
STAGE0:R022:v13-r022-tiexue-282-candidate	R022	tiexuecanming	cangjie/reading/R007/wanming_receipts.jsonl	cangjie/reading/R022/tiexue_receipts.jsonl	n282/p30	282	p30	n282/p30	33b9a677531ccd126b267fd17534f0f33537dd2a	LOCATOR_VERIFIED_ONLY_B_PROVISIONAL
STAGE0:R022:v13-r022-tiexue-283-candidate	R022	tiexuecanming	cangjie/reading/R007/wanming_receipts.jsonl	cangjie/reading/R022/tiexue_receipts.jsonl	n283/p24	283	p24	n283/p24	33b9a677531ccd126b267fd17534f0f33537dd2a	LOCATOR_VERIFIED_ONLY_B_PROVISIONAL
STAGE0:R022:v13-r022-tiexue-285-candidate	R022	tiexuecanming	cangjie/reading/R007/wanming_receipts.jsonl	cangjie/reading/R022/tiexue_receipts.jsonl	n285/p27	285	p27	n285/p27	33b9a677531ccd126b267fd17534f0f33537dd2a	LOCATOR_VERIFIED_ONLY_B_PROVISIONAL
STAGE0:R022:v13-r022-tiexue-286-candidate	R022	tiexuecanming	cangjie/reading/R007/wanming_receipts.jsonl	cangjie/reading/R022/tiexue_receipts.jsonl	n286/p27	286	p27	n286/p27	33b9a677531ccd126b267fd17534f0f33537dd2a	LOCATOR_VERIFIED_ONLY_B_PROVISIONAL
STAGE0:R022:v13-r022-tiexue-289-candidate	R022	tiexuecanming	cangjie/reading/R007/wanming_receipts.jsonl	cangjie/reading/R022/tiexue_receipts.jsonl	n289/p23	289	p23	n289/p23	33b9a677531ccd126b267fd17534f0f33537dd2a	LOCATOR_VERIFIED_ONLY_B_PROVISIONAL
STAGE0:R022:v13-r022-tiexue-290-candidate	R022	tiexuecanming	cangjie/reading/R007/wanming_receipts.jsonl	cangjie/reading/R022/tiexue_receipts.jsonl	n290/p33	290	p33	n290/p33	33b9a677531ccd126b267fd17534f0f33537dd2a	LOCATOR_VERIFIED_ONLY_B_PROVISIONAL
STAGE0:R022:v13-r022-tiexue-291-candidate	R022	tiexuecanming	cangjie/reading/R007/wanming_receipts.jsonl	cangjie/reading/R022/tiexue_receipts.jsonl	n291/p29	291	p29	n291/p29	33b9a677531ccd126b267fd17534f0f33537dd2a	LOCATOR_VERIFIED_ONLY_B_PROVISIONAL
STAGE0:R022:v13-r022-tiexue-293-candidate	R022	tiexuecanming	cangjie/reading/R007/wanming_receipts.jsonl	cangjie/reading/R022/tiexue_receipts.jsonl	n293/p30	293	p30	n293/p30	33b9a677531ccd126b267fd17534f0f33537dd2a	LOCATOR_VERIFIED_ONLY_B_PROVISIONAL
STAGE0:R022:v13-r022-tiexue-295-candidate	R022	tiexuecanming	cangjie/reading/R007/wanming_receipts.jsonl	cangjie/reading/R022/tiexue_receipts.jsonl	n295/p22	295	p22	n295/p22	33b9a677531ccd126b267fd17534f0f33537dd2a	LOCATOR_VERIFIED_ONLY_B_PROVISIONAL
STAGE0:R022:v13-r022-tiexue-298-candidate	R022	tiexuecanming	cangjie/reading/R007/wanming_receipts.jsonl	cangjie/reading/R022/tiexue_receipts.jsonl	n298/p23	298	p23	n298/p23	33b9a677531ccd126b267fd17534f0f33537dd2a	LOCATOR_VERIFIED_ONLY_B_PROVISIONAL
STAGE0:R022:v13-r022-tiexue-300-candidate	R022	tiexuecanming	cangjie/reading/R007/wanming_receipts.jsonl	cangjie/reading/R022/tiexue_receipts.jsonl	n300/p32	300	p32	n300/p32	33b9a677531ccd126b267fd17534f0f33537dd2a	LOCATOR_VERIFIED_ONLY_B_PROVISIONAL
STAGE0:R022:v13-r022-tiexue-301-candidate	R022	tiexuecanming	cangjie/reading/R007/wanming_receipts.jsonl	cangjie/reading/R022/tiexue_receipts.jsonl	n301/p34	301	p34	n301/p34	33b9a677531ccd126b267fd17534f0f33537dd2a	LOCATOR_VERIFIED_ONLY_B_PROVISIONAL
STAGE0:R022:v13-r022-tiexue-302-candidate	R022	tiexuecanming	cangjie/reading/R007/wanming_receipts.jsonl	cangjie/reading/R022/tiexue_receipts.jsonl	n302/p31	302	p31	n302/p31	33b9a677531ccd126b267fd17534f0f33537dd2a	LOCATOR_VERIFIED_ONLY_B_PROVISIONAL
STAGE0:R022:v13-r022-tiexue-303-candidate	R022	tiexuecanming	cangjie/reading/R007/wanming_receipts.jsonl	cangjie/reading/R022/tiexue_receipts.jsonl	n303/p32	303	p32	n303/p32	33b9a677531ccd126b267fd17534f0f33537dd2a	LOCATOR_VERIFIED_ONLY_B_PROVISIONAL
STAGE0:R022:v13-r022-tiexue-306-candidate	R022	tiexuecanming	cangjie/reading/R007/wanming_receipts.jsonl	cangjie/reading/R022/tiexue_receipts.jsonl	n306/p26	306	p26	n306/p26	33b9a677531ccd126b267fd17534f0f33537dd2a	LOCATOR_VERIFIED_ONLY_B_PROVISIONAL
STAGE0:R022:v13-r022-tiexue-307-candidate	R022	tiexuecanming	cangjie/reading/R007/wanming_receipts.jsonl	cangjie/reading/R022/tiexue_receipts.jsonl	n307/p25	307	p25	n307/p25	33b9a677531ccd126b267fd17534f0f33537dd2a	LOCATOR_VERIFIED_ONLY_B_PROVISIONAL
STAGE0:R022:v13-r022-tiexue-311-candidate	R022	tiexuecanming	cangjie/reading/R007/wanming_receipts.jsonl	cangjie/reading/R022/tiexue_receipts.jsonl	n311/p30	311	p30	n311/p30	33b9a677531ccd126b267fd17534f0f33537dd2a	LOCATOR_VERIFIED_ONLY_B_PROVISIONAL
STAGE0:R022:v13-r022-tiexue-315-candidate	R022	tiexuecanming	cangjie/reading/R007/wanming_receipts.jsonl	cangjie/reading/R022/tiexue_receipts.jsonl	n315/p20	315	p20	n315/p20	33b9a677531ccd126b267fd17534f0f33537dd2a	LOCATOR_VERIFIED_ONLY_B_PROVISIONAL
STAGE0:R022:v13-r022-tiexue-320-candidate	R022	tiexuecanming	cangjie/reading/R007/wanming_receipts.jsonl	cangjie/reading/R022/tiexue_receipts.jsonl	n320/p37	320	p37	n320/p37	33b9a677531ccd126b267fd17534f0f33537dd2a	LOCATOR_VERIFIED_ONLY_B_PROVISIONAL
STAGE0:R024:R024-321-C1	R024	tiexuecanming	cangjie/reading/R007/wanming_receipts.jsonl	cangjie/reading/R024/tiexue_receipts.jsonl	n321/p2	321	p2	n321/p2	65e90119ef7a60cfaccd948767414f85e1bcf12f	LOCATOR_VERIFIED_ONLY_B_PROVISIONAL
STAGE0:R024:R024-324-C1	R024	tiexuecanming	cangjie/reading/R007/wanming_receipts.jsonl	cangjie/reading/R024/tiexue_receipts.jsonl	n324/p2	324	p2	n324/p2	65e90119ef7a60cfaccd948767414f85e1bcf12f	LOCATOR_VERIFIED_ONLY_B_PROVISIONAL
STAGE0:R024:R024-328-C1	R024	tiexuecanming	cangjie/reading/R007/wanming_receipts.jsonl	cangjie/reading/R024/tiexue_receipts.jsonl	n328/p2	328	p2	n328/p2	65e90119ef7a60cfaccd948767414f85e1bcf12f	LOCATOR_VERIFIED_ONLY_B_PROVISIONAL
STAGE0:R024:R024-329-C1	R024	tiexuecanming	cangjie/reading/R007/wanming_receipts.jsonl	cangjie/reading/R024/tiexue_receipts.jsonl	n329/p2	329	p2	n329/p2	65e90119ef7a60cfaccd948767414f85e1bcf12f	LOCATOR_VERIFIED_ONLY_B_PROVISIONAL
STAGE0:R024:R024-331-C1	R024	tiexuecanming	cangjie/reading/R007/wanming_receipts.jsonl	cangjie/reading/R024/tiexue_receipts.jsonl	n331/p2	331	p2	n331/p2	65e90119ef7a60cfaccd948767414f85e1bcf12f	LOCATOR_VERIFIED_ONLY_B_PROVISIONAL
STAGE0:R024:R024-333-C1	R024	tiexuecanming	cangjie/reading/R007/wanming_receipts.jsonl	cangjie/reading/R024/tiexue_receipts.jsonl	n333/p2	333	p2	n333/p2	65e90119ef7a60cfaccd948767414f85e1bcf12f	LOCATOR_VERIFIED_ONLY_B_PROVISIONAL
STAGE0:R024:R024-336-C1	R024	tiexuecanming	cangjie/reading/R007/wanming_receipts.jsonl	cangjie/reading/R024/tiexue_receipts.jsonl	n336/p2	336	p2	n336/p2	65e90119ef7a60cfaccd948767414f85e1bcf12f	LOCATOR_VERIFIED_ONLY_B_PROVISIONAL
STAGE0:R024:R024-337-C1	R024	tiexuecanming	cangjie/reading/R007/wanming_receipts.jsonl	cangjie/reading/R024/tiexue_receipts.jsonl	n337/p2	337	p2	n337/p2	65e90119ef7a60cfaccd948767414f85e1bcf12f	LOCATOR_VERIFIED_ONLY_B_PROVISIONAL
STAGE0:R024:R024-340-C1	R024	tiexuecanming	cangjie/reading/R007/wanming_receipts.jsonl	cangjie/reading/R024/tiexue_receipts.jsonl	n340/p2	340	p2	n340/p2	65e90119ef7a60cfaccd948767414f85e1bcf12f	LOCATOR_VERIFIED_ONLY_B_PROVISIONAL
STAGE0:R024:R024-341-C1	R024	tiexuecanming	cangjie/reading/R007/wanming_receipts.jsonl	cangjie/reading/R024/tiexue_receipts.jsonl	n341/p2	341	p2	n341/p2	65e90119ef7a60cfaccd948767414f85e1bcf12f	LOCATOR_VERIFIED_ONLY_B_PROVISIONAL
STAGE0:R024:R024-343-C1	R024	tiexuecanming	cangjie/reading/R007/wanming_receipts.jsonl	cangjie/reading/R024/tiexue_receipts.jsonl	n343/p2	343	p2	n343/p2	65e90119ef7a60cfaccd948767414f85e1bcf12f	LOCATOR_VERIFIED_ONLY_B_PROVISIONAL
STAGE0:R024:R024-344-C1	R024	tiexuecanming	cangjie/reading/R007/wanming_receipts.jsonl	cangjie/reading/R024/tiexue_receipts.jsonl	n344/p2	344	p2	n344/p2	65e90119ef7a60cfaccd948767414f85e1bcf12f	LOCATOR_VERIFIED_ONLY_B_PROVISIONAL
STAGE0:R024:R024-345-C1	R024	tiexuecanming	cangjie/reading/R007/wanming_receipts.jsonl	cangjie/reading/R024/tiexue_receipts.jsonl	n345/p2	345	p2	n345/p2	65e90119ef7a60cfaccd948767414f85e1bcf12f	LOCATOR_VERIFIED_ONLY_B_PROVISIONAL
STAGE0:R024:R024-346-C1	R024	tiexuecanming	cangjie/reading/R007/wanming_receipts.jsonl	cangjie/reading/R024/tiexue_receipts.jsonl	n346/p2	346	p2	n346/p2	65e90119ef7a60cfaccd948767414f85e1bcf12f	LOCATOR_VERIFIED_ONLY_B_PROVISIONAL
STAGE0:R024:R024-347-C1	R024	tiexuecanming	cangjie/reading/R007/wanming_receipts.jsonl	cangjie/reading/R024/tiexue_receipts.jsonl	n347/p2	347	p2	n347/p2	65e90119ef7a60cfaccd948767414f85e1bcf12f	LOCATOR_VERIFIED_ONLY_B_PROVISIONAL
STAGE0:R024:R024-350-C1	R024	tiexuecanming	cangjie/reading/R007/wanming_receipts.jsonl	cangjie/reading/R024/tiexue_receipts.jsonl	n350/p2	350	p2	n350/p2	65e90119ef7a60cfaccd948767414f85e1bcf12f	LOCATOR_VERIFIED_ONLY_B_PROVISIONAL
STAGE0:R024:R024-352-C1	R024	tiexuecanming	cangjie/reading/R007/wanming_receipts.jsonl	cangjie/reading/R024/tiexue_receipts.jsonl	n352/p2	352	p2	n352/p2	65e90119ef7a60cfaccd948767414f85e1bcf12f	LOCATOR_VERIFIED_ONLY_B_PROVISIONAL
STAGE0:R024:R024-355-C1	R024	tiexuecanming	cangjie/reading/R007/wanming_receipts.jsonl	cangjie/reading/R024/tiexue_receipts.jsonl	n355/p2	355	p2	n355/p2	65e90119ef7a60cfaccd948767414f85e1bcf12f	LOCATOR_VERIFIED_ONLY_B_PROVISIONAL
STAGE0:R024:R024-357-C1	R024	tiexuecanming	cangjie/reading/R007/wanming_receipts.jsonl	cangjie/reading/R024/tiexue_receipts.jsonl	n357/p2	357	p2	n357/p2	65e90119ef7a60cfaccd948767414f85e1bcf12f	LOCATOR_VERIFIED_ONLY_B_PROVISIONAL
STAGE0:R024:R024-360-C1	R024	tiexuecanming	cangjie/reading/R007/wanming_receipts.jsonl	cangjie/reading/R024/tiexue_receipts.jsonl	n360/p2	360	p2	n360/p2	65e90119ef7a60cfaccd948767414f85e1bcf12f	LOCATOR_VERIFIED_ONLY_B_PROVISIONAL
