repeat_id	candidate_id	book	cohort	old_output_sha	old_self_delta	source_task_ids	pre_register_round	real_V3_round	creator	blind_judge_one	blind_judge_two	actual_independent_result
B076R-001	WM-f01	wanming	ORIGINAL47	f0c685a95d3c6d0639655d59af904cbdf3dfe473	0	WM-01,WM-03	N21	N22	UNASSIGNED	UNASSIGNED	UNASSIGNED	NOT_RUN
B076R-002	WM-f02	wanming	ORIGINAL47	64a7af3b5ddae535c84afb3ec9b89de8a94a3617	0	WM-02,WM-07	N21	N22	UNASSIGNED	UNASSIGNED	UNASSIGNED	NOT_RUN
B076R-003	WM-f04	wanming	ORIGINAL47	37855153a1db3ddb6d5938ab5734f66bd51089f4	0	WM-03,WM-04,WM-06	N21	N22	UNASSIGNED	UNASSIGNED	UNASSIGNED	NOT_RUN
B076R-004	WM-f06	wanming	ORIGINAL47	4ad86817cf1f1929e6a3b74373d98c12b1c69124	0	WM-01,WM-03	N21	N22	UNASSIGNED	UNASSIGNED	UNASSIGNED	NOT_RUN
B076R-005	WM-f08	wanming	ORIGINAL47	da302453c1837fc6b2cda84b27a647568206bc53	1	WM-05,WM-06	N21	N22	UNASSIGNED	UNASSIGNED	UNASSIGNED	NOT_RUN
B076R-006	WM-f10	wanming	ORIGINAL47	70560e6d597d15e0b7056014d82d63bb4f8ee9f3	0	WM-06,WM-08	N21	N22	UNASSIGNED	UNASSIGNED	UNASSIGNED	NOT_RUN
B076R-007	WM-f12	wanming	ORIGINAL47	feb656d64bad669f2a3284a89cecca5f1c763019	0	WM-07,WM-02	N21	N22	UNASSIGNED	UNASSIGNED	UNASSIGNED	NOT_RUN
B076R-008	WM-f13	wanming	ORIGINAL47	85b11f241447b33e5f58f5d80a80c3a858a9cc1c	1	WM-09	N21	N22	UNASSIGNED	UNASSIGNED	UNASSIGNED	NOT_RUN
B076R-009	WM-f14	wanming	ORIGINAL47	3b0eae37512ab8f406d199a97fef5876dcc33611	1	WM-08,WM-06	N21	N22	UNASSIGNED	UNASSIGNED	UNASSIGNED	NOT_RUN
B076R-010	WM-p01	wanming	ORIGINAL47	23c005f9b2cc259b0c283c11955dfdeeabc7c82b	0	WM-02,WM-04	N21	N22	UNASSIGNED	UNASSIGNED	UNASSIGNED	NOT_RUN
B076R-011	WM-p03	wanming	ORIGINAL47	a76db2d9c8ef2ca294d9c4cc7873d5e4df49b39d	0	WM-01,WM-08	N21	N22	UNASSIGNED	UNASSIGNED	UNASSIGNED	NOT_RUN
B076R-012	WM-p04	wanming	ORIGINAL47	5fa0cd4893dfe7f4fb7f7f1b24305bdf36327cf5	0	WM-06	N21	N22	UNASSIGNED	UNASSIGNED	UNASSIGNED	NOT_RUN
B076R-013	WM-p05	wanming	ORIGINAL47	87def2999475cf0db9b23f61a37be1d81b96b831	0	WM-03,WM-04	N21	N22	UNASSIGNED	UNASSIGNED	UNASSIGNED	NOT_RUN
B076R-014	WM-p07	wanming	ORIGINAL47	7c29b06f5a1e6dd6721927ce044c09d568476ede	1	WM-05,WM-09	N21	N22	UNASSIGNED	UNASSIGNED	UNASSIGNED	NOT_RUN
B076R-015	WM-p08	wanming	ORIGINAL47	42a55198cd9e6ead3a21a04491955ab52799a5b3	0	WM-01,WM-03	N21	N22	UNASSIGNED	UNASSIGNED	UNASSIGNED	NOT_RUN
B076R-016	WM-p12	wanming	ORIGINAL47	6c9e9a45d80a6c8f0dee2ba87d6e1391128ddeb2	0	WM-03,WM-04	N21	N22	UNASSIGNED	UNASSIGNED	UNASSIGNED	NOT_RUN
B076R-017	WM-p14	wanming	ORIGINAL47	7fe3ab1c46465d15cb98d65f8717bacef76160c1	1	WM-08	N21	N22	UNASSIGNED	UNASSIGNED	UNASSIGNED	NOT_RUN
B076R-018	WM-p19	wanming	ORIGINAL47	d51298a05a24fbf1e7ffe84e0585ce3431dca37d	0	WM-05,WM-09	N21	N22	UNASSIGNED	UNASSIGNED	UNASSIGNED	NOT_RUN
B076R-019	WM-p20	wanming	ORIGINAL47	436a5ad70710093380c69a7fc8ea0bdf195731d7	0	WM-07,WM-08	N21	N22	UNASSIGNED	UNASSIGNED	UNASSIGNED	NOT_RUN
B076R-020	WM-p21	wanming	ORIGINAL47	764fc587efc7023a88e8fa101dbf2ce615015007	0	WM-07	N21	N22	UNASSIGNED	UNASSIGNED	UNASSIGNED	NOT_RUN
B076R-021	WM-p23	wanming	ORIGINAL47	4eebe42d883b4221b85713dbd122aa5a392984da	0	WM-09	N21	N22	UNASSIGNED	UNASSIGNED	UNASSIGNED	NOT_RUN
B076R-022	TX-f01	tiexuecanming	ORIGINAL47	1edfcc2ac8b17a84c90ad3a0419d3994253a4d22	0	TX-01,TX-08	N21	N23	UNASSIGNED	UNASSIGNED	UNASSIGNED	NOT_RUN
B076R-023	TX-f02	tiexuecanming	ORIGINAL47	5927af6554f0f518df780029d5d241a8937cac4e	0	TX-02,TX-03	N21	N23	UNASSIGNED	UNASSIGNED	UNASSIGNED	NOT_RUN
B076R-024	TX-f05	tiexuecanming	ORIGINAL47	52219284cc35732b22ffc72914f833997a9616c4	1	TX-03,TX-05	N21	N23	UNASSIGNED	UNASSIGNED	UNASSIGNED	NOT_RUN
B076R-025	TX-f08	tiexuecanming	ORIGINAL47	4c819c8efa34d56f3d3017064d89efc7f918e14d	0	TX-03,TX-05	N21	N23	UNASSIGNED	UNASSIGNED	UNASSIGNED	NOT_RUN
B076R-026	TX-f09	tiexuecanming	ORIGINAL47	0c0f9505849cfb16d77ba9008f1aef5fa1f5b85a	0	TX-06,TX-07	N21	N23	UNASSIGNED	UNASSIGNED	UNASSIGNED	NOT_RUN
B076R-027	TX-f10	tiexuecanming	ORIGINAL47	003de0f5de6534ad99de68bae2a9a399de3ad153	0	TX-04,TX-07,TX-08	N21	N23	UNASSIGNED	UNASSIGNED	UNASSIGNED	NOT_RUN
B076R-028	TX-f11	tiexuecanming	ORIGINAL47	da47976f6be95a140988c7e3a72e2c9d10731209	1	TX-01,TX-08	N21	N23	UNASSIGNED	UNASSIGNED	UNASSIGNED	NOT_RUN
B076R-029	TX-f12	tiexuecanming	ORIGINAL47	2d611a3ce684c718c7f87043b00b1444cd93074b	0	TX-06,TX-07	N21	N23	UNASSIGNED	UNASSIGNED	UNASSIGNED	NOT_RUN
B076R-030	TX-f13	tiexuecanming	ORIGINAL47	ef25f5f3f6651ff7751425066624fcf5229f8733	1	TX-02,TX-09	N21	N23	UNASSIGNED	UNASSIGNED	UNASSIGNED	NOT_RUN
B076R-031	TX-f16	tiexuecanming	ORIGINAL47	6c240ae09af07b7dede25a63ab18757f6d2181e1	0	TX-04,TX-09,TX-10	N21	N23	UNASSIGNED	UNASSIGNED	UNASSIGNED	NOT_RUN
B076R-032	TX-p01	tiexuecanming	ORIGINAL47	9243958d7051e08cc86413e69292d9f6fa9339a8	0	TX-01	N21	N23	UNASSIGNED	UNASSIGNED	UNASSIGNED	NOT_RUN
B076R-033	TX-p03	tiexuecanming	ORIGINAL47	666dc67cf782c460becd477d6a2c2020fc7d4a98	1	TX-02,TX-09	N21	N23	UNASSIGNED	UNASSIGNED	UNASSIGNED	NOT_RUN
B076R-034	TX-p04	tiexuecanming	ORIGINAL47	d19521a34bb1e474c3411d8392a6af6fef3a9ee3	0	TX-03,TX-04	N21	N23	UNASSIGNED	UNASSIGNED	UNASSIGNED	NOT_RUN
B076R-035	TX-p05	tiexuecanming	ORIGINAL47	14cad25548de919717a0cf85bcf9145f00e6b7aa	0	TX-04	N21	N23	UNASSIGNED	UNASSIGNED	UNASSIGNED	NOT_RUN
B076R-036	TX-p06	tiexuecanming	ORIGINAL47	8a984bfc82ed486d08f7120ceabaad33c80cee30	1	TX-06	N21	N23	UNASSIGNED	UNASSIGNED	UNASSIGNED	NOT_RUN
B076R-037	TX-p07	tiexuecanming	ORIGINAL47	c41a58609dd57204240918aaeebacc25fda3e277	0	TX-05,TX-08	N21	N23	UNASSIGNED	UNASSIGNED	UNASSIGNED	NOT_RUN
B076R-038	TX-p08	tiexuecanming	ORIGINAL47	e13e89ae74044930e258dae2d3c8c20aa454309a	0	TX-05	N21	N23	UNASSIGNED	UNASSIGNED	UNASSIGNED	NOT_RUN
B076R-039	TX-p09	tiexuecanming	ORIGINAL47	363497dd05118047accd3f2b7e1121e2a4a0be22	0	TX-03	N21	N23	UNASSIGNED	UNASSIGNED	UNASSIGNED	NOT_RUN
B076R-040	TX-p11	tiexuecanming	ORIGINAL47	f3c76e00cc612e12361b8b6a398ab13901dc293d	0	TX-01,TX-08	N21	N23	UNASSIGNED	UNASSIGNED	UNASSIGNED	NOT_RUN
B076R-041	TX-p12	tiexuecanming	ORIGINAL47	6d89a6494a1cb5a57d4caf6e518283e22fdd70af	1	TX-02,TX-05	N21	N23	UNASSIGNED	UNASSIGNED	UNASSIGNED	NOT_RUN
B076R-042	TX-p13	tiexuecanming	ORIGINAL47	a7067b7eb114647a501254ca74c98f6709a2dad8	0	TX-06	N21	N23	UNASSIGNED	UNASSIGNED	UNASSIGNED	NOT_RUN
B076R-043	TX-p14	tiexuecanming	ORIGINAL47	172a2010968dc94e95752900a13f8e0a0c23fed9	0	TX-07	N21	N23	UNASSIGNED	UNASSIGNED	UNASSIGNED	NOT_RUN
B076R-044	TX-p17	tiexuecanming	ORIGINAL47	e2679e556f71bdf77f063f6368c557496cd8e6ba	0	TX-09,TX-06	N21	N23	UNASSIGNED	UNASSIGNED	UNASSIGNED	NOT_RUN
B076R-045	TX-p19	tiexuecanming	ORIGINAL47	64ac504a76e2c4a34dd3e169255d0cad71d9cd35	0	TX-09	N21	N23	UNASSIGNED	UNASSIGNED	UNASSIGNED	NOT_RUN
B076R-046	TX-p20	tiexuecanming	ORIGINAL47	15a11d12aafbd7a40251ef572a5dfabfb79eca90	1	TX-08,TX-05	N21	N23	UNASSIGNED	UNASSIGNED	UNASSIGNED	NOT_RUN
B076R-047	TX-p21	tiexuecanming	ORIGINAL47	9d66130b100a39c24025bd6347e684e79446a158	0	TX-04,TX-10	N21	N23	UNASSIGNED	UNASSIGNED	UNASSIGNED	NOT_RUN
B076R-048	WM-f11	wanming	EXTRA22	ca74e94d6e8a1a46872ecbb66bef5c70b4fa8b10	1	WM-03,WM-07	N21	N24	UNASSIGNED	UNASSIGNED	UNASSIGNED	NOT_RUN
B076R-049	WM-f16	wanming	EXTRA22	d6e369a36e43c3a962ff72d96e90d6dc94b02f63	0	WM-04,WM-07	N21	N24	UNASSIGNED	UNASSIGNED	UNASSIGNED	NOT_RUN
B076R-050	WM-p06	wanming	EXTRA22	a9e077f53dbbc8b2608e02f675d32ef60c2f1046	0	WM-05,WM-08	N21	N24	UNASSIGNED	UNASSIGNED	UNASSIGNED	NOT_RUN
B076R-051	WM-p13	wanming	EXTRA22	09bd34dbe6d2c6084aec8cdcfbddaf2d1df2c634	0	WM-03,WM-07	N21	N24	UNASSIGNED	UNASSIGNED	UNASSIGNED	NOT_RUN
B076R-052	WM-p18	wanming	EXTRA22	665402934db9970ff6350aa0127b9797a55e1572	0	WM-04,WM-07	N21	N24	UNASSIGNED	UNASSIGNED	UNASSIGNED	NOT_RUN
B076R-053	WM-f05	wanming	EXTRA22	283a1708e56a7f55e8b8c6c18fce4f995af005e6	1	WM-03,WM-07	N21	N24	UNASSIGNED	UNASSIGNED	UNASSIGNED	NOT_RUN
B076R-054	WM-p10	wanming	EXTRA22	759663d8d090d9517df86159875ae599828f030c	0	WM-03,WM-07	N21	N24	UNASSIGNED	UNASSIGNED	UNASSIGNED	NOT_RUN
B076R-055	WM-p15	wanming	EXTRA22	30f8737f96fcaf042dc9b6432ab7913cb0e14da1	1	WM-03,WM-05	N21	N24	UNASSIGNED	UNASSIGNED	UNASSIGNED	NOT_RUN
B076R-056	WM-p16	wanming	EXTRA22	0ec24d1f553a54cbe079d0ddf973d773e415ba94	0	WM-07	N21	N24	UNASSIGNED	UNASSIGNED	UNASSIGNED	NOT_RUN
B076R-057	WM-p22	wanming	EXTRA22	4747341a7b4bac6970b52c1bd7249a9c85ce9528	1	WM-04,WM-06	N21	N24	UNASSIGNED	UNASSIGNED	UNASSIGNED	NOT_RUN
B076R-058	TX-f03	tiexuecanming	EXTRA22	088226cad3e6d2ff33206b3a0665dc928e00a9f6	0	TX-01,TX-02	N21	N25	UNASSIGNED	UNASSIGNED	UNASSIGNED	NOT_RUN
B076R-059	TX-f04	tiexuecanming	EXTRA22	9fe4523d903882fdd066b88cb51d68f6a5fc0079	0	TX-02,TX-06	N21	N25	UNASSIGNED	UNASSIGNED	UNASSIGNED	NOT_RUN
B076R-060	TX-f15	tiexuecanming	EXTRA22	3588204463fdb81dddfe22abc61a0eb65407f3a6	1	TX-05,TX-08	N21	N25	UNASSIGNED	UNASSIGNED	UNASSIGNED	NOT_RUN
B076R-061	TX-p02	tiexuecanming	EXTRA22	35c8f63f8b08aafaed131f0797e7c416bf63f0ea	0	TX-02	N21	N25	UNASSIGNED	UNASSIGNED	UNASSIGNED	NOT_RUN
B076R-062	TX-p15	tiexuecanming	EXTRA22	8904dab2f429c04aea72c25ddaf787ecb4ab485b	0	TX-05,TX-06	N21	N25	UNASSIGNED	UNASSIGNED	UNASSIGNED	NOT_RUN
B076R-063	TX-p18	tiexuecanming	EXTRA22	0d5d60657dbff54a62627c1df710fb95e340fd11	0	TX-03,TX-07	N21	N25	UNASSIGNED	UNASSIGNED	UNASSIGNED	NOT_RUN
B076R-064	TX-f07	tiexuecanming	EXTRA22	a556f6599bc4ae7d9aa1711ed0ebacfbfabf42a0	1	TX-05,TX-06	N21	N25	UNASSIGNED	UNASSIGNED	UNASSIGNED	NOT_RUN
B076R-065	TX-f14	tiexuecanming	EXTRA22	a5b06c834d6effc76b9ddd29cde8762d32f632c9	0	TX-03,TX-04	N21	N25	UNASSIGNED	UNASSIGNED	UNASSIGNED	NOT_RUN
B076R-066	TX-f17	tiexuecanming	EXTRA22	613fc855b7431821b93011bbb5d4d0824e1aef49	1	TX-03,TX-05,TX-08	N21	N25	UNASSIGNED	UNASSIGNED	UNASSIGNED	NOT_RUN
B076R-067	TX-p10	tiexuecanming	EXTRA22	e81b0ab0ce9aba3a96d035da629ff3a78910eb44	0	TX-09	N21	N25	UNASSIGNED	UNASSIGNED	UNASSIGNED	NOT_RUN
B076R-068	TX-p16	tiexuecanming	EXTRA22	ecf9831eb011b2d99549ca8ec1e609f75540bec7	0	TX-06	N21	N25	UNASSIGNED	UNASSIGNED	UNASSIGNED	NOT_RUN
B076R-069	TX-p22	tiexuecanming	EXTRA22	56f3a6426528e2193c79db657b5e35c0fd423d8f	0	TX-07,TX-06	N21	N25	UNASSIGNED	UNASSIGNED	UNASSIGNED	NOT_RUN
