task_id	title	original_loci	expected_deliverable	stage0_missing	all_candidates	needs_review	reference	verified	R056_delta
WM-01	从失去身份到获得他人有条件认可，写新人物入局	n001/p44、n022/p1、n052/p28	三场不同见证人场面＋合法性变更表	陌生人物与年代、独立试写	WM-f01;WM-f06;WM-p03;WM-p08;WM-c01;WM-c03;WM-ce01;WM-ce03;WM-g01;WM-g02;WM-g03	WM-f01;WM-f06;WM-p03;WM-p08	WM-c01;WM-c03;WM-ce01;WM-ce03;WM-g01;WM-g02;WM-g03		0
WM-02	让两位长期合作者的道德分歧产生真实后果	n034/p18、n064/p55、n468/p44	双视角冲突＋关系债务	原创新人物选择题	WM-f02;WM-f12;WM-p01;WM-p02;WM-c02;WM-c12;WM-ce02;WM-ce07;WM-ce17;WM-ce19;WM-g02;WM-g09;WM-g11;WM-g13;WM-g17	WM-f02;WM-f12;WM-p01;WM-p02;WM-ce17	WM-c02;WM-c12;WM-ce02;WM-ce07;WM-ce19;WM-g02;WM-g09;WM-g11;WM-g13;WM-g17		0
WM-03	区分纸面军职与组织实际运营条件	n052/p28、n070/p36、n494/p17	权限/人力/资金/承诺四账与现场	历史外证和安全审查	WM-f01;WM-f03;WM-f04;WM-f05;WM-f06;WM-f09;WM-f11;WM-f15;WM-p05;WM-p08;WM-p09;WM-p10;WM-p12;WM-p13;WM-p15;WM-p17;WM-c03;WM-c06;WM-c08;WM-c10;WM-c11;WM-ce03;WM-ce04;WM-ce08;WM-ce09;WM-ce10;WM-ce13;WM-ce14;WM-ce15;WM-ce18;WM-g01;WM-g04;WM-g05;WM-g06;WM-g07;WM-g08;WM-g12;WM-g16	WM-f01;WM-f03;WM-f04;WM-f05;WM-f06;WM-f09;WM-f11;WM-f15;WM-p05;WM-p08;WM-p09;WM-p10;WM-p12;WM-p13;WM-p15;WM-p17;WM-c11;WM-ce08;WM-ce13;WM-ce15;WM-ce18	WM-c03;WM-c06;WM-c08;WM-c10;WM-ce03;WM-ce04;WM-ce09;WM-ce10;WM-ce14;WM-g01;WM-g04;WM-g05;WM-g06;WM-g07;WM-g08;WM-g12;WM-g16		0
WM-04	设计商业收益转供给的延时和竞争	n099/p18、n297/p1、n345/p29	跨章虚构资源时序＋两名商人选择	全新交易背景，非现实营销/欺诈	WM-f04;WM-f09;WM-f16;WM-f17;WM-p01;WM-p02;WM-p05;WM-p12;WM-p18;WM-p22;WM-c01;WM-c02;WM-c05;WM-c08;WM-c11;WM-ce01;WM-ce06;WM-ce10;WM-ce12;WM-ce14;WM-ce18;WM-g09;WM-g10;WM-g12;WM-g16	WM-f04;WM-f09;WM-f16;WM-f17;WM-p01;WM-p02;WM-p05;WM-p12;WM-p18;WM-p22;WM-c05;WM-c11;WM-ce06;WM-ce12;WM-ce18	WM-c01;WM-c02;WM-c08;WM-ce01;WM-ce10;WM-ce14;WM-g09;WM-g10;WM-g12;WM-g16		-1
WM-05	写敌我不共享情报的选择与误判	n106/p1、n140/p36、n556/p3	两地有限视角场景＋消息差清单	匿名原创事件，禁止实战战术	WM-f07;WM-f08;WM-f15;WM-p06;WM-p07;WM-p15;WM-p19;WM-c05;WM-c06;WM-ce04;WM-ce06;WM-ce07;WM-ce16;WM-g04;WM-g15;WM-g18	WM-f07;WM-f08;WM-f15;WM-p06;WM-p07;WM-p15;WM-p19;WM-c05;WM-ce06	WM-c06;WM-ce04;WM-ce07;WM-ce16;WM-g04;WM-g15;WM-g18		0
WM-06	大胜后重新分配功劳和社会成本	n085/p25、n155/p52、n425/p27	战后四方结果网＋未结事项	独立盲评后果连续性	WM-f03;WM-f04;WM-f08;WM-f10;WM-f14;WM-f17;WM-p04;WM-p09;WM-p22;WM-c04;WM-c07;WM-c09;WM-c13;WM-ce05;WM-ce08;WM-ce11;WM-g05;WM-g06	WM-f03;WM-f04;WM-f08;WM-f10;WM-f14;WM-f17;WM-p04;WM-p09;WM-p22;WM-ce08	WM-c04;WM-c07;WM-c09;WM-c13;WM-ce05;WM-ce11;WM-g05;WM-g06		0
WM-07	组织治理改革必须经过质疑、试验、复核	n425/p27、n519/p70、n520/p17	一场制度争辩＋试点验收表	真实制度条文须外证	WM-f02;WM-f05;WM-f11;WM-f12;WM-f16;WM-p10;WM-p11;WM-p13;WM-p16;WM-p17;WM-p18;WM-p20;WM-p21;WM-c07;WM-c10;WM-c12;WM-ce09;WM-ce12;WM-ce13;WM-ce17;WM-g08;WM-g11;WM-g13;WM-g14	WM-f02;WM-f05;WM-f11;WM-f12;WM-f16;WM-p10;WM-p11;WM-p13;WM-p16;WM-p17;WM-p18;WM-p20;WM-p21;WM-ce12;WM-ce13;WM-ce17	WM-c07;WM-c10;WM-c12;WM-ce09;WM-g08;WM-g11;WM-g13;WM-g14		0
WM-08	跨卷维护普通人和家庭的个人弧线	n540/p33、n568/p44、n569/p21	人物认知/关系/个人意愿连续账	全新人物独立选择	WM-f10;WM-f14;WM-f17;WM-p03;WM-p06;WM-p14;WM-p20;WM-c03;WM-c09;WM-c13;WM-ce02;WM-ce11;WM-ce15;WM-g03;WM-g07;WM-g11;WM-g12	WM-f10;WM-f14;WM-f17;WM-p03;WM-p06;WM-p14;WM-p20;WM-ce15	WM-c03;WM-c09;WM-c13;WM-ce02;WM-ce11;WM-g03;WM-g07;WM-g11;WM-g12		0
WM-09	把后世讲述与曾经发生过的事实比较	n166/p30、n571/p5	事件／见闻／谣说／评书四层对照	陌生叙事基线及版权相似性否决	WM-f07;WM-f13;WM-p07;WM-p19;WM-p23;WM-c14;WM-ce16;WM-ce19;WM-g15;WM-g17;WM-g18	WM-f07;WM-f13;WM-p07;WM-p19;WM-p23	WM-c14;WM-ce16;WM-ce19;WM-g15;WM-g17;WM-g18		-1
TX-01	让带旧身份污点的新主角承受互相矛盾的社会评价	n001/p20、n201/p54→p56	多见证人开场＋后续信用账	独立人物／身份设定	TX-f01;TX-f03;TX-f11;TX-p01;TX-p11;TX-c01;TX-c09;TX-ce11;TX-g01;TX-g05;TX-g19	TX-f01;TX-f03;TX-f11;TX-p01;TX-p11	TX-c01;TX-c09;TX-ce11;TX-g01;TX-g05;TX-g19		0
TX-02	把地方事务的文书申请与实际认可分层写	n030/p33、n055/p31	申请—受理—承认—执行—追责五态表和两场争议	外部史料另核，非现实政治教程	TX-f02;TX-f03;TX-f04;TX-f13;TX-p02;TX-p03;TX-p12;TX-c03;TX-c05;TX-ce01;TX-ce02;TX-ce12;TX-ce16;TX-g02;TX-g03;TX-g04;TX-g07;TX-g14	TX-f02;TX-f03;TX-f04;TX-f13;TX-p02;TX-p03;TX-p12;TX-c05;TX-ce01;TX-ce12	TX-c03;TX-ce02;TX-ce16;TX-g02;TX-g03;TX-g04;TX-g07;TX-g14		0
TX-03	让属员自主提案实质改变工作流程	n081/p59、n174/p23→p24	会议争论＋岗位执行结果场	未知题目／评测	TX-f02;TX-f05;TX-f08;TX-f14;TX-f17;TX-p04;TX-p09;TX-p18;TX-c02;TX-c04;TX-c08;TX-ce03;TX-ce04;TX-ce09;TX-ce12;TX-ce18;TX-g05;TX-g06;TX-g07;TX-g11;TX-g12;TX-g16	TX-f02;TX-f05;TX-f08;TX-f14;TX-f17;TX-p04;TX-p09;TX-p18;TX-ce09;TX-ce12;TX-ce18	TX-c02;TX-c04;TX-c08;TX-ce03;TX-ce04;TX-g05;TX-g06;TX-g07;TX-g11;TX-g12;TX-g16		0
TX-04	把资源补救写成新的时间与人情债	n114/p27→p29、n531/p8	资金/实物/到账时点三账及小说事件	不做现实融资操作指引	TX-f06;TX-f10;TX-f14;TX-f16;TX-p04;TX-p05;TX-p21;TX-c06;TX-c07;TX-c16;TX-ce03;TX-ce06;TX-ce09;TX-ce10;TX-ce14;TX-ce17;TX-ce21;TX-g09;TX-g10;TX-g13;TX-g17;TX-g18	TX-f06;TX-f10;TX-f14;TX-f16;TX-p04;TX-p05;TX-p21;TX-ce09;TX-ce10;TX-ce14	TX-c06;TX-c07;TX-c16;TX-ce03;TX-ce06;TX-ce17;TX-ce21;TX-g09;TX-g10;TX-g13;TX-g17;TX-g18		0
TX-05	把规章质疑与口头解释之后的未测结果分开	n165/p1、n361/p35→p36、n380/p31	提案—反问—答复—实测差异链	陌生伦理背景与盲评	TX-f05;TX-f07;TX-f08;TX-f15;TX-f17;TX-p07;TX-p08;TX-p12;TX-p15;TX-p20;TX-c04;TX-c05;TX-c11;TX-ce07;TX-ce08;TX-ce12;TX-ce15;TX-g08;TX-g11;TX-g12	TX-f05;TX-f07;TX-f08;TX-f15;TX-f17;TX-p07;TX-p08;TX-p12;TX-p15;TX-p20;TX-c05;TX-ce08;TX-ce12;TX-ce15	TX-c04;TX-c11;TX-ce07;TX-g08;TX-g11;TX-g12		0
TX-06	写出三方独立知情与有条件合作	n315/p40、n420/p2、n430/p59、n485/p23	三方信息状态账＋协作场	不生成危险战术	TX-f04;TX-f07;TX-f09;TX-f12;TX-p06;TX-p13;TX-p15;TX-p16;TX-p17;TX-p22;TX-c02;TX-c12;TX-c13;TX-ce04;TX-ce05;TX-ce13;TX-ce16;TX-ce17;TX-g03;TX-g07;TX-g13;TX-g14;TX-g20	TX-f04;TX-f07;TX-f09;TX-f12;TX-p06;TX-p13;TX-p15;TX-p16;TX-p17;TX-p22	TX-c02;TX-c12;TX-c13;TX-ce04;TX-ce05;TX-ce13;TX-ce16;TX-ce17;TX-g03;TX-g07;TX-g13;TX-g14;TX-g20		0
TX-07	给对手与被战事牵连者独立行动线	n250/p31、n305/p50、n350/p69、n505/p8	双群像场景及后续因果树	不可沿用原书人物组合	TX-f09;TX-f10;TX-f12;TX-p14;TX-p18;TX-p22;TX-c10;TX-c15;TX-ce14;TX-ce18;TX-g06;TX-g09;TX-g10	TX-f09;TX-f10;TX-f12;TX-p14;TX-p18;TX-p22;TX-ce14;TX-ce18	TX-c10;TX-c15;TX-g06;TX-g09;TX-g10		0
TX-08	将普通人的请求和实际批准区分	n015/p49、n370/p19、n527/p30→p31	请求—回答—许可条件—兑现状态表	不能把受压服从描述为自由同意	TX-f01;TX-f10;TX-f11;TX-f15;TX-f17;TX-p07;TX-p11;TX-p20;TX-c07;TX-c09;TX-c15;TX-ce07;TX-ce08;TX-ce10;TX-ce11;TX-ce20;TX-g01;TX-g02;TX-g08;TX-g09	TX-f01;TX-f10;TX-f11;TX-f15;TX-f17;TX-p07;TX-p11;TX-p20;TX-ce08;TX-ce10	TX-c07;TX-c09;TX-c15;TX-ce07;TX-ce11;TX-ce20;TX-g01;TX-g02;TX-g08;TX-g09		0
TX-09	叙述战果报道被不同人改写和质疑	n526/p82→p87、n531/p25→p26	现场事实／报告／编辑／受众分层账	不得做现实造谣、政治操纵指南	TX-f13;TX-f16;TX-p03;TX-p10;TX-p17;TX-p19;TX-c03;TX-c14;TX-ce02;TX-ce05;TX-ce19;TX-g03;TX-g04;TX-g15;TX-g16;TX-g19;TX-g20	TX-f13;TX-f16;TX-p03;TX-p10;TX-p17;TX-p19	TX-c03;TX-c14;TX-ce02;TX-ce05;TX-ce19;TX-g03;TX-g04;TX-g15;TX-g16;TX-g19;TX-g20		0
TX-10	以尚未履行的新责任而非假定结果收束章节	n530/p41、n531/p8、n532/p47→p49	末场决定＋已经发生/估算/未来未知三栏	新题必须避开原票据发行组合	TX-f06;TX-f16;TX-p21;TX-c16;TX-ce20;TX-ce21;TX-g17;TX-g18	TX-f06;TX-f16;TX-p21	TX-c16;TX-ce20;TX-ce21;TX-g17;TX-g18		0
