book	old_Stage0_id	original_id	old_task_name	old_task_loci	R057_task_id	mapping_status	unresolved_task_scope	independent_full_task_acceptance	original_task_list_blob
wanming	WM-T01	T01	能力进入制度：输入一名全新人物、一项可证明技能、当地职业规则与知情人	C01：n001/p44、n010/p39、n022/p1	WM-01	TOPIC_OVERLAP_NOT_FULL_ACCEPTANCE	historical qualification must match original witnesses	NOT_RUN	fe2783e2575290d685986a103cb6b37cce61f36e
wanming	WM-T02	T02	互相依赖的价值分歧：输入两位合作但诉求不同的原创人物、同一资源限制	C02：n034/p18、n051/p28、n064/p55	WM-02	TOPIC_OVERLAP_NOT_FULL_ACCEPTANCE	two-perspective moral disagreement needs cross-chapter debt	NOT_RUN	fe2783e2575290d685986a103cb6b37cce61f36e
wanming	WM-T03	T03	纸面权力—实际执行闭合：输入新虚构地区的授权来源、组织规模、财源及时间窗	C03：n052/p28、n081/p1、n494/p17	WM-03	TOPIC_OVERLAP_NOT_FULL_ACCEPTANCE	original five-ledger authorization/finance person-power must be preserved	NOT_RUN	fe2783e2575290d685986a103cb6b37cce61f36e
wanming	WM-T04	T04	现金流与履约压力：输入虚构订单、季节、生产能力、费用、两种利益主体	C04：n099/p18、n189/p59、n345/p29、n530/p1	WM-04	TOPIC_OVERLAP_NOT_FULL_ACCEPTANCE	cash flow and fulfillment time are not the same as resource transfer summary	NOT_RUN	fe2783e2575290d685986a103cb6b37cce61f36e
wanming	WM-T05	T05	命令执行的角色差异：输入虚构军事组织的抽象目标和三级不同信息来源	C05：n070/p36、n105/p13、n400/p43	WM-05	PARTIAL_ONLY_UNIQUE_TASK_UNRECONCILED	orders and hierarchical subordinate misunderstanding not fully represented by opposing-party intelligence gap	NOT_RUN	fe2783e2575290d685986a103cb6b37cce61f36e
wanming	WM-T06	T06	对手独立目标与延迟消息：输入原创双方和第三方，各自掌握不同消息	C06：n106/p1、n501/p24、n556/p3	WM-05	TOPIC_OVERLAP_NOT_FULL_ACCEPTANCE	enemy autonomous action and delayed third-party information separate subtask	NOT_RUN	fe2783e2575290d685986a103cb6b37cce61f36e
wanming	WM-T07	T07	胜利后的后勤与社会责任：输入原创组织一次阶段成果、可支配资源和遗留利益	C07：n155/p52、n355/p15、n568/p44	WM-06	TOPIC_OVERLAP_NOT_FULL_ACCEPTANCE	post-event obligation is not a confirmed continuing chapter	NOT_RUN	fe2783e2575290d685986a103cb6b37cce61f36e
wanming	WM-T08	T08	有限制度试验的可靠性检验：输入虚构公共裁议规则、两方利益、普通旁观人	C08：n272/p65、n425/p27、n519/p69 → 校正 n519/p70、n520/p17	WM-07	TOPIC_OVERLAP_NOT_FULL_ACCEPTANCE	fairness independent checks needed beyond public dissent	NOT_RUN	fe2783e2575290d685986a103cb6b37cce61f36e
wanming	WM-T09	T09	跨卷人物连续性纠错：输入原创人物事件索引、多个 POV 不同认知、时间点	C09：n565/p69、n571/p5、n540/p33	WM-08	PARTIAL_ONLY_UNIQUE_TASK_UNRECONCILED	four-column continuity fact state and reverse check not proven by family arc alone	NOT_RUN	fe2783e2575290d685986a103cb6b37cce61f36e
wanming	WM-T10	T10	历史叙述与体验之间的差异：输入一件虚构过去事件、两名不同立场叙述者、读者已知事实	C10：n166/p30、n480/p3、n570/p26、n571/p31	WM-09	TOPIC_OVERLAP_NOT_FULL_ACCEPTANCE	memory-stage distinctions and historical viewpoint remain untested	NOT_RUN	fe2783e2575290d685986a103cb6b37cce61f36e
tiexuecanming	TX-T01	TX-T01	错位社会评价回收	n001/p20、n002/p36、n201/p54、n201/p56	TX-01	TOPIC_OVERLAP_NOT_FULL_ACCEPTANCE	Stage0 exact deliverable not yet independently tried	NOT_RUN	2fe0cd6f3f023237afc052c09d7aaee2f2af791f
tiexuecanming	TX-T02	TX-T02	行政申请的五状态叙事	n030/p33、n055/p31、n055/p32、n295/p21	TX-02	TOPIC_OVERLAP_NOT_FULL_ACCEPTANCE	Stage0 exact deliverable not yet independently tried	NOT_RUN	2fe0cd6f3f023237afc052c09d7aaee2f2af791f
tiexuecanming	TX-T03	TX-T03	培养独立办事者	n081/p59、n174/p23、n174/p24、n409/p57	TX-03	TOPIC_OVERLAP_NOT_FULL_ACCEPTANCE	Stage0 exact deliverable not yet independently tried	NOT_RUN	2fe0cd6f3f023237afc052c09d7aaee2f2af791f
tiexuecanming	TX-T04	TX-T04	临时资源补丁的二次代价	n114/p27、n114/p29、n175/p23、n360/p2	TX-04	TOPIC_OVERLAP_NOT_FULL_ACCEPTANCE	Stage0 exact deliverable not yet independently tried	NOT_RUN	2fe0cd6f3f023237afc052c09d7aaee2f2af791f
tiexuecanming	TX-T05	TX-T05	制度提案中的反对与修订	n161/p65、n165/p1、n361/p35、n361/p36、n380/p31	TX-05	TOPIC_OVERLAP_NOT_FULL_ACCEPTANCE	Stage0 exact deliverable not yet independently tried	NOT_RUN	2fe0cd6f3f023237afc052c09d7aaee2f2af791f
tiexuecanming	TX-T06	TX-T06	有限协作与消息速度	n315/p40、n420/p2、n430/p59、n485/p23	TX-06	TOPIC_OVERLAP_NOT_FULL_ACCEPTANCE	Stage0 exact deliverable not yet independently tried	NOT_RUN	2fe0cd6f3f023237afc052c09d7aaee2f2af791f
tiexuecanming	TX-T07	TX-T07	没有主角镜头的社会后果	n250/p31、n305/p50、n350/p69、n505/p8	TX-07	TOPIC_OVERLAP_NOT_FULL_ACCEPTANCE	Stage0 exact deliverable not yet independently tried	NOT_RUN	2fe0cd6f3f023237afc052c09d7aaee2f2af791f
tiexuecanming	TX-T08	TX-T08	请求不等于获得自主权	n010/p21、n015/p49、n410/p34、n527/p30、n527/p31	TX-08	TOPIC_OVERLAP_NOT_FULL_ACCEPTANCE	Stage0 exact deliverable not yet independently tried	NOT_RUN	2fe0cd6f3f023237afc052c09d7aaee2f2af791f
tiexuecanming	TX-T09	TX-T09	发生—记录—公开版本差	n054/p37、n244/p30、n526/p82、n526/p87、n531/p25	TX-09	TOPIC_OVERLAP_NOT_FULL_ACCEPTANCE	Stage0 exact deliverable not yet independently tried	NOT_RUN	2fe0cd6f3f023237afc052c09d7aaee2f2af791f
tiexuecanming	TX-T10	TX-T10	未兑承诺型章节悬念	n490/p30、n517/p25、n530/p41、n531/p10、n532/p47、n532/p49	TX-10	TOPIC_OVERLAP_NOT_FULL_ACCEPTANCE	Stage0 exact deliverable not yet independently tried	NOT_RUN	2fe0cd6f3f023237afc052c09d7aaee2f2af791f
