old_task_id	book	original_required_output	original_success_and_failure	R057_topic_id	comparison_status	full_independent_acceptance	current_batch	downstream_test	required_evidence
WM-T01	wanming	3场连续原创剧情 + 身份/职业/人情信用变更记录	技能必须有展示、他人认可或拒绝、后续兑现；失败：技能一亮即无限授权	WM-01	DRAFT_COMPARISON_NOT_VETTED	NOT_RUN	B076	B079_B080_B095_AS_APPLICABLE	Actual original full deliverable and qualified independent creative-C judgement
WM-T02	wanming	双视角场景 + 一次真实行动分歧 + 合作关系未来代价	两人有可理解的独立理由，至少一项决定对未来形成债务；失败：一人只是说教工具	WM-02	DRAFT_COMPARISON_NOT_VETTED	NOT_RUN	B076	B079_B080_B095_AS_APPLICABLE	Actual original full deliverable and qualified independent creative-C judgement
WM-T03	wanming	权限/人员/财政/训练/责任五账 + 两场冲突剧情	每种资源有来源及撤回条件，不能直接从官衔生成完整队伍；失败：跳过授权或持续供养	WM-03	DRAFT_COMPARISON_NOT_VETTED	NOT_RUN	B076	B079_B080_B095_AS_APPLICABLE	Actual original full deliverable and qualified independent creative-C judgement
WM-T04	wanming	时间轴+小说内部收支账+一场因欠付或延期导致的原创现场	账期不凭空消失，至少一方受影响并行动；失败：账面利润直接转为即时兵饷	WM-04	DRAFT_COMPARISON_NOT_VETTED	NOT_RUN	B076	B079_B080_B095_AS_APPLICABLE	Actual original full deliverable and qualified independent creative-C judgement
WM-T05	wanming	3个有限视角场景 + 行动—误解—修正—后果链	不能写可复制的危险操作流程；各层理解差异影响剧情；失败：下属仿佛共享统帅全知	WM-05	DRAFT_COMPARISON_NOT_VETTED	NOT_RUN	B076	B079_B080_B095_AS_APPLICABLE	Actual original full deliverable and qualified independent creative-C judgement
WM-T06	wanming	三方知识表 + 两个交叉现场 + 信息揭示时点	每方目标、误报和自主选择可复查；失败：反派只按主角预言行动	WM-05	DRAFT_COMPARISON_NOT_VETTED	NOT_RUN	B076	B079_B080_B095_AS_APPLICABLE	Actual original full deliverable and qualified independent creative-C judgement
WM-T07	wanming	四方后果网：决策层、执行者、受益者、反对者 + 3章钩子	下一场冲突必须由先前改变的资源或责任引起；失败：一次胜利直接收束治理	WM-06	DRAFT_COMPARISON_NOT_VETTED	NOT_RUN	B076	B079_B080_B095_AS_APPLICABLE	Actual original full deliverable and qualified independent creative-C judgement
WM-T08	wanming	原创冲突现场、发言权表、决定权表、复核缺口、失败边界	区分“有人发言”与“公平得到证明”，记录结果与新债；失败：主持者一句提问就被当正式论证	WM-07	DRAFT_COMPARISON_NOT_VETTED	NOT_RUN	B076	B079_B080_B095_AS_APPLICABLE	Actual original full deliverable and qualified independent creative-C judgement
WM-T09	wanming	`seen/heard/confirmed/unknown` 四栏人物状态账 + 逆向复核测试	对人物的传闻不能升级为确定事实；失败：视角里消失就自动宣告死亡	WM-08	DRAFT_COMPARISON_NOT_VETTED	NOT_RUN	B076	B079_B080_B095_AS_APPLICABLE	Actual original full deliverable and qualified independent creative-C judgement
WM-T10	wanming	过去场景、晚年讲述场景、事实/记忆/传闻/演出对照表	修订的是评价和部分可信信息，不凭无证据反转全书事实；失败：一句说书推翻前文全部现场	WM-09	DRAFT_COMPARISON_NOT_VETTED	NOT_RUN	B076	B079_B080_B095_AS_APPLICABLE	Actual original full deliverable and qualified independent creative-C judgement
TX-T01	tiexuecanming	三段场景＋关系事实表（本人/旁观者/权威/受伤者各知什么）	新成功不能抹去曾经恶评，至少一位角色的态度基于亲眼可见的新行为改变；最后保留未回收旧债	TX-01	DRAFT_COMPARISON_NOT_VETTED	NOT_RUN	B076	B079_B080_B095_AS_APPLICABLE	Actual original full deliverable and qualified independent creative-C judgement
TX-T02	tiexuecanming	申请—受理—授权—执行—追责状态表＋两场具体签办与驳回场景	任何阶段不允许跳级，有一次独立审查和至少一个后果尚未结清	TX-02	DRAFT_COMPARISON_NOT_VETTED	NOT_RUN	B076	B079_B080_B095_AS_APPLICABLE	Actual original full deliverable and qualified independent creative-C judgement
TX-T03	tiexuecanming	职责依赖图、干部自主提案的会议现场、之后一次独立执行场	下属提出与领袖不同且实质可行的方案，下一章由结果而不是领导训话验收	TX-03	DRAFT_COMPARISON_NOT_VETTED	NOT_RUN	B076	B079_B080_B095_AS_APPLICABLE	Actual original full deliverable and qualified independent creative-C judgement
TX-T04	tiexuecanming	三时点资源台账＋供给出现前后的两场反应＋下一章债务	用备用资金补当期缺口后必须写供给者新增议价权或实际成本，未到账不能当现钱	TX-04	DRAFT_COMPARISON_NOT_VETTED	NOT_RUN	B076	B079_B080_B095_AS_APPLICABLE	Actual original full deliverable and qualified independent creative-C judgement
TX-T05	tiexuecanming	提案—质疑—口头解释—实测缺口四栏＋争论场＋后续差分复核	反问必须指出真正冲突，口头澄清不代表长期运行成功；至少一名利益受损者可表明态度	TX-05	DRAFT_COMPARISON_NOT_VETTED	NOT_RUN	B076	B079_B080_B095_AS_APPLICABLE	Actual original full deliverable and qualified independent creative-C judgement
TX-T06	tiexuecanming	三方知情表＋一次未能说服和一次条件谈成的对照场景＋时延清单	不能用主角说服力跳过独立他者同意，成功协作有签约范围与有效期	TX-06	DRAFT_COMPARISON_NOT_VETTED	NOT_RUN	B076	B079_B080_B095_AS_APPLICABLE	Actual original full deliverable and qualified independent creative-C judgement
TX-T07	tiexuecanming	两段偏离主视角的现场＋选择引发的后续因果树	至少一人的行动真实改变下一章，不能只安排受难旁白或反派独白	TX-07	DRAFT_COMPARISON_NOT_VETTED	NOT_RUN	B076	B079_B080_B095_AS_APPLICABLE	Actual original full deliverable and qualified independent creative-C judgement
TX-T08	tiexuecanming	请求—回话—许可—真正落实四时间节点＋两人视角短场	场面需标记各人是否有拒绝权；存在附条件许可而非口头答应万事皆成	TX-08	DRAFT_COMPARISON_NOT_VETTED	NOT_RUN	B076	B079_B080_B095_AS_APPLICABLE	Actual original full deliverable and qualified independent creative-C judgement
TX-T09	tiexuecanming	事实/见闻/转述/编修/发布版本台账＋一场内审争议	至少一项可核查事实在转述中发生精度损失，人物能因错误版本改动行动，但不能把一切报道设为虚假	TX-09	DRAFT_COMPARISON_NOT_VETTED	NOT_RUN	B076	B079_B080_B095_AS_APPLICABLE	Actual original full deliverable and qualified independent creative-C judgement
TX-T10	tiexuecanming	首尾两场＋已发生/当事人估算/未发生三栏事实账＋后续选择钩子	结尾做决定但不抢写未来成功或失败，下一章允许合法延迟与客观障碍	TX-10	DRAFT_COMPARISON_NOT_VETTED	NOT_RUN	B076	B079_B080_B095_AS_APPLICABLE	Actual original full deliverable and qualified independent creative-C judgement
