set	book	candidate_id	test_id	source_results	raw_path	raw_git_blob_sha1	freeze_valid	id_match	length_valid	score_valid	state_ledger_and_negative	baseline_and_method_same_scene_one	actual_prompt_arm_separation	evaluator_independent	self_rated_delta	V3_outcome	B075_route
ADDITIONAL22	wanming	WM-f11	WM-ADD-01	v2/v3/results/WANMING_ADDITIONAL.tsv	v2/v3/outputs/B073/WM-ADD-01.json	ca74e94d6e8a1a46872ecbb66bef5c70b4fa8b10	PASS	PASS	PASS	PASS	PASS	YES	NOT_ESTABLISHED	NOT_ESTABLISHED	1	DIAGNOSTIC_ONLY_NOT_VERIFIED	NEEDS_REVIEW_INDEPENDENT_VALIDATION
ADDITIONAL22	wanming	WM-f16	WM-ADD-02	v2/v3/results/WANMING_ADDITIONAL.tsv	v2/v3/outputs/B073/WM-ADD-02.json	d6e369a36e43c3a962ff72d96e90d6dc94b02f63	PASS	PASS	PASS	PASS	PASS	YES	NOT_ESTABLISHED	NOT_ESTABLISHED	0	DIAGNOSTIC_ONLY_NOT_VERIFIED	NEEDS_REVIEW_INDEPENDENT_VALIDATION
ADDITIONAL22	wanming	WM-p06	WM-ADD-03	v2/v3/results/WANMING_ADDITIONAL.tsv	v2/v3/outputs/B073/WM-ADD-03.json	a9e077f53dbbc8b2608e02f675d32ef60c2f1046	PASS	PASS	PASS	PASS	PASS	YES	NOT_ESTABLISHED	NOT_ESTABLISHED	0	DIAGNOSTIC_ONLY_NOT_VERIFIED	NEEDS_REVIEW_INDEPENDENT_VALIDATION
ADDITIONAL22	wanming	WM-p13	WM-ADD-04	v2/v3/results/WANMING_ADDITIONAL.tsv	v2/v3/outputs/B073/WM-ADD-04.json	09bd34dbe6d2c6084aec8cdcfbddaf2d1df2c634	PASS	PASS	PASS	PASS	PASS	YES	NOT_ESTABLISHED	NOT_ESTABLISHED	0	DIAGNOSTIC_ONLY_NOT_VERIFIED	NEEDS_REVIEW_INDEPENDENT_VALIDATION
ADDITIONAL22	wanming	WM-p18	WM-ADD-05	v2/v3/results/WANMING_ADDITIONAL.tsv	v2/v3/outputs/B073/WM-ADD-05.json	665402934db9970ff6350aa0127b9797a55e1572	PASS	PASS	PASS	PASS	PASS	YES	NOT_ESTABLISHED	NOT_ESTABLISHED	0	DIAGNOSTIC_ONLY_NOT_VERIFIED	NEEDS_REVIEW_INDEPENDENT_VALIDATION
ADDITIONAL22	wanming	WM-f05	WM-ADD-06	v2/v3/results/WANMING_ADDITIONAL.tsv	v2/v3/outputs/B073/WM-ADD-06.json	283a1708e56a7f55e8b8c6c18fce4f995af005e6	PASS	PASS	PASS	PASS	PASS	YES	NOT_ESTABLISHED	NOT_ESTABLISHED	1	DIAGNOSTIC_ONLY_NOT_VERIFIED	NEEDS_REVIEW_INDEPENDENT_VALIDATION
ADDITIONAL22	wanming	WM-p10	WM-ADD-07	v2/v3/results/WANMING_ADDITIONAL.tsv	v2/v3/outputs/B073/WM-ADD-07.json	759663d8d090d9517df86159875ae599828f030c	PASS	PASS	PASS	PASS	PASS	YES	NOT_ESTABLISHED	NOT_ESTABLISHED	0	DIAGNOSTIC_ONLY_NOT_VERIFIED	NEEDS_REVIEW_INDEPENDENT_VALIDATION
ADDITIONAL22	wanming	WM-p15	WM-ADD-08	v2/v3/results/WANMING_ADDITIONAL.tsv	v2/v3/outputs/B073/WM-ADD-08.json	30f8737f96fcaf042dc9b6432ab7913cb0e14da1	PASS	PASS	PASS	PASS	PASS	YES	NOT_ESTABLISHED	NOT_ESTABLISHED	1	DIAGNOSTIC_ONLY_NOT_VERIFIED	NEEDS_REVIEW_INDEPENDENT_VALIDATION
ADDITIONAL22	wanming	WM-p16	WM-ADD-09	v2/v3/results/WANMING_ADDITIONAL.tsv	v2/v3/outputs/B073/WM-ADD-09.json	0ec24d1f553a54cbe079d0ddf973d773e415ba94	PASS	PASS	PASS	PASS	PASS	YES	NOT_ESTABLISHED	NOT_ESTABLISHED	0	DIAGNOSTIC_ONLY_NOT_VERIFIED	NEEDS_REVIEW_INDEPENDENT_VALIDATION
ADDITIONAL22	wanming	WM-p22	WM-ADD-10	v2/v3/results/WANMING_ADDITIONAL.tsv	v2/v3/outputs/B073/WM-ADD-10.json	4747341a7b4bac6970b52c1bd7249a9c85ce9528	PASS	PASS	PASS	PASS	PASS	YES	NOT_ESTABLISHED	NOT_ESTABLISHED	1	DIAGNOSTIC_ONLY_NOT_VERIFIED	NEEDS_REVIEW_INDEPENDENT_VALIDATION
ADDITIONAL22	tiexuecanming	TX-f03	TX-ADD-01	v2/v3/results/TIEXUE_ADDITIONAL.tsv	v2/v3/outputs/B074/TX-ADD-01.json	088226cad3e6d2ff33206b3a0665dc928e00a9f6	PASS	PASS	PASS	PASS	PASS	YES	NOT_ESTABLISHED	NOT_ESTABLISHED	0	DIAGNOSTIC_ONLY_NOT_VERIFIED	NEEDS_REVIEW_INDEPENDENT_VALIDATION
ADDITIONAL22	tiexuecanming	TX-f04	TX-ADD-02	v2/v3/results/TIEXUE_ADDITIONAL.tsv	v2/v3/outputs/B074/TX-ADD-02.json	9fe4523d903882fdd066b88cb51d68f6a5fc0079	PASS	PASS	PASS	PASS	PASS	YES	NOT_ESTABLISHED	NOT_ESTABLISHED	0	DIAGNOSTIC_ONLY_NOT_VERIFIED	NEEDS_REVIEW_INDEPENDENT_VALIDATION
ADDITIONAL22	tiexuecanming	TX-f15	TX-ADD-03	v2/v3/results/TIEXUE_ADDITIONAL.tsv	v2/v3/outputs/B074/TX-ADD-03.json	3588204463fdb81dddfe22abc61a0eb65407f3a6	PASS	PASS	PASS	PASS	PASS	YES	NOT_ESTABLISHED	NOT_ESTABLISHED	1	DIAGNOSTIC_ONLY_NOT_VERIFIED	NEEDS_REVIEW_INDEPENDENT_VALIDATION
ADDITIONAL22	tiexuecanming	TX-p02	TX-ADD-04	v2/v3/results/TIEXUE_ADDITIONAL.tsv	v2/v3/outputs/B074/TX-ADD-04.json	35c8f63f8b08aafaed131f0797e7c416bf63f0ea	PASS	PASS	PASS	PASS	PASS	YES	NOT_ESTABLISHED	NOT_ESTABLISHED	0	DIAGNOSTIC_ONLY_NOT_VERIFIED	NEEDS_REVIEW_INDEPENDENT_VALIDATION
ADDITIONAL22	tiexuecanming	TX-p15	TX-ADD-05	v2/v3/results/TIEXUE_ADDITIONAL.tsv	v2/v3/outputs/B074/TX-ADD-05.json	8904dab2f429c04aea72c25ddaf787ecb4ab485b	PASS	PASS	PASS	PASS	PASS	YES	NOT_ESTABLISHED	NOT_ESTABLISHED	0	DIAGNOSTIC_ONLY_NOT_VERIFIED	NEEDS_REVIEW_INDEPENDENT_VALIDATION
ADDITIONAL22	tiexuecanming	TX-p18	TX-ADD-06	v2/v3/results/TIEXUE_ADDITIONAL.tsv	v2/v3/outputs/B074/TX-ADD-06.json	0d5d60657dbff54a62627c1df710fb95e340fd11	PASS	PASS	PASS	PASS	PASS	YES	NOT_ESTABLISHED	NOT_ESTABLISHED	0	DIAGNOSTIC_ONLY_NOT_VERIFIED	NEEDS_REVIEW_INDEPENDENT_VALIDATION
ADDITIONAL22	tiexuecanming	TX-f07	TX-ADD-07	v2/v3/results/TIEXUE_ADDITIONAL.tsv	v2/v3/outputs/B074/TX-ADD-07.json	a556f6599bc4ae7d9aa1711ed0ebacfbfabf42a0	PASS	PASS	PASS	PASS	PASS	YES	NOT_ESTABLISHED	NOT_ESTABLISHED	1	DIAGNOSTIC_ONLY_NOT_VERIFIED	NEEDS_REVIEW_INDEPENDENT_VALIDATION
ADDITIONAL22	tiexuecanming	TX-f14	TX-ADD-08	v2/v3/results/TIEXUE_ADDITIONAL.tsv	v2/v3/outputs/B074/TX-ADD-08.json	a5b06c834d6effc76b9ddd29cde8762d32f632c9	PASS	PASS	PASS	PASS	PASS	YES	NOT_ESTABLISHED	NOT_ESTABLISHED	0	DIAGNOSTIC_ONLY_NOT_VERIFIED	NEEDS_REVIEW_INDEPENDENT_VALIDATION
ADDITIONAL22	tiexuecanming	TX-f17	TX-ADD-09	v2/v3/results/TIEXUE_ADDITIONAL.tsv	v2/v3/outputs/B074/TX-ADD-09.json	613fc855b7431821b93011bbb5d4d0824e1aef49	PASS	PASS	PASS	PASS	PASS	YES	NOT_ESTABLISHED	NOT_ESTABLISHED	1	DIAGNOSTIC_ONLY_NOT_VERIFIED	NEEDS_REVIEW_INDEPENDENT_VALIDATION
ADDITIONAL22	tiexuecanming	TX-p10	TX-ADD-10	v2/v3/results/TIEXUE_ADDITIONAL.tsv	v2/v3/outputs/B074/TX-ADD-10.json	e81b0ab0ce9aba3a96d035da629ff3a78910eb44	PASS	PASS	PASS	PASS	PASS	YES	NOT_ESTABLISHED	NOT_ESTABLISHED	0	DIAGNOSTIC_ONLY_NOT_VERIFIED	NEEDS_REVIEW_INDEPENDENT_VALIDATION
ADDITIONAL22	tiexuecanming	TX-p16	TX-ADD-11	v2/v3/results/TIEXUE_ADDITIONAL.tsv	v2/v3/outputs/B074/TX-ADD-11.json	ecf9831eb011b2d99549ca8ec1e609f75540bec7	PASS	PASS	PASS	PASS	PASS	YES	NOT_ESTABLISHED	NOT_ESTABLISHED	0	DIAGNOSTIC_ONLY_NOT_VERIFIED	NEEDS_REVIEW_INDEPENDENT_VALIDATION
ADDITIONAL22	tiexuecanming	TX-p22	TX-ADD-12	v2/v3/results/TIEXUE_ADDITIONAL.tsv	v2/v3/outputs/B074/TX-ADD-12.json	56f3a6426528e2193c79db657b5e35c0fd423d8f	PASS	PASS	PASS	PASS	PASS	YES	NOT_ESTABLISHED	NOT_ESTABLISHED	0	DIAGNOSTIC_ONLY_NOT_VERIFIED	NEEDS_REVIEW_INDEPENDENT_VALIDATION
