test_id	candidate_id	book	legacy_round	v3_execution_batch	seq	source_loci	old_V1	old_V2	old_V3	older_v2_input	frozen_new_input_id	baseline_arm_status	method_arm_status	method_card_id	judge	v3_status	certified
V13-B067-01	WM-f01	wanming	R068	B068	1	n001/p44;n022/p1;n052/p28	PASS	V2_WALKTHROUGH_PASS_LIMITED	NO_INCREMENTAL_GAIN_DEMONSTRATED_NONBLIND	WM-01	V13-B067-01	TESTED_NONBLIND	TESTED_NONBLIND	WM-f01	NOT_ESTABLISHED	TESTED_NONBLIND_NO_DEMONSTRATED_GAIN	NO
V13-B067-02	WM-f02	wanming	R068	B068	2	n034/p18;n305/p29;n305/p36;n468/p44	PASS	V2_WALKTHROUGH_PASS_LIMITED	NO_INCREMENTAL_GAIN_DEMONSTRATED_NONBLIND	WM-02	V13-B067-02	TESTED_NONBLIND	TESTED_NONBLIND	WM-f02	NOT_ESTABLISHED	TESTED_NONBLIND_NO_DEMONSTRATED_GAIN	NO
V13-B067-03	WM-f04	wanming	R068	B068	3	n099/p18;n305/p29;n305/p32;n529/p38;n530/p1	PASS	V2_WALKTHROUGH_PASS_LIMITED	NO_INCREMENTAL_GAIN_DEMONSTRATED_NONBLIND	WM-04	V13-B067-03	TESTED_NONBLIND	TESTED_NONBLIND	WM-f04	NOT_ESTABLISHED	TESTED_NONBLIND_NO_DEMONSTRATED_GAIN	NO
V13-B067-04	WM-f06	wanming	R068	B068	4	n143/p49;n143/p52;n143/p53;n143/p55	PASS	V2_WALKTHROUGH_PASS_LIMITED	NO_INCREMENTAL_GAIN_DEMONSTRATED_NONBLIND	WM-03	V13-B067-04	TESTED_NONBLIND	TESTED_NONBLIND	WM-f06	NOT_ESTABLISHED	TESTED_NONBLIND_NO_DEMONSTRATED_GAIN	NO
V13-B067-05	WM-f08	wanming	R068	B068	5	n106/p1;n482/p9;n482/p15;n556/p3	PASS	V2_WALKTHROUGH_PASS_LIMITED	NO_INCREMENTAL_GAIN_DEMONSTRATED_NONBLIND	WM-05	V13-B067-05	TESTED_NONBLIND	TESTED_NONBLIND	WM-f08	NOT_ESTABLISHED	TESTED_NONBLIND_NO_DEMONSTRATED_GAIN	NO
V13-B067-06	WM-f10	wanming	R068	B068	6	n085/p25;n155/p52;n338/p40;n339/p31;n339/p36	PASS	V2_WALKTHROUGH_PASS_LIMITED	NO_INCREMENTAL_GAIN_DEMONSTRATED_NONBLIND	WM-06	V13-B067-06	TESTED_NONBLIND	TESTED_NONBLIND	WM-f10	NOT_ESTABLISHED	TESTED_NONBLIND_NO_DEMONSTRATED_GAIN	NO
V13-B067-07	WM-f12	wanming	R068	B068	7	n425/p27;n519/p69;n519/p70;n520/p17	PASS	V2_WALKTHROUGH_PASS_LIMITED	NO_INCREMENTAL_GAIN_DEMONSTRATED_NONBLIND	WM-07	V13-B067-07	TESTED_NONBLIND	TESTED_NONBLIND	WM-f12	NOT_ESTABLISHED	TESTED_NONBLIND_NO_DEMONSTRATED_GAIN	NO
V13-B067-08	WM-f13	wanming	R069	B068	8	n166/p30;n571/p5;n571/p25	PASS	V2_WALKTHROUGH_PASS_LIMITED	NO_INCREMENTAL_GAIN_DEMONSTRATED_NONBLIND	WM-09	V13-B067-08	TESTED_NONBLIND	TESTED_NONBLIND	WM-f13	NOT_ESTABLISHED	TESTED_NONBLIND_NO_DEMONSTRATED_GAIN	NO
V13-B067-09	WM-f14	wanming	R069	B068	9	n339/p9;n339/p10;n339/p31;n540/p33;n569/p21	PASS	V2_WALKTHROUGH_PASS_LIMITED	NO_INCREMENTAL_GAIN_DEMONSTRATED_NONBLIND	WM-08	V13-B067-09	TESTED_NONBLIND	TESTED_NONBLIND	WM-f14	NOT_ESTABLISHED	TESTED_NONBLIND_NO_DEMONSTRATED_GAIN	NO
V13-B067-10	WM-p01	wanming	R069	B068	10	n034/p18;n034/p43	PASS	V2_WALKTHROUGH_PASS_LIMITED	NO_INCREMENTAL_GAIN_DEMONSTRATED_NONBLIND	WM-02	V13-B067-10	TESTED_NONBLIND	TESTED_NONBLIND	WM-p01	NOT_ESTABLISHED	TESTED_NONBLIND_NO_DEMONSTRATED_GAIN	NO
V13-B067-11	WM-p03	wanming	R069	B068	11	n052/p24;n022/p20	PASS	V2_WALKTHROUGH_PASS_LIMITED	NO_INCREMENTAL_GAIN_DEMONSTRATED_NONBLIND	WM-01	V13-B067-11	TESTED_NONBLIND	TESTED_NONBLIND	WM-p03	NOT_ESTABLISHED	TESTED_NONBLIND_NO_DEMONSTRATED_GAIN	NO
V13-B067-12	WM-p04	wanming	R069	B069	1	n085/p25;n085/p29	PASS	V2_WALKTHROUGH_PASS_LIMITED	NO_INCREMENTAL_GAIN_DEMONSTRATED_NONBLIND	WM-06	V13-B067-12	TESTED_NONBLIND	TESTED_NONBLIND	WM-p04	NOT_ESTABLISHED	TESTED_NONBLIND_NO_DEMONSTRATED_GAIN	NO
V13-B067-13	WM-p05	wanming	R069	B069	2	n099/p18;n109/p13;n109/p18	PASS	V2_WALKTHROUGH_PASS_LIMITED	NO_INCREMENTAL_GAIN_DEMONSTRATED_NONBLIND	WM-04	V13-B067-13	TESTED_NONBLIND	TESTED_NONBLIND	WM-p05	NOT_ESTABLISHED	TESTED_NONBLIND_NO_DEMONSTRATED_GAIN	NO
V13-B067-14	WM-p07	wanming	R069	B069	3	n140/p36;n506/p46	PASS	V2_WALKTHROUGH_PASS_LIMITED	NO_INCREMENTAL_GAIN_DEMONSTRATED_NONBLIND	WM-05	V13-B067-14	TESTED_NONBLIND	TESTED_NONBLIND	WM-p07	NOT_ESTABLISHED	TESTED_NONBLIND_NO_DEMONSTRATED_GAIN	NO
V13-B067-15	WM-p08	wanming	R070	B069	4	n143/p49;n143/p52;n143/p55	PASS	V2_WALKTHROUGH_PASS_LIMITED	NO_INCREMENTAL_GAIN_DEMONSTRATED_NONBLIND	WM-01;WM-03	V13-B067-15	TESTED_NONBLIND	TESTED_NONBLIND	WM-p08	NOT_ESTABLISHED	TESTED_NONBLIND_NO_DEMONSTRATED_GAIN	NO
V13-B067-16	WM-p12	wanming	R070	B069	5	n305/p29;n305/p32	PASS	V2_WALKTHROUGH_PASS_LIMITED	NO_INCREMENTAL_GAIN_DEMONSTRATED_NONBLIND	WM-03;WM-04	V13-B067-16	TESTED_NONBLIND	TESTED_NONBLIND	WM-p12	NOT_ESTABLISHED	TESTED_NONBLIND_NO_DEMONSTRATED_GAIN	NO
V13-B067-17	WM-p14	wanming	R070	B069	6	n339/p9;n339/p10;n339/p31	PASS	V2_WALKTHROUGH_PASS_LIMITED	NO_INCREMENTAL_GAIN_DEMONSTRATED_NONBLIND	WM-08	V13-B067-17	TESTED_NONBLIND	TESTED_NONBLIND	WM-p14	NOT_ESTABLISHED	TESTED_NONBLIND_NO_DEMONSTRATED_GAIN	NO
V13-B067-18	WM-p19	wanming	R070	B069	7	n506/p46;n140/p36	PASS	V2_WALKTHROUGH_PASS_LIMITED	NO_INCREMENTAL_GAIN_DEMONSTRATED_NONBLIND	WM-05	V13-B067-18	TESTED_NONBLIND	TESTED_NONBLIND	WM-p19	NOT_ESTABLISHED	TESTED_NONBLIND_NO_DEMONSTRATED_GAIN	NO
V13-B067-19	WM-p20	wanming	R070	B069	8	n519/p69;n519/p70	PASS	V2_WALKTHROUGH_PASS_LIMITED	NO_INCREMENTAL_GAIN_DEMONSTRATED_NONBLIND	WM-07	V13-B067-19	TESTED_NONBLIND	TESTED_NONBLIND	WM-p20	NOT_ESTABLISHED	TESTED_NONBLIND_NO_DEMONSTRATED_GAIN	NO
V13-B067-20	WM-p21	wanming	R070	B069	9	n520/p17;n425/p27	PASS	V2_WALKTHROUGH_PASS_LIMITED	NO_INCREMENTAL_GAIN_DEMONSTRATED_NONBLIND	WM-07	V13-B067-20	TESTED_NONBLIND	TESTED_NONBLIND	WM-p21	NOT_ESTABLISHED	TESTED_NONBLIND_NO_DEMONSTRATED_GAIN	NO
V13-B067-21	WM-p23	wanming	R070	B069	10	n166/p30;n571/p5	PASS	V2_WALKTHROUGH_PASS_LIMITED	NO_INCREMENTAL_GAIN_DEMONSTRATED_NONBLIND	WM-09	V13-B067-21	TESTED_NONBLIND	TESTED_NONBLIND	WM-p23	NOT_ESTABLISHED	TESTED_NONBLIND_NO_DEMONSTRATED_GAIN	NO
V13-B067-22	TX-f01	tiexuecanming	R071	B070	1	n001/p20;n002/p36;n201/p54;n201/p56	PASS	V2_WALKTHROUGH_PASS_LIMITED	NO_INCREMENTAL_GAIN_DEMONSTRATED_NONBLIND	TX-01	V13-B067-22	NOT_RUN	NOT_RUN	TX-f01	NOT_ESTABLISHED	NOT_TESTED	NO
V13-B067-23	TX-f02	tiexuecanming	R071	B070	2	n030/p33;n055/p30;n055/p31;n055/p32	PASS	V2_WALKTHROUGH_PASS_LIMITED	NO_INCREMENTAL_GAIN_DEMONSTRATED_NONBLIND	TX-02	V13-B067-23	NOT_RUN	NOT_RUN	TX-f02	NOT_ESTABLISHED	NOT_TESTED	NO
V13-B067-24	TX-f05	tiexuecanming	R071	B070	3	n081/p59;n165/p1;n174/p23;n174/p24	PASS	V2_WALKTHROUGH_PASS_LIMITED	NO_INCREMENTAL_GAIN_DEMONSTRATED_NONBLIND	TX-03	V13-B067-24	NOT_RUN	NOT_RUN	TX-f05	NOT_ESTABLISHED	NOT_TESTED	NO
V13-B067-25	TX-f08	tiexuecanming	R071	B070	4	n361/p34;n361/p35;n361/p36;n380/p31	PASS	V2_WALKTHROUGH_PASS_LIMITED	NO_INCREMENTAL_GAIN_DEMONSTRATED_NONBLIND	TX-05	V13-B067-25	NOT_RUN	NOT_RUN	TX-f08	NOT_ESTABLISHED	NOT_TESTED	NO
V13-B067-26	TX-f09	tiexuecanming	R071	B070	5	n250/p31;n305/p50;n350/p69	PASS	V2_WALKTHROUGH_PASS_LIMITED	NO_INCREMENTAL_GAIN_DEMONSTRATED_NONBLIND	TX-07	V13-B067-26	NOT_RUN	NOT_RUN	TX-f09	NOT_ESTABLISHED	NOT_TESTED	NO
V13-B067-27	TX-f10	tiexuecanming	R071	B070	6	n350/p69;n490/p28;n505/p8	PASS	V2_WALKTHROUGH_PASS_LIMITED	NO_INCREMENTAL_GAIN_DEMONSTRATED_NONBLIND	TX-07	V13-B067-27	NOT_RUN	NOT_RUN	TX-f10	NOT_ESTABLISHED	NOT_TESTED	NO
V13-B067-28	TX-f11	tiexuecanming	R071	B070	7	n015/p49;n161/p65;n370/p19;n527/p30;n527/p31	PASS	V2_WALKTHROUGH_PASS_LIMITED	NO_INCREMENTAL_GAIN_DEMONSTRATED_NONBLIND	TX-08	V13-B067-28	NOT_RUN	NOT_RUN	TX-f11	NOT_ESTABLISHED	NOT_TESTED	NO
V13-B067-29	TX-f12	tiexuecanming	R072	B070	8	n430/p58;n430/p59;n500/p24;n500/p25	PASS	V2_WALKTHROUGH_PASS_LIMITED	NO_INCREMENTAL_GAIN_DEMONSTRATED_NONBLIND	TX-06	V13-B067-29	NOT_RUN	NOT_RUN	TX-f12	NOT_ESTABLISHED	NOT_TESTED	NO
V13-B067-30	TX-f13	tiexuecanming	R072	B070	9	n175/p23;n175/p24;n244/p30;n526/p82;n526/p87;n531/p25;n531/p26	PASS	V2_WALKTHROUGH_PASS_LIMITED	NO_INCREMENTAL_GAIN_DEMONSTRATED_NONBLIND	TX-09	V13-B067-30	NOT_RUN	NOT_RUN	TX-f13	NOT_ESTABLISHED	NOT_TESTED	NO
V13-B067-31	TX-f16	tiexuecanming	R072	B071	1	n530/p41;n531/p8;n532/p47;n532/p49	PASS	V2_WALKTHROUGH_PASS_LIMITED	NO_INCREMENTAL_GAIN_DEMONSTRATED_NONBLIND	TX-04;TX-10	V13-B067-31	NOT_RUN	NOT_RUN	TX-f16	NOT_ESTABLISHED	NOT_TESTED	NO
V13-B067-32	TX-p01	tiexuecanming	R072	B071	2	n001/p20;n012/p28	PASS	V2_WALKTHROUGH_PASS_LIMITED	NO_INCREMENTAL_GAIN_DEMONSTRATED_NONBLIND	TX-01	V13-B067-32	NOT_RUN	NOT_RUN	TX-p01	NOT_ESTABLISHED	NOT_TESTED	NO
V13-B067-33	TX-p03	tiexuecanming	R072	B071	3	n055/p30;n055/p31;n055/p32	PASS	V2_WALKTHROUGH_PASS_LIMITED	NO_INCREMENTAL_GAIN_DEMONSTRATED_NONBLIND	TX-02	V13-B067-33	NOT_RUN	NOT_RUN	TX-p03	NOT_ESTABLISHED	NOT_TESTED	NO
V13-B067-34	TX-p04	tiexuecanming	R072	B071	4	n081/p29;n081/p59	PASS	V2_WALKTHROUGH_PASS_LIMITED	NO_INCREMENTAL_GAIN_DEMONSTRATED_NONBLIND	TX-03	V13-B067-34	NOT_RUN	NOT_RUN	TX-p04	NOT_ESTABLISHED	NOT_TESTED	NO
V13-B067-35	TX-p05	tiexuecanming	R072	B071	5	n114/p27;n114/p29	PASS	V2_WALKTHROUGH_PASS_LIMITED	NO_INCREMENTAL_GAIN_DEMONSTRATED_NONBLIND	TX-04	V13-B067-35	NOT_RUN	NOT_RUN	TX-p05	NOT_ESTABLISHED	NOT_TESTED	NO
V13-B067-36	TX-p06	tiexuecanming	R073	B071	6	n127/p11;n127/p44	PASS	V2_WALKTHROUGH_PASS_LIMITED	NO_INCREMENTAL_GAIN_DEMONSTRATED_NONBLIND	TX-06	V13-B067-36	NOT_RUN	NOT_RUN	TX-p06	NOT_ESTABLISHED	NOT_TESTED	NO
V13-B067-37	TX-p07	tiexuecanming	R073	B071	7	n161/p65;n380/p31	PASS	V2_WALKTHROUGH_PASS_LIMITED	NO_INCREMENTAL_GAIN_DEMONSTRATED_NONBLIND	TX-05;TX-08	V13-B067-37	NOT_RUN	NOT_RUN	TX-p07	NOT_ESTABLISHED	NOT_TESTED	NO
V13-B067-38	TX-p08	tiexuecanming	R073	B071	8	n165/p1;n361/p35;n361/p36	PASS	V2_WALKTHROUGH_PASS_LIMITED	NO_INCREMENTAL_GAIN_DEMONSTRATED_NONBLIND	TX-05	V13-B067-38	NOT_RUN	NOT_RUN	TX-p08	NOT_ESTABLISHED	NOT_TESTED	NO
V13-B067-39	TX-p09	tiexuecanming	R073	B071	9	n174/p23;n174/p24	PASS	V2_WALKTHROUGH_PASS_LIMITED	NO_INCREMENTAL_GAIN_DEMONSTRATED_NONBLIND	TX-03	V13-B067-39	NOT_RUN	NOT_RUN	TX-p09	NOT_ESTABLISHED	NOT_TESTED	NO
V13-B067-40	TX-p11	tiexuecanming	R073	B072	1	n201/p54;n201/p56	PASS	V2_WALKTHROUGH_PASS_LIMITED	NO_INCREMENTAL_GAIN_DEMONSTRATED_NONBLIND	TX-01	V13-B067-40	NOT_RUN	NOT_RUN	TX-p11	NOT_ESTABLISHED	NOT_TESTED	NO
V13-B067-41	TX-p12	tiexuecanming	R073	B072	2	n213/p2;n213/p5;n213/p17	PASS	V2_WALKTHROUGH_PASS_LIMITED	NO_INCREMENTAL_GAIN_DEMONSTRATED_NONBLIND	TX-02	V13-B067-41	NOT_RUN	NOT_RUN	TX-p12	NOT_ESTABLISHED	NOT_TESTED	NO
V13-B067-42	TX-p13	tiexuecanming	R074	B072	3	n250/p31;n315/p40;n485/p23	PASS	V2_WALKTHROUGH_PASS_LIMITED	NO_INCREMENTAL_GAIN_DEMONSTRATED_NONBLIND	TX-06	V13-B067-42	NOT_RUN	NOT_RUN	TX-p13	NOT_ESTABLISHED	NOT_TESTED	NO
V13-B067-43	TX-p14	tiexuecanming	R074	B072	4	n305/p50;n350/p69;n505/p8	PASS	V2_WALKTHROUGH_PASS_LIMITED	NO_INCREMENTAL_GAIN_DEMONSTRATED_NONBLIND	TX-07	V13-B067-43	NOT_RUN	NOT_RUN	TX-p14	NOT_ESTABLISHED	NOT_TESTED	NO
V13-B067-44	TX-p17	tiexuecanming	R074	B072	5	n475/p8;n475/p10	PASS	V2_WALKTHROUGH_PASS_LIMITED	NO_INCREMENTAL_GAIN_DEMONSTRATED_NONBLIND	TX-09	V13-B067-44	NOT_RUN	NOT_RUN	TX-p17	NOT_ESTABLISHED	NOT_TESTED	NO
V13-B067-45	TX-p19	tiexuecanming	R074	B072	6	n526/p82;n526/p87	PASS	V2_WALKTHROUGH_PASS_LIMITED	NO_INCREMENTAL_GAIN_DEMONSTRATED_NONBLIND	TX-09	V13-B067-45	NOT_RUN	NOT_RUN	TX-p19	NOT_ESTABLISHED	NOT_TESTED	NO
V13-B067-46	TX-p20	tiexuecanming	R074	B072	7	n527/p30;n527/p31	PASS	V2_WALKTHROUGH_PASS_LIMITED	NO_INCREMENTAL_GAIN_DEMONSTRATED_NONBLIND	TX-08	V13-B067-46	NOT_RUN	NOT_RUN	TX-p20	NOT_ESTABLISHED	NOT_TESTED	NO
V13-B067-47	TX-p21	tiexuecanming	R074	B072	8	n530/p41;n531/p8;n532/p49	PASS	V2_WALKTHROUGH_PASS_LIMITED	NO_INCREMENTAL_GAIN_DEMONSTRATED_NONBLIND	TX-04;TX-10	V13-B067-47	NOT_RUN	NOT_RUN	TX-p21	NOT_ESTABLISHED	NOT_TESTED	NO
