source_locus	narrative_ordinal	paragraph_index	epub_path	chapter_sha256	paragraph_sha256	verification	literary_status
n001/p20	1	20	OEBPS/Text/chapter7.html	69991dc30faab597e69e3f18629d94dacf7a3a3267898e0c0160b3ed3ff51e7b	977fbc518aced5045df9b65325d4c9b439897f921d285b3f1c3c6c3a92e636e5	PRIVATE_ORIGINAL_SHA_ANCHORED	B_PROVISIONAL_C_NOT_RUN
n012/p28	12	28	OEBPS/Text/chapter18.html	b6305f51afe9d38efdae7e3606fb30c0fccfc2859f272eea34437229dac3fd92	5352b8b19478e3b8577d6d4538341d68641f27c7be815bcb4fb1e54709e637db	PRIVATE_ORIGINAL_SHA_ANCHORED	B_PROVISIONAL_C_NOT_RUN
n030/p33	30	33	OEBPS/Text/chapter36.html	28725848b72b85a36cc2a65117bd63a6a020fbe5e1c71352938ec0f35c6fc616	24eae003af4ac58249835de9c91e4597325704135614b42024f3a569efdf0ed9	PRIVATE_ORIGINAL_SHA_ANCHORED	B_PROVISIONAL_C_NOT_RUN
n055/p30	55	30	OEBPS/Text/chapter61.html	0093425ac85b38047eb3416ed9bbaa802fcc379195265c7c93a0020fcc39bb17	0e6b13a17c2b6d0c515fae1e401bf704e7f2aefbdf3d4a8295bd428c45a5cfb4	PRIVATE_ORIGINAL_SHA_ANCHORED	B_PROVISIONAL_C_NOT_RUN
n055/p31	55	31	OEBPS/Text/chapter61.html	0093425ac85b38047eb3416ed9bbaa802fcc379195265c7c93a0020fcc39bb17	9592224da83b6a3c4da0aac7333e84773ef193e8b826c54e53efa82e5cd1abaa	PRIVATE_ORIGINAL_SHA_ANCHORED	B_PROVISIONAL_C_NOT_RUN
n055/p32	55	32	OEBPS/Text/chapter61.html	0093425ac85b38047eb3416ed9bbaa802fcc379195265c7c93a0020fcc39bb17	c479613dcb3d9f69039ae7b41d418544a53dac8a7672e68c1ea9d0932181a63b	PRIVATE_ORIGINAL_SHA_ANCHORED	B_PROVISIONAL_C_NOT_RUN
n081/p29	81	29	OEBPS/Text/chapter87.html	4f32e3baa6489cff7c236f2302ffb83a899f6dad8a3318e6e5f7e36664dd8355	9675eb3a7f835bcad56d2b8edcca8f07f1bb6e26932b2d388b7ec9dd92b9055f	PRIVATE_ORIGINAL_SHA_ANCHORED	B_PROVISIONAL_C_NOT_RUN
n081/p59	81	59	OEBPS/Text/chapter87.html	4f32e3baa6489cff7c236f2302ffb83a899f6dad8a3318e6e5f7e36664dd8355	bf1adf1ec5feabab716c1329800cca8e172d6cfe6a4b6fef41b773e85a74f8bd	PRIVATE_ORIGINAL_SHA_ANCHORED	B_PROVISIONAL_C_NOT_RUN
n103/p16	103	16	OEBPS/Text/chapter109.html	6310a5ba9578a5d89aa9199f58b512cffb8fed6b8c4217c6f2d18bf09ef3e54d	9db73efa3919c655f4265f17b7a3f73fa112e5304a67e6dca2d3b2ae0d34f20b	PRIVATE_ORIGINAL_SHA_ANCHORED	B_PROVISIONAL_C_NOT_RUN
n103/p18	103	18	OEBPS/Text/chapter109.html	6310a5ba9578a5d89aa9199f58b512cffb8fed6b8c4217c6f2d18bf09ef3e54d	75aa1b0f67471ec419c29a3ee88e5c2a613fe8ccb67c65ca05230655ca7bd57e	PRIVATE_ORIGINAL_SHA_ANCHORED	B_PROVISIONAL_C_NOT_RUN
n114/p27	114	27	OEBPS/Text/chapter120.html	7d61103c83a56d3736adb65a448322bd256be3bda5c464b15175eaa27785644e	8215e6b561635ef4ffd86bf08b2bbefb83c9d15392cf8375df0937848ab6f4fa	PRIVATE_ORIGINAL_SHA_ANCHORED	B_PROVISIONAL_C_NOT_RUN
n114/p29	114	29	OEBPS/Text/chapter120.html	7d61103c83a56d3736adb65a448322bd256be3bda5c464b15175eaa27785644e	277ffffe857c7da2c26e813531e23331b9eee5c3f8ada6e19b0f81cd95386c34	PRIVATE_ORIGINAL_SHA_ANCHORED	B_PROVISIONAL_C_NOT_RUN
n127/p11	127	11	OEBPS/Text/chapter133.html	006693c826b16b377cd8396fd515dd7aa0e82a40163b57df154ea4fa1ffd686e	66f61f3281607ad69b82f115c18ee52211f3568fbd446f6dada46c585555a1ac	PRIVATE_ORIGINAL_SHA_ANCHORED	B_PROVISIONAL_C_NOT_RUN
n127/p44	127	44	OEBPS/Text/chapter133.html	006693c826b16b377cd8396fd515dd7aa0e82a40163b57df154ea4fa1ffd686e	d7e1ee40926c42a1fe7d8f271da4f2d24b008d627113dceaa61312781c9b3db2	PRIVATE_ORIGINAL_SHA_ANCHORED	B_PROVISIONAL_C_NOT_RUN
n161/p65	161	65	OEBPS/Text/chapter168.html	c73d0991a83fd4d39b15717592b7f8516e0e866d99f96857e6ada8e456550098	1d75447e3d63be18ce78efa94a1f1a780d50db4bfb953df65a12d181fa784299	PRIVATE_ORIGINAL_SHA_ANCHORED	B_PROVISIONAL_C_NOT_RUN
n165/p1	165	1	OEBPS/Text/chapter172.html	7c0bb2814b6ca2f89e384ae1be2d7f6253b25db9f2d023f0af5b0fbb3ea8e595	0971a179475ebb124450e12f96a329b11676f5e38caa3f70b7dab508f80aef1f	PRIVATE_ORIGINAL_SHA_ANCHORED	B_PROVISIONAL_C_NOT_RUN
n174/p23	174	23	OEBPS/Text/chapter181.html	e01da27fceaea4964fb4bb6f8e46eb6ed92b34c44d7b37a59653e91383b9b174	971c0089df2d4d3936b89f652694299e741b1fcfe1de44939c92989ca6e5ae06	PRIVATE_ORIGINAL_SHA_ANCHORED	B_PROVISIONAL_C_NOT_RUN
n174/p24	174	24	OEBPS/Text/chapter181.html	e01da27fceaea4964fb4bb6f8e46eb6ed92b34c44d7b37a59653e91383b9b174	b6e76c3bea8cf7d8fc53a9c2610bcaf1e04db83fa26809437ec6fc9c4e2db154	PRIVATE_ORIGINAL_SHA_ANCHORED	B_PROVISIONAL_C_NOT_RUN
n175/p23	175	23	OEBPS/Text/chapter182.html	2b849085eaa774eeb139aea497e50bbc3f7362a8e3d7705a1136e93f8e59e8cf	08df724097d7e4c73efff3176089c32e35140f1be0f480c88e77235337946742	PRIVATE_ORIGINAL_SHA_ANCHORED	B_PROVISIONAL_C_NOT_RUN
n201/p54	201	54	OEBPS/Text/chapter208.html	b5574b744d0e642dad10f24e16caf8d55431539a3ad27510b43a8755e694e348	73eb767508c144393aa175ad244150d7bb79c38f76c39c73f412f912685c4887	PRIVATE_ORIGINAL_SHA_ANCHORED	B_PROVISIONAL_C_NOT_RUN
n201/p56	201	56	OEBPS/Text/chapter208.html	b5574b744d0e642dad10f24e16caf8d55431539a3ad27510b43a8755e694e348	4c984dc565e0feed7b039e0717e1f07cd5076a5ccd5431f414f7337abad5a7f4	PRIVATE_ORIGINAL_SHA_ANCHORED	B_PROVISIONAL_C_NOT_RUN
n213/p2	213	2	OEBPS/Text/chapter220.html	fb58a6587d5f55762b2c11301244f5bf11751b0e1bb7eed21550eb1544618a6b	2ecb4e8c9a1da12cbef9ffa186b7bfb31365c41f60dae66e6ef6e30fd0c6d790	PRIVATE_ORIGINAL_SHA_ANCHORED	B_PROVISIONAL_C_NOT_RUN
n213/p5	213	5	OEBPS/Text/chapter220.html	fb58a6587d5f55762b2c11301244f5bf11751b0e1bb7eed21550eb1544618a6b	a2fbcabf1554952180a3a5f5b00fa48da77926cfaaff40dbf76d7d5340a5cee7	PRIVATE_ORIGINAL_SHA_ANCHORED	B_PROVISIONAL_C_NOT_RUN
n213/p17	213	17	OEBPS/Text/chapter220.html	fb58a6587d5f55762b2c11301244f5bf11751b0e1bb7eed21550eb1544618a6b	c72356f5467d873e70d3a95ebb1edad37c8e89dda1f0bc3c8598eaf4b4f77f55	PRIVATE_ORIGINAL_SHA_ANCHORED	B_PROVISIONAL_C_NOT_RUN
n250/p31	250	31	OEBPS/Text/chapter257.html	a7255777e080727e43f3ac01b1485d38010fea71230a04a919ddf0e2aa8e21e5	4ff55a0fb579011761413469779d26938cb9f42428e786cabc167eba45ba41b1	PRIVATE_ORIGINAL_SHA_ANCHORED	B_PROVISIONAL_C_NOT_RUN
n305/p50	305	50	OEBPS/Text/chapter312.html	5f4d0d710b5662665eca257c18fb1f4dc6c5596b36625bf2d2681154b4e62e50	92d15c98a44a7b248b97cc71aeba6eea117d06809abe93a10011736264567d3b	PRIVATE_ORIGINAL_SHA_ANCHORED	B_PROVISIONAL_C_NOT_RUN
n315/p40	315	40	OEBPS/Text/chapter322.html	24a10bd0324be34ee44e805b43dc68b0dea53799df5135d65df981df67029fed	71009b5b68dcbb94833126167f9102bbd52d8216c8a79a4b35012291053b4692	PRIVATE_ORIGINAL_SHA_ANCHORED	B_PROVISIONAL_C_NOT_RUN
n350/p69	350	69	OEBPS/Text/chapter357.html	ab5afa30495b99aad69759c360f5880032e46911ecf379262df1ef9f16adfa8f	7d9c2bc1cba551bafcb9044b37e90f24354d2a60f3b61866d5cf68b7a299f1e9	PRIVATE_ORIGINAL_SHA_ANCHORED	B_PROVISIONAL_C_NOT_RUN
n361/p35	361	35	OEBPS/Text/chapter368.html	2c0a097a5dbaae4adf4572f239ccd6a0c3d03d8c0be8c632b76c7b14f8b01275	a2e14738310ec4ccfab4d60098d4c18b32ba359de39c6dea89e03fb37384c427	PRIVATE_ORIGINAL_SHA_ANCHORED	B_PROVISIONAL_C_NOT_RUN
n361/p36	361	36	OEBPS/Text/chapter368.html	2c0a097a5dbaae4adf4572f239ccd6a0c3d03d8c0be8c632b76c7b14f8b01275	d5d9fee2e184954ec55875a1838c5e77175340cb73386de4dcea56188b1f3fd3	PRIVATE_ORIGINAL_SHA_ANCHORED	B_PROVISIONAL_C_NOT_RUN
n380/p31	380	31	OEBPS/Text/chapter387.html	addb2b0887f013a91acaccb8bcc117451aacdaed0102f61302494a66e744d36b	b9559753931ef9e0841bb8a740b3807953eda05a5b6e9bca375acc649e4e26a7	PRIVATE_ORIGINAL_SHA_ANCHORED	B_PROVISIONAL_C_NOT_RUN
n386/p39	386	39	OEBPS/Text/chapter393.html	67f174a5563ccdc96058543e7ae8df96b51a5e5ff8161f49189098a8bb23174b	24336237eb4bfaee3fd2593788203d9db883b2e241177faf34caab93b5e0be9b	PRIVATE_ORIGINAL_SHA_ANCHORED	B_PROVISIONAL_C_NOT_RUN
n386/p45	386	45	OEBPS/Text/chapter393.html	67f174a5563ccdc96058543e7ae8df96b51a5e5ff8161f49189098a8bb23174b	93b18ebfa79e5d0bfcbe262c75f775132696a47a9e35e4c1d097b7232f03da0e	PRIVATE_ORIGINAL_SHA_ANCHORED	B_PROVISIONAL_C_NOT_RUN
n386/p49	386	49	OEBPS/Text/chapter393.html	67f174a5563ccdc96058543e7ae8df96b51a5e5ff8161f49189098a8bb23174b	14fa61f82651a0ec75495281115dfa7866e8833c108f09fa72878719e5dc4c30	PRIVATE_ORIGINAL_SHA_ANCHORED	B_PROVISIONAL_C_NOT_RUN
n420/p2	420	2	OEBPS/Text/chapter428.html	aefbcb46eb97b91730816222808dec04966749a433e3389007b72be83232dd06	808c26506d265075ab9087b765bee4eeb0de8beb8dc333299d78197bd228ca0c	PRIVATE_ORIGINAL_SHA_ANCHORED	B_PROVISIONAL_C_NOT_RUN
n430/p59	430	59	OEBPS/Text/chapter438.html	358a11c1789d832a4bdb038db14a7d7097914364e87436ba1b71346ebce29920	b2525609efb901c0dec122ae0c7b4a6b0cedf34b6eab4411a35433e24e67755e	PRIVATE_ORIGINAL_SHA_ANCHORED	B_PROVISIONAL_C_NOT_RUN
n475/p8	475	8	OEBPS/Text/chapter484.html	2df2edde73b66634af933c6a2adebdb844874ab0d05c47120a51a6c872556673	ecc8bbfb1683ae308df63d8c7de54a6fb4410c4c0d33cf516103ec2cc4a3f9ac	PRIVATE_ORIGINAL_SHA_ANCHORED	B_PROVISIONAL_C_NOT_RUN
n475/p10	475	10	OEBPS/Text/chapter484.html	2df2edde73b66634af933c6a2adebdb844874ab0d05c47120a51a6c872556673	094bf3aa475fcd00647ef7ec2705c2f297dae104f50ce418cd7a3ea0cedee13b	PRIVATE_ORIGINAL_SHA_ANCHORED	B_PROVISIONAL_C_NOT_RUN
n475/p25	475	25	OEBPS/Text/chapter484.html	2df2edde73b66634af933c6a2adebdb844874ab0d05c47120a51a6c872556673	9982ceda35e48438308fa928cd4298516b7b6ca6ba405f8f09750d75de844e26	PRIVATE_ORIGINAL_SHA_ANCHORED	B_PROVISIONAL_C_NOT_RUN
n485/p23	485	23	OEBPS/Text/chapter494.html	abc4631141e0e5bcc2d9e5bc20714e1d49fd532bd89d9ad9d47dcf567426a34f	cc80527bf862a9b92d67cce285ca6001a79bdb2664af715e59aaf928b38c5702	PRIVATE_ORIGINAL_SHA_ANCHORED	B_PROVISIONAL_C_NOT_RUN
n490/p28	490	28	OEBPS/Text/chapter499.html	c1540624e3e02360c528025cf2f78c7775f991c7a9af679bd2e794187482d7e0	b0404b426932447d069b93c6f0a1df8c186f32df6f9ddd14ada21b79eb62f65f	PRIVATE_ORIGINAL_SHA_ANCHORED	B_PROVISIONAL_C_NOT_RUN
n505/p8	505	8	OEBPS/Text/chapter514.html	4cc93a52fcbfc53b8d7f64fef42f24c27bda2e1fda297188dcb011440fcf6dd7	993aa1df3391d3f4933511701f5959d627e2225a983d56a61c8d6d50d6a13a98	PRIVATE_ORIGINAL_SHA_ANCHORED	B_PROVISIONAL_C_NOT_RUN
n526/p82	526	82	OEBPS/Text/chapter535.html	facac1533f861fb8f3078781aa08af4ff6f7daceb7c0ca0c6358f859152e8602	a4d28da6a1e78707a4eebffee5ff2ce19d0d2c09fab407d045fdaea52791c34c	PRIVATE_ORIGINAL_SHA_ANCHORED	B_PROVISIONAL_C_NOT_RUN
n526/p87	526	87	OEBPS/Text/chapter535.html	facac1533f861fb8f3078781aa08af4ff6f7daceb7c0ca0c6358f859152e8602	d1188b3358b67ab34420a6d3ee35e431c5b929145e1260c8c41f63eaef1cdecf	PRIVATE_ORIGINAL_SHA_ANCHORED	B_PROVISIONAL_C_NOT_RUN
n527/p30	527	30	OEBPS/Text/chapter536.html	f78cb3766f290138728954cec29a5b3c48fd7baebfa00dd880b4bbdab4196bab	cab0ec215f17b6db9eac4b117b9efd1d84a47a1b6bc9af08756e8a6fedc74dcd	PRIVATE_ORIGINAL_SHA_ANCHORED	B_PROVISIONAL_C_NOT_RUN
n527/p31	527	31	OEBPS/Text/chapter536.html	f78cb3766f290138728954cec29a5b3c48fd7baebfa00dd880b4bbdab4196bab	2bb012763925eb81f603685095d9133e4469b1d88724a98aeeb2ab0f108a63fb	PRIVATE_ORIGINAL_SHA_ANCHORED	B_PROVISIONAL_C_NOT_RUN
n530/p41	530	41	OEBPS/Text/chapter539.html	ed58a728a2f11d9bbe44dda28cd5de22b1d7071e7b0a69dce5cc760522adad1b	7c42bfbf93d569f0c96113d4996dfc6fe22a07c967e5ef3e89a4b52887907975	PRIVATE_ORIGINAL_SHA_ANCHORED	B_PROVISIONAL_C_NOT_RUN
n531/p8	531	8	OEBPS/Text/chapter540.html	d7164bd30e7b20687043dfa9b5c5bf5511066f4b953a3bf74c53abd9c00efe91	0fd422377dc5e8e28a4e4595671374b898db3c6f865aed1f33743e4a48a4cd54	PRIVATE_ORIGINAL_SHA_ANCHORED	B_PROVISIONAL_C_NOT_RUN
n531/p25	531	25	OEBPS/Text/chapter540.html	d7164bd30e7b20687043dfa9b5c5bf5511066f4b953a3bf74c53abd9c00efe91	d0b3fb975eb7d3200c342eae17ff504124c2037dfa7a41ede7cfa8283cf1b0ac	PRIVATE_ORIGINAL_SHA_ANCHORED	B_PROVISIONAL_C_NOT_RUN
n531/p26	531	26	OEBPS/Text/chapter540.html	d7164bd30e7b20687043dfa9b5c5bf5511066f4b953a3bf74c53abd9c00efe91	45dfede321d2671173c2863147a551d7482c839aa45233d3a2831db3f477996f	PRIVATE_ORIGINAL_SHA_ANCHORED	B_PROVISIONAL_C_NOT_RUN
n532/p49	532	49	OEBPS/Text/chapter541.html	92301c081d772297d750547fa4c24650424fe33fdb7c41453f89813468856cfc	b94dff685b0ec6b19cdbe7dc2e9e1d119ec64894b8eef739e519aa33584b6f40	PRIVATE_ORIGINAL_SHA_ANCHORED	B_PROVISIONAL_C_NOT_RUN
