issue_id	claim_id	ordinal	epub_path	paragraph_index	paragraph_sha256	source_role	source_verification
STAGE0:R015:wanming-R015-161-narrative-candidate	wanming-R015-161-narrative-candidate	161	OEBPS/Text/Chapter_0172.xhtml	27	dcb5f650120c69ab5671c1c6ebb3172858f4d7d615c4e8c28e98609f89a53cb5	FROZEN_OLD_ANCHOR	PRIVATE_EPUB_SHA256_RECALCULATED
STAGE0:R015:wanming-R015-161-narrative-candidate	wanming-R015-161-narrative-candidate	161	OEBPS/Text/Chapter_0172.xhtml	43	02f00d6100c94d0b3a6cbece5f987ca07eabf60a31d21a0286293a18983f3ea3	REVISED_OR_COUNTER_CONTEXT	PRIVATE_EPUB_SHA256_RECALCULATED
STAGE0:R015:wanming-R015-164-narrative-candidate	wanming-R015-164-narrative-candidate	164	OEBPS/Text/Chapter_0175.xhtml	44	2afaef82a2682882c660ce3392101585550e54d65a96a78ec43b3e160c572d90	FROZEN_OLD_ANCHOR	PRIVATE_EPUB_SHA256_RECALCULATED
STAGE0:R015:wanming-R015-164-narrative-candidate	wanming-R015-164-narrative-candidate	164	OEBPS/Text/Chapter_0175.xhtml	86	781a66b4ccd78e044fe5986e4f648c65553167aa2b5b2339bf0e4a99e3be0001	REVISED_OR_COUNTER_CONTEXT	PRIVATE_EPUB_SHA256_RECALCULATED
STAGE0:R015:wanming-R015-169-narrative-candidate	wanming-R015-169-narrative-candidate	169	OEBPS/Text/Chapter_0180.xhtml	20	08c028c8e8e77f601c2e2ef4f653808f4c9f5e1a97ec7640148fd17157c619bb	FROZEN_OLD_ANCHOR	PRIVATE_EPUB_SHA256_RECALCULATED
STAGE0:R015:wanming-R015-169-narrative-candidate	wanming-R015-169-narrative-candidate	169	OEBPS/Text/Chapter_0180.xhtml	35	4b08c97d0311668c1f5056162899c994d856d897d78d8cabef3a5a5db8f8afaa	REVISED_OR_COUNTER_CONTEXT	PRIVATE_EPUB_SHA256_RECALCULATED
STAGE0:R015:wanming-R015-173-narrative-candidate	wanming-R015-173-narrative-candidate	173	OEBPS/Text/Chapter_0184.xhtml	23	63ae5fbc33ae3bef03d2b2c5e290cf4a45c14aab9f4ba359eca1a0fb48c1d6f2	FROZEN_OLD_ANCHOR	PRIVATE_EPUB_SHA256_RECALCULATED
STAGE0:R015:wanming-R015-173-narrative-candidate	wanming-R015-173-narrative-candidate	173	OEBPS/Text/Chapter_0184.xhtml	12	d267db999f62381852f0c7348a5f6a142384db4bccece0d36569dc1bcf5f3f23	REVISED_OR_COUNTER_CONTEXT	PRIVATE_EPUB_SHA256_RECALCULATED
STAGE0:R015:wanming-R015-176-narrative-candidate	wanming-R015-176-narrative-candidate	176	OEBPS/Text/Chapter_0187.xhtml	50	aafff22df7c3aaeddf6704706a702265aafabfa49358cc64503334317b02a86f	FROZEN_OLD_ANCHOR	PRIVATE_EPUB_SHA256_RECALCULATED
STAGE0:R015:wanming-R015-176-narrative-candidate	wanming-R015-176-narrative-candidate	176	OEBPS/Text/Chapter_0187.xhtml	83	0bee21742e9ffec9b56b02c3c1584980778f337871b148322d813200bbe8cfa7	REVISED_OR_COUNTER_CONTEXT	PRIVATE_EPUB_SHA256_RECALCULATED
STAGE0:R015:wanming-R015-179-narrative-candidate	wanming-R015-179-narrative-candidate	179	OEBPS/Text/Chapter_0190.xhtml	14	9745389b4de8ee57be503eb72215e23bcb0b979357d86510e0cd56c4e62e9b21	FROZEN_OLD_ANCHOR	PRIVATE_EPUB_SHA256_RECALCULATED
STAGE0:R015:wanming-R015-179-narrative-candidate	wanming-R015-179-narrative-candidate	179	OEBPS/Text/Chapter_0190.xhtml	22	1e35ffc11af4b777fe4961015e087acfd25cd892bd884b0f8225b730e7042e65	REVISED_OR_COUNTER_CONTEXT	PRIVATE_EPUB_SHA256_RECALCULATED
STAGE0:R015:wanming-R015-180-narrative-candidate	wanming-R015-180-narrative-candidate	180	OEBPS/Text/Chapter_0191.xhtml	21	d9b203a8b0e9fc7bcb3d26c41c647da5bb716964b7094561c7f20052e826e084	FROZEN_OLD_ANCHOR	PRIVATE_EPUB_SHA256_RECALCULATED
STAGE0:R015:wanming-R015-180-narrative-candidate	wanming-R015-180-narrative-candidate	180	OEBPS/Text/Chapter_0191.xhtml	38	cf9c1b319caa075a4ddc2283bef10587c8b1d3ef07eedfb56ff7994fff4735cd	REVISED_OR_COUNTER_CONTEXT	PRIVATE_EPUB_SHA256_RECALCULATED
STAGE0:R015:wanming-R015-182-narrative-candidate	wanming-R015-182-narrative-candidate	182	OEBPS/Text/Chapter_0193.xhtml	22	03a76bd7da4440667383e416f3d355f1f89afdf144803f4c705ab6d2313168b9	FROZEN_OLD_ANCHOR	PRIVATE_EPUB_SHA256_RECALCULATED
STAGE0:R015:wanming-R015-182-narrative-candidate	wanming-R015-182-narrative-candidate	182	OEBPS/Text/Chapter_0193.xhtml	20	390f03098de94b1e6bb612269b9549f551de9fc9768cae713d27882c86b0735e	REVISED_OR_COUNTER_CONTEXT	PRIVATE_EPUB_SHA256_RECALCULATED
STAGE0:R015:wanming-R015-185-narrative-candidate	wanming-R015-185-narrative-candidate	185	OEBPS/Text/Chapter_0196.xhtml	41	c58aa6dda7c7d91fcba76b3f44b9befdedde3274aa9525276aedf8125125c1bb	FROZEN_OLD_ANCHOR	PRIVATE_EPUB_SHA256_RECALCULATED
STAGE0:R015:wanming-R015-185-narrative-candidate	wanming-R015-185-narrative-candidate	185	OEBPS/Text/Chapter_0196.xhtml	78	3cf595247bde0dbbef07de0a0e5c65efd9ccc640d8742698fbcb1df315b54480	REVISED_OR_COUNTER_CONTEXT	PRIVATE_EPUB_SHA256_RECALCULATED
STAGE0:R015:wanming-R015-187-narrative-candidate	wanming-R015-187-narrative-candidate	187	OEBPS/Text/Chapter_0198.xhtml	21	e6ac5f3d73811fea5fe9906d2acbc0b073c1d782a1605b5670f3ee9a96bfb892	FROZEN_OLD_ANCHOR	PRIVATE_EPUB_SHA256_RECALCULATED
STAGE0:R015:wanming-R015-187-narrative-candidate	wanming-R015-187-narrative-candidate	187	OEBPS/Text/Chapter_0198.xhtml	40	d3d9fc664ecfde89bf75cc110a27d14ede90299a06ab23d71810f16a6869a649	REVISED_OR_COUNTER_CONTEXT	PRIVATE_EPUB_SHA256_RECALCULATED
STAGE0:R015:wanming-R015-189-narrative-candidate	wanming-R015-189-narrative-candidate	189	OEBPS/Text/Chapter_0200.xhtml	41	4f7ecac29aad13c1ff3ad595eda85317f16e163ec9f7e076ca4b163a57818bc1	FROZEN_OLD_ANCHOR	PRIVATE_EPUB_SHA256_RECALCULATED
STAGE0:R015:wanming-R015-189-narrative-candidate	wanming-R015-189-narrative-candidate	189	OEBPS/Text/Chapter_0200.xhtml	70	df3d83c01896ed139bdbff05a20b794ce16e3e5b2012abffc0fdfdaa57ee804c	REVISED_OR_COUNTER_CONTEXT	PRIVATE_EPUB_SHA256_RECALCULATED
STAGE0:R015:wanming-R015-190-narrative-candidate	wanming-R015-190-narrative-candidate	190	OEBPS/Text/Chapter_0201.xhtml	28	7a39c9da3a50920711d5171053ed31f86a9d5d0bd46099c38b5dc23beae97256	FROZEN_OLD_ANCHOR	PRIVATE_EPUB_SHA256_RECALCULATED
STAGE0:R015:wanming-R015-190-narrative-candidate	wanming-R015-190-narrative-candidate	190	OEBPS/Text/Chapter_0201.xhtml	54	6da2a9259e5791f7b3fe42ef3abaf277df73811fefcf57207a46bc7ef04b94ca	REVISED_OR_COUNTER_CONTEXT	PRIVATE_EPUB_SHA256_RECALCULATED
STAGE0:R015:wanming-R015-191-narrative-candidate	wanming-R015-191-narrative-candidate	191	OEBPS/Text/Chapter_0202.xhtml	29	9ce8c2cedc14359bb7f90c96d93c5477eaf890c77e36e62928a4962b8befa2ae	FROZEN_OLD_ANCHOR	PRIVATE_EPUB_SHA256_RECALCULATED
STAGE0:R015:wanming-R015-191-narrative-candidate	wanming-R015-191-narrative-candidate	191	OEBPS/Text/Chapter_0202.xhtml	44	e83ce9adba5a924e3c5de53405b5b2d69971395957561dcbb39a27f0ea952b80	REVISED_OR_COUNTER_CONTEXT	PRIVATE_EPUB_SHA256_RECALCULATED
STAGE0:R015:wanming-R015-194-narrative-candidate	wanming-R015-194-narrative-candidate	194	OEBPS/Text/Chapter_0205.xhtml	26	f9f5519c808cd102111bc9429439cc398f19e7a75ddc71a4d42b97031f30ef89	FROZEN_OLD_ANCHOR	PRIVATE_EPUB_SHA256_RECALCULATED
STAGE0:R015:wanming-R015-194-narrative-candidate	wanming-R015-194-narrative-candidate	194	OEBPS/Text/Chapter_0205.xhtml	15	95991fbc00632d4c2acf7ff0dcaf6b60189f1438da22461be0d487e2d48459e2	REVISED_OR_COUNTER_CONTEXT	PRIVATE_EPUB_SHA256_RECALCULATED
STAGE0:R015:wanming-R015-196-narrative-candidate	wanming-R015-196-narrative-candidate	196	OEBPS/Text/Chapter_0207.xhtml	27	a528cdef5460c383aaca9f52f48a8aa606c6e86024fa0924a5b98a13a80d5d90	FROZEN_OLD_ANCHOR	PRIVATE_EPUB_SHA256_RECALCULATED
STAGE0:R015:wanming-R015-196-narrative-candidate	wanming-R015-196-narrative-candidate	196	OEBPS/Text/Chapter_0207.xhtml	50	de90601775ebef510c053becd4a7c407d0e1debddf521d7316d0908e1748b0ad	REVISED_OR_COUNTER_CONTEXT	PRIVATE_EPUB_SHA256_RECALCULATED
STAGE0:R015:wanming-R015-197-narrative-candidate	wanming-R015-197-narrative-candidate	197	OEBPS/Text/Chapter_0208.xhtml	24	6f160864b2c35f2cd19a45bad4f37865a808ed6e5cc6c0ffefcfb70e0a306a76	FROZEN_OLD_ANCHOR	PRIVATE_EPUB_SHA256_RECALCULATED
STAGE0:R015:wanming-R015-197-narrative-candidate	wanming-R015-197-narrative-candidate	197	OEBPS/Text/Chapter_0208.xhtml	44	b6e5a1595851cf94752f7ec19c5d694749bd272321d05518f406174064ebe8af	REVISED_OR_COUNTER_CONTEXT	PRIVATE_EPUB_SHA256_RECALCULATED
STAGE0:R015:wanming-R015-199-narrative-candidate	wanming-R015-199-narrative-candidate	199	OEBPS/Text/Chapter_0210.xhtml	20	21ed6eba73e611745e729eb2c92a2c92eea62d0a56262b12e5c812f918604c6f	FROZEN_OLD_ANCHOR	PRIVATE_EPUB_SHA256_RECALCULATED
STAGE0:R015:wanming-R015-199-narrative-candidate	wanming-R015-199-narrative-candidate	199	OEBPS/Text/Chapter_0210.xhtml	29	04023438abcc05331dbe990e3bb664ff47551e3a841c57be3fd838fe07f45e4b	REVISED_OR_COUNTER_CONTEXT	PRIVATE_EPUB_SHA256_RECALCULATED
STAGE0:R015:wanming-R015-200-narrative-candidate	wanming-R015-200-narrative-candidate	200	OEBPS/Text/Chapter_0211.xhtml	19	d6e44f6dba4ab505baeb63eb56eeba9f3ced5487b3589cedc2ecdb30c934a181	FROZEN_OLD_ANCHOR	PRIVATE_EPUB_SHA256_RECALCULATED
STAGE0:R015:wanming-R015-200-narrative-candidate	wanming-R015-200-narrative-candidate	200	OEBPS/Text/Chapter_0211.xhtml	23	cc7e5576d72999c80618ed632b3de617b80048a8afb274b7675b4895d84b6e05	REVISED_OR_COUNTER_CONTEXT	PRIVATE_EPUB_SHA256_RECALCULATED
