ordinal	status	visible_action	voices_and_knowledge	actual_vs_pending	counterexample	alternative_loss	failure_boundary
121	SCOPED_CREDIBLE_WITH_AGENCY_LIMIT	章节从城内池塘边的妇女焦虑开始，庞雨得知情况后来到现场救人，赌铺女掌事蒋淑琼先诉自己的旧处境，随后重新以东家身份指使员工。	塘边女子只知片段战讯，蒋淑琼既有生活困境也保留掌管女工的权力，庞雨只解决一时局面，女工未必自由表达意愿。	现场救助和公开劝说已发生，女掌事重新承担经营安排；妇女长期安全、自由就业仍没有被保证。	旧p27是庞雨公开斥责人群的当场举动，p44-53才见蒋淑琼及雇员不同地位；救世形象不能自动算出长期人身自主。	若直接写守城胜利万众欢呼，会失去个人惧怕、阶层关系和救助是否持久之间的落差。	只能承认短时现场救助和身份变化，不以小说高压场景构造现实危险做法。
122	SCOPED_CREDIBLE_GEOGRAPHIC_CONSTRAINT	庞雨率壮班夜间出城，预先排定小队和回城规矩，但初到河道时误将火光识别成营地；熟悉枯水小路者随即提供新情报。	庞雨要扰乱对方却缺少当地地形，王增禄等基层拥有水路经验，其他队员在暗夜里只能知晓局部队列，县令在城墙观望。	出城、改走河道与小路行进已经发生，目标是否得手及人员是否安全返城到章末均未知。	旧p44是主角对火光方位的误认，p52有人给出地理纠正，p87-88警觉新动静；不能说主角先前部署已确保行动成功。	全知规划必胜会抹去地形失误和基层独立判断的作用，直接揭晓危险也失去空间辨识迟滞。	限于叙述者对当地地理的不足，不发展现实潜入或危险行动教程。
127	SCOPED_CREDIBLE_POSTWAR_SPLIT	桐城守住后官员在城头谈安抚、抚恤与重建，段落很快切向江帆寻找失联马快并向邻县官府报信的另一线。	杨尔铭需兼顾城民和士绅意见，庞雨希望请求税务减免，江帆掌握局部交通情报，宿松官员对外患信息另有顾虑。	流寇离开、重建建议和寻人行动真实发生；减税抚恤均未实现，江帆被邻县机关接纳也不等于因此安全。	原p36还是路途辨水势的马快对话，p13重建只为提出方案，p71使邻县线留下未明后果；两条线均非完全结清。	直接宣布城市恢复会遮蔽百姓住房损失和官署接受警报的不确定，也会失去慢场与危机并行的效果。	只说明战后行政提案与另地信息迟滞并行，不虚报减免已经到账。
129	SCOPED_CREDIBLE_LIMITED_REPAIR	周月如在战后安葬家人并向庞雨表达保留的伤痛，庞雨又到孙田秀墓前回想自己曾付出的有限救助，之后同庞丁谈伦理评价。	周月如需要独立纪念逝者而非接受安慰即告痊愈，庞雨过去把家庭帮扶同交易价值作比较，庞丁担心主人过度自责。	灾后葬礼及主角自我反省发生，但两家亲属关系和失去的家庭生活无法凭新的官职恢复。	旧p52仅短暂语塞，真正私人结算在p87-101；主角反省是他的心中判断，不代表每个受影响者已原谅或社会损失赔清。	若只用胜利祭奠高调颂功，周的独立意见和主角对低价值家庭忽略的自责便不再可见。	仅用于胜利后的个人关系成本，不能用主角伤心替代实际物资及制度补救。
130	SCOPED_CREDIBLE_TWO_LEVEL_MOTIVES	外部首领在大山行军时争论下一步选择，转到小娃子陪同贩运老人受落石困扰，少年后来仍试着帮助老人安顿生计。	上层首领各看补给地理与权位，老人珍惜运输工具，小娃子既顾伤脚也试图回报援手，各人目标不能互相代替。	上层争论未作最终战略决断，少年及老人暂过眼前艰难，之后归属和生计仍不确定。	旧p26只是少年一线切入，p44-48才是照顾行动；不能由一人善意推断整个敌方集团有统一道德立场。	若敌军仅作为冷漠单体，基层之间个人情义和首领战略差异都将消失。	只分析对方阵营内部独立人物，不把任何危险行为写成可模仿方案。
135	SCOPED_CREDIBLE_UNFINISHED_COUNTERINTEL	江帆汇报从宿松归来的信息与潜在证据缺口，庞雨盘算官场责任和新的经济机会，临近章末又在私室面对旧帮手要求分利的压力。	江帆要保命且不确定掌握全部真相，庞雨既要扩权又担心原有利益分歧，旧伙伴也有独立讨价要求。	后续调查仅被安排，港埠发展的念头被提出，桐城原有分利问题仍未解决，主角只是口头决定下一处目的地。	旧p24仅询问幕友如何处置，并不是已有正式证言或新经济机构；章末p48只说要去枞阳，未见港口收益兑现。	若写成权力交易一锤定音，就会提前吞掉证据不确定与旧人情债。	仅是把失败责任谈判引向新地点的铺垫，不能把未经证明的供述当史实。
140	SCOPED_CREDIBLE_SCENE_BOUNDARY	庞雨先在安庆码头听刘若谷描述船货生意，之后面见府衙皮应举，旁敲侧击其守备安排与现有职位的责任。	庞雨想得到正式武职，刘若谷按贸易消息判断机会，皮应举看安庆防务同时考虑弹劾是否值得承担政治责任。	官员确实听取提议并表现有条件的兴趣，弹劾奏章和实际武职并未在章内落实。	旧p23只是府衙肯定战功的表态，p41-45是庞雨的政治提议与对方衡量；所谓完整证人见闻要结合前章江帆而非凭本章认证。	若直接上来宣布官府批准升职，会消掉谈话里的裁量权和对方惧怕承担弹劾责任的权衡。	限定相邻章节情报输入和本章官谈的关系，不能冒充法院或行政正式任命。
142	REJECT_OLD_FEMALE_CLOSEUP	本章从县令与庞雨在二堂谈外来人口处置开始，接街头围观者指责周月如等人，后半转为庞雨同说书道士策划传播。	杨尔铭担心被激动人群裹挟，庞雨想帮周月如但又经营公共名望，受指责者本章缺少独立完整近景和私人回应。	公开排挤和官署协商真实发生，庞雨的发言无法证明周月如私人旧债已经清偿。	旧说‘女性日常近景同另一政治对话切换’错误：本章p1起是县署场面，p21-37写他人指责，后段p48-63反而是造势商谈，不是女性个人生活镜头。	只写政治谈话会丢掉女性在公众中的受指责处境，但为补足文学效果捏造她的内心独白也违反原文。	否决旧双近景结构判断，另保留公众排斥同政治算计的局部观察。
148	REJECT_OLD_LONG_QUEUE	庞雨到南京户部办理捐监，与经手吏员当面争执成色和报价，郭奉友提出去别处办理，吏员在失去生意的压力下改变价码。	庞雨需要合法身份而不愿付过高成本，经办者觊觎手续费，郭奉友知道语言和上下级关系的实际限制。	手续当场谈成，日后正式监生权益、整个行政体系是否纠错没有在本章证实。	旧称‘耗时的排队和报价’中报价有据，但章内不是漫长排队：p1上街，p12到户部，p17就已到经办桌，p33以后主要是当面议价，不能虚构排队等待的镜头。	若只旁白说官场要钱会丢掉经办人失去收入时的神态，但硬写长期排队同样造成假场景。	否决旧‘漫长排队’复合场景，保留当面报价与制度性收费的有限观察。
152	SCOPED_CREDIBLE_DOOR_AND_INNER_OFFICE	庞雨向苏州巡抚递贴在外等候而无人接见，镜头转进张国维与幕友的屋内，后者对庞雨求职理由和朝局风险独立商议。	庞雨盼从衙役转正式武职，张国维必须管辖区政治后果，幕友掌握内部任免消息又怕私人推荐嫌疑。	外面排队多次、内部讨论及初步允许接见确实发生，是否任用为安庆守备仍未决定。	旧p25是张国维开始听汇报，p49才决定让人进来，次一章仍需当场问答，不能把领入府门等于授予军职。	若主角自夸后上官立刻认同，会抹掉官署层级、内部追责与任用者独立判断的真实戏剧成本。	仅是政治进入门槛和延迟的信息差，不保证后续授官必成功。
153	SCOPED_CREDIBLE_RECURRING_DETAIL	庞雨跪在厅里等待上官发问，一只蚂蚁屡次出现在青石地面和他的手边，问答不断回到桐城政治关系而非预想的军务表现。	上官以人事和交往看忠诚，庞雨不能看对方全貌却知道自己膝盖酸痛，只能从地面细节恢复注意力。	蚂蚁移动与几轮问答确有多处描写，庞雨最终被让起身；这不证明上官在此就批准目标职位。	旧p22是主角推测上官了解地方事务，蚂蚁实证须看p4-7及p36-42；把虫子直接说成作者确认的固定象征含义不成立。	若只写他‘很紧张’，读者失去地位差经视角下沉和动作细节自然呈现的空间压迫。	只能说反复物件构成可观察节奏，象征政治门槛属于解释而非可证客观意图。
155	SCOPED_CREDIBLE_INDEPENDENT_ARTISAN	庞雨到苏州拜访薄钰，原想凭现代设想谈火炮与光学，实际先看见对方已有装置、图册和制作经验，转而商量合作条件。	薄钰重自身工艺和研究计划，庞雨需要设备并希望吸引他去安庆，双方知识均有缺口，薄钰未认定主角必然更专业。	双方现场讨论技术，庞雨提出吸纳合作的意向，薄钰最后是否成行和不实技术许诺是否兑现尚无凭据。	旧p40是庞雨提出需求而非工匠服从；p53-60薄钰指出既有图书缺陷，p78主角心里承认要用夸大吸引人。	若现代主角一开口就成天才导师，会丢掉本地匠师的完整职业自主和伦理风险。	只研究人物知识边界与招聘谈判，不把小说技术参数当实际工程指南。
157	SCOPED_CREDIBLE_LAST_MINUTE_MOTIVE	庞雨隔船同蒙面女子说人生道理，女子一度邀请继续交谈，分别后女子改变公开身份标识，章尾庞雨才向随从说明急于离开的实际经济风险。	女子有自己的情感和商业判断，庞雨在表面善解人意和避免损失间盘算，随从只看到漂亮谈话而不知成本。	短暂对话和女子取下旧标识确实发生，但庞雨的宽慰并未因此证实已治愈她的长期困境。	旧p34女子邀请上船是当下互动；p62属女子自身决定，p67主角自陈避险动机，不能以他说的话解释女子全部想法。	如果从头旁白说主角只为避险，会让前半的善意话语与末尾自揭动机的重估效果消失。	限定本章人物自述和反转，不把女子想法完全收编到主角经济算盘。
160	SCOPED_CREDIBLE_TRUST_AND_LEDGER	焦国柞以旧结义情面求得未来任职承诺，庞雨出门后立即向庞丁核账谈焦的负债及内部泄密，房内灯光在尾段渐暗。	焦国柞想有新岗位又怕被冷落，庞雨不把情面等同可靠，庞丁受托判断旧人，王增禄另有是否随行的选择。	庞雨当面许诺安排并启动内部核查，焦是否入职和后续是否忠诚还没有真正兑现。	旧p26只是承诺给旧兄弟职位，并非获正式军籍；p34以后才讨论不信任与审账，p51灯光变化是一种视觉收束而不是权力结果。	如果写成一句兄弟情义无价，就损失上层人际、职业利益和秘密账目形成的反差。	本章明暗转场可研究，不能把象征解释等同已经证实叛变或最终忠诚。
