401|1:936e2aaf64fab781ffc96b61b19ab2d2ea5dd13e964fda95cf2bfb75dcecbaf2;25:ef9452eeaf2981069cea03eab7ef3a46af47a7a918a5557681cde1a2e84331e8;74:39627425ba0339957065c8f8c9823f1af320a1e17b9fa634fa793c21e4ec1fd8
402|30:2f7d849b7db615057cbf6e5ac41c552383eb7311f42993dffa3150f67eeaa873
403|1:6f388ddbfb4e0b0eb8ceb03c4e6d3f89d5ed35307eab6e12bfbfa94bda3e2478;48:012f855d0b8b2d7fdd1ba30f1473203869150e34585cab4b27a7ba44bf6a6952;73:a17ac7cfeb155cf5c050aadb1136bfbc4eef139328147c8a4708c70f77385871
404|1:fd6cb9bed85d774892f74ebb086c26359e7ca13d5c926e68e6d20f1a8b1a7096;62:4b86eea7b932ba484cbd9e60e385079b496dd93f6d572a75fad9f775b92a31c4;109:f6d0961917f101018cea4d707f3ea70f35bb96cfd099f9b59ae90cf1e58482f3
405|34:dbc1ac7edb3bd384b0c6765554355d70e211ce6de854fe4843d37d6c85cd16db
406|1:183e44702a80a787685920ef1d7865aefd1a147fb5262df2837376ddde1008cc;16:c375d8650c8b6728b7c7da505525b9738ca00643bf937f797333b2d06d5d0a49;37:e9ec29558bd2e4a7472a1d72f320c79784d513e8f9e4c9a3669c00180594e437
407|1:f2b32c2848b7f86f782b3c6f14b6257475157232ae5ed49c10124a34f55f5990;39:0c1a995797dbf8db7dbce0903215a284b8a8f04550bc46e745ae60a34ddcd215;67:aa57733cd862b7a53822bbbacc7b1e9153d1f4c5d6e43e6f752220a11bd8a8c6
408|23:3aefaf958ea0a6c9ddccfaaf588bac1686b5cd7efb7069db039f1783d1468900
409|58:73f8519643fa3da491d25e9d071b1fb02f14d8848e8ea1134cfb71102a5afc9f
410|1:b75f8ac418a6b2a1c9a50645aac4298c68aed0fb9b1fcb6507d8f1630fee744c;28:81d87f36d2573ba8f77e020e6318ad10821f4a5c1b66d9914489560f301fbb5d;68:3538c330633ee15e9fac83281baa9452e5ae12d5a747459b99df66a0146a63bb
411|30:62326d6d91feb80fbdd9b2cd2d1688329ee09c49a92715a60eda335e80e1c88c
412|1:14d910a4dfc63c97747d2c69e4284c35a49a79033855798ae2dc702cbb763760;25:d65dc9977262fec80ea47efe460e7a5d9230c8394344e677046ef6737e17c60c;58:53af9ea94071eb4eb1ad7a8113543468dd2897b46a308311dee9d266cb32a160
413|19:56f7167c6a686fe6093742ea7a58e989920713f6b7024ec699be6697eff60fc5
414|1:beaccf064cf31102d746feefe179463111a0f80ddec60466d72c4daf8ff8e559;51:2ee0e974d4723deee801ffbac9c14d204e1e4c33c2cd6b24810be5b5c296c147;66:34e782063fb8b4321b7b1115619ebc5c10a1a529a5afff7a464d11ed451ef4f6
415|32:6e08f6c367fe4b2e7ecfab834fa1b4eeb50de3471a6cc1c339c8481801b6ac73
416|23:d86c427a85bda016023f607787561a3abb70367aff9e74ecb617304edac23f4b
417|37:098579fbb654f4b00bed4f1fe60de043fdf3bcd3fc33a91125fd1773c9f6c7f4
418|1:34b33ce55adeedfa9043746f4055c60df79a84a06e0762f72e3c06c76615004b;44:0845ad1fac13612604b5ebe464ca140a4ec53a2e568b488e61fad69f58c6c570;68:1158cb268e3d159311d6f9a6529c8267dbd00e5275b00d65a38d51e474c2a139
419|14:c6310f0b721e422f42d1dd14c7647e639c19c4144b26427cea58cbced97b2608
420|1:7a423f17770440461b530d0f7ff8f5159ddcf39dfc7f683c84a70a4bcbba0e34;18:fad47c1f3421e95d8f2ebdf83b993128ec75909f8b545ba4c6628a3de37b8a81;36:296ec72fabe1fc54e08783ac732e75c4d4dec7db23136cb255b2b3a6be28d2a1
421|26:9f9e88827910f55b2ffad6f593e0415b03278de2ff957c7a30c486cf4397294f
422|1:6294fbd7676172c584efb6d11966765b9730e5c78032e99bec82cdc067d00b3c;34:2e9519882cd7e23816fc9fdb147d273704d498bfeecaf5464468d79f8b4dc141;38:37d55a216c20268d2c743be1554b5ff57f3f2a41e0d7d1c326ecfdb7e7c27080
423|28:b21338b181f161f340c84eabe0562bc432c7dee1ae8bb362179aab29c886e8da
424|37:38919e730e56596ffdd403932111c5a7a44be468089d7919c9e5275143864e31
425|33:57758be6f625ac42b20da3c78339cfeeefbb3d36010f024554c2732490af5ce7
426|1:c8917d4bd181f8846c09bae68e35d96e5b5e5522d96a074c3e44d19e5a8e48a8;20:e6036ded557e9b8e4af01c10955feb7fe903e6ad77399b6ea0f1bcedbbb3c921;46:362f25090fb306fbaf11baf47e51d4922e80960d5a27cf70d871bdc14251e92b
427|1:645d02462fe947675eec28a4c5d7499ad9e53ab4b5b6149e2e5a45dfad4f0e08;39:51feebf4088be5c13b96958dc6b7fd8b4876028f4436bb4b8d7c86199523385a;53:b23468a2d70747e97ebdbc6e674cbbf8f37c8741929605a72de4b1cb8c34865c
428|36:0727eab99f294b06d9e3d8465d96429529d4d57362163b3f96b689c4d32f6ec1
429|1:cf78b7de4f5c694d3db58ccdfc27e41b48d648a5409ff03ac57abe0add219d7a;49:fc7a63750c63d4f99ee587e69435f9b6a46b7fc1294369167ccfe6a5b0e5d635;54:cf47072e8a331b98d86b660fb163ca1dd13f7289d3bc0a9536c7554d5852c921
430|30:ce52302f6db105e3cd6cdffcfd0340050a3985e5b1f52237d623f2b656c3b0bf
431|1:050af6dc9c23ac79b2ce433561266f08d36fbebf2e2a7b316bbec92416dd741e;17:dc6a4b4836d44537a370d667cb1878d9d18b6062c8373cbec6e4cc03c2e3a724;66:bb47a08bc632deedbb54a2752c0010cffe1e064e0a4a31193afb82aa1ac3a9d0
432|27:d6a15b3ef287a3b0ee06c26dfaf0f76f90963d59474f660e551222d5edfa15d5
433|41:0a82e6dd71bdd4361f3d5a357e36f697b56f285db18956769795f8c519154a2b
434|1:5e5f4434f3af22c22c714e1f68438430e068b78f1f761bcc4efa5c953ae32726;30:4eba5e4e079663d19c69dd02b742e57dfcc22b3cb11e6521adf7050f25612295;47:10a3426665e706d632049a5d790db0891055e1b3ad2ba2958c27b729e22ae903
435|1:c9cf4a3a181180620bb0b3ccbf94c0d62c60278fce8ccb494c4f614772504032;31:063bad50f35b905b648df1dafc568cc821aa5c15a607afb9cfbfa81b037eba5b;74:e5970e6bbdd0e2b42357a2088c51ceb42017b5d332b325e5112bb94ddb8b6d60
436|1:ef982cfe9fcfee996a0a9aeaceb310f1998ad4619d91b5f0275e6dda397540d1;41:d464b6d11e81b5eedb026af802e3394ac8b1f98fb62dfc5139f36e8c6a474e8a;66:4f09e1d9addc484f0b3754f58379b7336b207e830550933969f7ad5c91533bea
437|19:1569d80b89ace202072b3f0eb9ee027ced236d51d522a6130488fb5b8d8106bf
438|31:1cdb58180c9f7966960533f0712b8af68b2b3bf36e5a908e11bbb9fa5e3d4b79
439|1:9219f7292a46b0612e6afb2dffeb54a9b331cdfafbe6ce97ffdeaa58f2dc268c;11:856cfac01ea9d2c2839483158653770cef8a567cad203b4791861916cd9e21c2;77:64c320d0405ccb78e7fca53fcd3d0c367a25fa1474cb55b79cec4c9c09fa70ad
440|1:1ceb46f3389b88dcfb304bfc8c0e779b8b7e1f339f0b61a30d2da0fb769de3f0;43:73e66d5c4d29f85eb1e796ac833b0cf35bfb562e0ffb4f44843db559348cd4b7;58:1b372151653caf36f22dc5db2da44f781c886438bb8c64bea6aa0dcf75b9f45a
