narrative_ordinal	spine_index	epub_path	chapter_sha256	paragraph_index	paragraph_sha256	evidence_role	observed_support	competing_explanation_or_limit	source_check	literary_judgment
1	12	OEBPS/Text/Chapter_0009.xhtml	319a67a7dea3efef9a4db71657a4e6860f5beaa7d4415b55ee8ba94215a5eaea	44	dc732bc979f08aa109c400795f759b616257a1ef4482310323a7a680f53ff3fc	01 入场不是万能知识	陈新为解决眼下衣食以不光彩办法换取可用物，生存决定先于宏大变革	不能据此概括两人所有行为都被私人利益支配	LOCAL_ORIGINAL_EPUB_SHA_VERIFIED	PROVISIONAL
10	21	OEBPS/Text/Chapter_0018.xhtml	75ef383b80d8354405e21465e434b1d538562f4b8c758d7b5868331d634f0f36	39	a5d26bfcca3e0f0adcc2074203ed6aaeaee2a29f4324806e9bb3a83375789302	01 低身份进入社会	算盘与传统账法成为陈新争取工作机会的现实障碍	不能将现代知识说成没有效用，重点是专业认证和身份条件	LOCAL_ORIGINAL_EPUB_SHA_VERIFIED	PROVISIONAL
51	62	OEBPS/Text/Chapter_0059.xhtml	52af93f53fb9dbbff2f07d1d2fa8a89439b82426450ef490d23ffeee1f7c52bf	28	cce6f8bae1662aead3571edd9573580bced48a6992f19ad66b3cece98d90ca7f	01 两人目标裂隙	刘民有直指陈新追求权力，伙伴的同路并不等于目的相同	此时的批评不能自动认定陈新后来每次选择只为了权力	LOCAL_ORIGINAL_EPUB_SHA_VERIFIED	PROVISIONAL
51	62	OEBPS/Text/Chapter_0059.xhtml	52af93f53fb9dbbff2f07d1d2fa8a89439b82426450ef490d23ffeee1f7c52bf	57	dfdbad9181dcc5e536e517d9ccdacaa5e3de2cc4dfffa4ae25264f66948f8a75	01 卷末公权转场	两人正谈各自生活目标时，皇帝去世消息切入，私人的决定被时代事件改写	天启朝结束是政治时间锚点，不等于每个人立即知晓未来	LOCAL_ORIGINAL_EPUB_SHA_VERIFIED	PROVISIONAL
52	64	OEBPS/Text/Chapter_0061.xhtml	60d6e53bc49e28ab28727b0370e148b7f627d9503d6edd91ddf29b36ebcae514	28	4844de8fe480a3cc387886ff3d3d9eb3bf4a6adeb0bfc824e5b2953516e0b26c	02 官身门槛	宋闻贤对陈新舍账房贸易选择卫所官感到费解，人物需要政治入口	官位只是组织入口，并不自动提供可供养的兵员、实际训练、合法调动权及可靠的持续俸给	LOCAL_ORIGINAL_EPUB_SHA_VERIFIED	PROVISIONAL
81	93	OEBPS/Text/Chapter_0090.xhtml	d6ad3c737bd9fd77557c1144112353020a532dcc5d9a3110a55b97b8ea4dc1e1	1	88977a2f6a17c380e168872609232e9f6a90f15e54c5f1b30bbe16bb4e43e28e	02 名额与实际战力	老弱军户的长途行军使朝廷册籍上的军事义务变为体力和供应问题	不能因卫所中的一组失序场面断言所有卫所军兵同样无能	LOCAL_ORIGINAL_EPUB_SHA_VERIFIED	PROVISIONAL
85	97	OEBPS/Text/Chapter_0094.xhtml	b32a916712bcb8bf45e698cd28750e6384303ce1e0ed564af2ef15cdcbce932c	25	4b3f14f6394dde68f69b8b15f431433f9f6bc9cbcbafd28ed9ac3b9c94b6e4e9	02 胜利分配反作用	军功后具体粮食争夺冲突表明战胜不等于奖励自然公平	并不否认陈新部在前线实际出力，重点是利益分配制度	LOCAL_ORIGINAL_EPUB_SHA_VERIFIED	PROVISIONAL
105	117	OEBPS/Text/Chapter_0114.xhtml	69ed53ce7e5c0f9fa261fb293661f14a5a8f5cb23304dade58b3d901fde47063	13	0d4e8387769eabccfc1cbb69a31ace5e291b97ba4e03007142cb5c6e76d09424	02 试验与组织吸收	武器尺寸改变经士卒试用和工匠验证，是具体劳动组织的回馈	不能仅从一处试验推出所有技术进步都符合科学实验标准	LOCAL_ORIGINAL_EPUB_SHA_VERIFIED	PROVISIONAL
106	119	OEBPS/Text/Chapter_0116.xhtml	0d62a12f86f6e494af39abee9e3485b0e46d957a471d6cf1252bcaf75ec29cf5	1	945ccdc0f7e40feefcad464591b2f9f4a68b519dac166eace1ab7301aef351f3	03 敌方自主视角	卷三从沈阳皇太极本人的政治和战争安排切入，构成不受主角控制的对手线	对手享有独立视角不等于全书对手观点同等丰富	LOCAL_ORIGINAL_EPUB_SHA_VERIFIED	PROVISIONAL
155	168	OEBPS/Text/Chapter_0165.xhtml	c06adc50cd42bf0bd5c797e547aab721b782413cf9ddde3591ff6c76f319e7b8	52	1bf41d021a380d9d0df125a7174df0353ec9fe1604adcb14247f968985afe66b	03 战役改变组织地位	京畿战役后文登营从地方军变成更受重视的军队，是后续扩张入口	叙述者将其称为强军仍应由日后长期组织维持来检验	LOCAL_ORIGINAL_EPUB_SHA_VERIFIED	PROVISIONAL
156	170	OEBPS/Text/Chapter_0167.xhtml	ecb627e36397004575c9562f306e7050a2cb317ddd6c99c89dc974dad11aba62	1	ad5f82e55aded32f8ddcf2de9c8563078fb1507b0ab50d1244df237d9d47f0c1	04 荣誉后的管理缺口	陈新写计划时注意到刘民有已有可用的文职骨架，军事胜利没有自动生成管理班底	一个管理不熟练场景不能证明陈新只懂军事不懂行政	LOCAL_ORIGINAL_EPUB_SHA_VERIFIED	PROVISIONAL
189	203	OEBPS/Text/Chapter_0200.xhtml	9892df2ed2fa98456589022995d4a7622f06f3328ddaceca2afefc00fe794bcf	59	95dced4f48f0f86bdf615c9c988eeaef0a9faa70a040c57844ffb0b71474e119	04 地产利益冲突	登州屯堡扩张与地方士绅对熟地的主张冲突，改革涉及既有地权与执行边界	不能把所有地主的抵抗预设为纯贪婪，也不能凭士绅指责断定军政违法	LOCAL_ORIGINAL_EPUB_SHA_VERIFIED	PROVISIONAL
251	265	OEBPS/Text/Chapter_0262.xhtml	8d61882c439982a9cbd905fdb3cca69433c3ad3eff92b726459d8d5850c14894	22	3282425cde96b783dafa721b51a727c610bb48c3cfb616465e2a984f1ece8f39	04 内乱暴露防线成本	登州叛乱中的多层防线说明此前经营仍需面对现实的地方武装与政治风险	防线布置只是被记录的组织准备，不能由此推断守军一定会胜利或内乱不会导致政治灾难	LOCAL_ORIGINAL_EPUB_SHA_VERIFIED	PROVISIONAL
271	285	OEBPS/Text/Chapter_0282.xhtml	eb18faa88a3de732800753bcf97fbc75616b4b3d48f2623d198a9e2bafb75cbf	53	d1a8f5e546e92ee54167ef123e54826fff73d5f2bce206fdab9086b6bb566d61	04 战后政治账未平	孔有德危机余波中宋闻贤重新估计旅顺官面责任，获胜之后依然需做政治补救	某人的预测不等于后续朝廷一定采取同样行动	LOCAL_ORIGINAL_EPUB_SHA_VERIFIED	PROVISIONAL
272	287	OEBPS/Text/Chapter_0284.xhtml	e5cf00c362522a7b14dd5f6a66fc5951fc14f50fc8a9640ef7b5d56ca5250fdc	65	0b2c035dd117b466c8786a5be0383b50749f8d5172ea56935af50f91c689416a	05 权力内控的伦理边界	陈新亲自说明对属下违约行为的惩罚理由，建立秩序与集权手段紧密共存	人物自述是其立场，不足以直接证明处理程序在伦理上正当	LOCAL_ORIGINAL_EPUB_SHA_VERIFIED	PROVISIONAL
297	312	OEBPS/Text/Chapter_0309.xhtml	777b608aee3cfdcdd540acf0efdfa17cc2d169ee0a25837e825ab84822d80c2d	1	88f62cfa1566160c1b5b4eb47625be032406057910f9ca503d0631d2def03b7d	05 商贸与生产容量	商人提出大额订货与压价要求，考验供应、议价和跨城物流能力	不能由一笔订单推算组织整体稳定的长期营收	LOCAL_ORIGINAL_EPUB_SHA_VERIFIED	PROVISIONAL
345	360	OEBPS/Text/Chapter_0357.xhtml	5deebf33d48ff03c0edf10f208914a6b21cb585bb1240e42aedc021abd7e7f5a	29	36c625f4708704e31be06495947dfd0561073688f22c8b60cc44442baa0f2771	05 竞争者改变市场条件	临清卷烟竞争中牙行与仿制影响定价，技术产品进入旧商业网络后不再独占	对竞争者的理解来自人物局部市场信息，未必完整	LOCAL_ORIGINAL_EPUB_SHA_VERIFIED	PROVISIONAL
390	405	OEBPS/Text/Chapter_0402.xhtml	4f0e434170a56c7b52006f3007822b12eaace13b638129be1b23344ed17684cf	16	f2d34458c458d670362226722347fc6378ee9df4472d7249bda35221678dcbf4	05 后金动员的人格代价	后金一线的受支配劳役者遭遇极低生命估价，将组织资源化的另一面推到现场	不能将敌方统治下的人自动写成没有自主选择的人	LOCAL_ORIGINAL_EPUB_SHA_VERIFIED	PROVISIONAL
400	415	OEBPS/Text/Chapter_0412.xhtml	729981d63fc407362394950d32d1607baf3596e402dd5eee34ebde8f5442cea0	43	5535129b6854fe3e55aa28e4a45b57904d16c45f25115ed6d81b46cef951e885	05 对手指出非技术因素	阿巴泰比较军队表现时强调号令贯通和协同，而非只羡慕具体火器	阿巴泰的认识也可能带有局部战场偏见，非全知作者结论	LOCAL_ORIGINAL_EPUB_SHA_VERIFIED	PROVISIONAL
435	450	OEBPS/Text/Chapter_0447.xhtml	eec2e7e727d480571b4cc5c99da432e2e2357c0c176f386e3d602ee765a3b895	1	2d14dfcadaeca1a7794a574192cc9ef51a50732b608ff3dc00b05d78f94ec112	05 外交情报商业牵连	陈新将情报与外务主事召入同一会场，暗示组织成熟后的内部监督难题	开会本身不证明制度已经有效约束秘密权力	LOCAL_ORIGINAL_EPUB_SHA_VERIFIED	PROVISIONAL
468	483	OEBPS/Text/Chapter_0480.xhtml	bfdde18a22a7aca734f59e1fca1721752691af6dd55719456aa5254a807c1900	44	fd32e4044278cfb816f8cfcec2e350ff84d0241cb4937b5cd10f7db26a317b95	05 友人拒受暴力信息	刘民有打断有关旗权争斗的讲述，显示两人对权力手段的接受程度不同	不把情绪上的拒听夸大为已经提出可执行的替代制度	LOCAL_ORIGINAL_EPUB_SHA_VERIFIED	PROVISIONAL
487	502	OEBPS/Text/Chapter_0499.xhtml	fd699d0e0c7126ba9426a3a94c07698e043e3e0afbd052200ce93331f08e750f	1	7b32470a0007edae09bbef96e4f6554e0eea6036c76c89106df06ae342901287	05 战力支撑转为人口经济	总兵府的屯堡人口和组织汇报把前几卷散见的贸易屯田教育连为现实军政底盘	账本可能有自身统计口径，公开研究不能将小说数字当历史真实统计	LOCAL_ORIGINAL_EPUB_SHA_VERIFIED	PROVISIONAL
488	504	OEBPS/Text/Chapter_0501.xhtml	ab2671a8071a7ab51c8f73587d5f22c26ff2c55ca9f28b43181541367249e8ef	1	4ada5dfa91a6cb2b0e54663cd0bb54edd311ac02f568731385ca6e836ad54a4c	06 新营与训练延续	大战前转到基层第二营招训，说明最后卷并不放弃日常队伍建设	名义组建一个新营并不保证军官来源、训练周期、后勤供养和战时命令已经形成成熟闭环	LOCAL_ORIGINAL_EPUB_SHA_VERIFIED	PROVISIONAL
494	510	OEBPS/Text/Chapter_0507.xhtml	57db54b80c33c2c6ccde23f69dcedaeceb0b43b76f156fe0ca117023733e8337	17	940614784344eb874131add18072a20a1b17d9a50faadb3bcd4491388b62a963	06 计划与有限兵额	新编多营的预案立即遭到现役部队配置和辽南集中方向的质疑	提出扩编不等于已经建军、已发粮饷、已配足军官	LOCAL_ORIGINAL_EPUB_SHA_VERIFIED	PROVISIONAL
519	535	OEBPS/Text/Chapter_0532.xhtml	c46bf35ff4b49cb11a298947407a57fc06241b2bed69946959855965b72be848	69	47bc2e692b35492d4dec580f3e09c70e7ecd4eff42e5220ab375a6862ad50026	06 制度中的异议人	陪审试点由普通成员陈述判断理由，不再只是两位主角解释法律	陪审者的一次可理解表态并不等于制度必定公正	LOCAL_ORIGINAL_EPUB_SHA_VERIFIED	PROVISIONAL
520	536	OEBPS/Text/Chapter_0533.xhtml	f78f0c510c9730e625601ab6ae7c60ea3184be98727d38a204b45c4283c05187	17	1744f737b7598c3f1061e4e23037eb9aa84d4b8ac3388d9c63b8f1ace7d0a0ef	06 两人保留分歧	陈新只允许刘民有有限司法试点，并在竞争任务间权衡，没有让理念争论一次定论	双方达成有限试点并不等于司法独立全面落地，更不能直接证明居民将在每一种案件中获得公平的裁判	LOCAL_ORIGINAL_EPUB_SHA_VERIFIED	PROVISIONAL
529	545	OEBPS/Text/Chapter_0542.xhtml	b77e33fa526d611db4fb62b7728e994c291837b990f2ce030b98b40e4c3e0789	46	657a97ccc7ac035eb22bd43788750e33d9320dc07e3eba6ed57f9d7577663100	06 统帅离场下行政调度	统筹委员会实地处理多部门争议，让组织运行与主帅亲自指挥有了不同节奏	会议讨论的高效感不能自动替代财政结算的真实审计	LOCAL_ORIGINAL_EPUB_SHA_VERIFIED	PROVISIONAL
540	556	OEBPS/Text/Chapter_0553.xhtml	674e8cc0ec4be09e306f995d9675ebb3e0d2782d8fb8b43a2977ed6f0d1d2fd9	33	12b74ece6dbc7a41de1f9bb7275fa827531fcf08871f22eb6e0d2abea49a5354	06 个人愿望的独立代价	唐玮与关小妹的情感分歧不是战争胜利即可抹平的生活难题	人物在某一时刻拒绝并不等于关系永远不能改变	LOCAL_ORIGINAL_EPUB_SHA_VERIFIED	PROVISIONAL
562	578	OEBPS/Text/Chapter_0575.xhtml	3abcbe13231dd08f3aa9a14f828bb4ad088d41b2edb4538e273077483860269f	63	ba32ebba883021761cf0b3b58f9bee1a8acc954fef868fbae343b5b9c8796204	06 临战普通士兵视角	前进号打断谢飞与唐玮对个人未来的谈话，战争时间压过个人安排	此时并未证明谢飞后来的终局，需对照最后章节	LOCAL_ORIGINAL_EPUB_SHA_VERIFIED	PROVISIONAL
565	581	OEBPS/Text/Chapter_0578.xhtml	0ac6bbca33d9dd3c75b6603c8774b58509e2d9a24c80327d115467c1a8ebe66d	69	4b05249d02e0108d893c75e67ac1e9cb71083759ad286eb93e0a6603d3a3dc92	06 群像后果与未决命运	谢飞在唐玮的视野中脱离行军队列，叙事没有在此完成其终身身份判定	不可根据倒下和离队就写成被明确记录为死亡	LOCAL_ORIGINAL_EPUB_SHA_VERIFIED	PROVISIONAL
568	584	OEBPS/Text/Chapter_0581.xhtml	5bba4434934bcc3af5b1c3936e78e71dbf00369c536828b9e0c2471807ad7003	44	d436965cf4b705829dee0cfd3724ac5b3b37caff15a16b8ec9ca304e2de264ce	06 战胜后的民政回声	刘民有在行政办公中收到前线消息，军事结果进入此前长期独立的民政生活	公开欢庆并不自动完成后续安置与制度改革	LOCAL_ORIGINAL_EPUB_SHA_VERIFIED	PROVISIONAL
569	585	OEBPS/Text/Chapter_0582.xhtml	716a46cbeb33a9a6f01ba9a9a754f1eda0befa49626df3a6a6418e542925dfb5	21	5456ab6bea66c5a9957a865ee29cc5e32411b5aeb5c4835b4ee762ebae909f34	06 大功转回私人选择	关小妹与唐玮的个人关系获得回响，战功与亲密关系仍经过人的确认	不能把所有人物的爱情和家庭都写成一样的胜利回报	LOCAL_ORIGINAL_EPUB_SHA_VERIFIED	PROVISIONAL
570	586	OEBPS/Text/Chapter_0583.xhtml	d3c4646f08cafa428aa9de9bc930522cb1d7a2cdf28c76c6f567de585772743f	26	a37e793239d79435891cb8a25c2cb7c571ffe1d5706facbf46362466721c91da	06 主角晚年自我质疑	晚年陈新主动问他人的终身评价，英雄名望之外保留道德自省	陈新晚年的回忆与自我评说仍是人物视角，不能自动代替对全书人物和受其决策影响者的独立历史评价	LOCAL_ORIGINAL_EPUB_SHA_VERIFIED	PROVISIONAL
571	587	OEBPS/Text/Chapter_0584.xhtml	9d3cd9d36cb01167c5d8a53edfb4a485dca3c62a8c39a78d95489b4c3432d701	5	e78cbacad9d47b59e78ac3fa548e63dd39a50bd84d36b33a2e02f3192776a0d4	06 结尾反证前线臆定的命运	谢飞出现在多年后的听众名单，直接限制把第565章离队情节当确证死亡的解读	更应注意这是一场元叙事的晚年聚会，而不是医学意义的战场伤情报告	LOCAL_ORIGINAL_EPUB_SHA_VERIFIED	PROVISIONAL
571	587	OEBPS/Text/Chapter_0584.xhtml	9d3cd9d36cb01167c5d8a53edfb4a485dca3c62a8c39a78d95489b4c3432d701	31	29bcdba2f09dc216774868e7cd5fdd8f1ed214271d50969da32d30311f1f7cb9	06 叙事再流通的商业目的	茶馆说书者接受修改故事以迎合参与者名声的要求，结尾让历史如何讲述成为问题	不能把茶馆叙事当一切前文事实均被正式推翻	LOCAL_ORIGINAL_EPUB_SHA_VERIFIED	PROVISIONAL
571	587	OEBPS/Text/Chapter_0584.xhtml	9d3cd9d36cb01167c5d8a53edfb4a485dca3c62a8c39a78d95489b4c3432d701	64	1cd5f07756730a0675d7d4cb50f3d94f26167a810968d32736fda1c2d559af44	06 元叙事收束	茶馆讲述将前面整部小说再框为可被听众协商和购买的故事	此观察仅是叙事结构，不自动认证故事中的历史真实	LOCAL_ORIGINAL_EPUB_SHA_VERIFIED	PROVISIONAL
