ordinal	literary_disposition	visible_action	voices_and_information	actual_and_pending	counterexample_or_old_error	alternative_narrative_loss	failure_boundary
281	REJECT_OLD_FAMILY_CONFLICT_NOT_SHOWN	谭癞子在码头围棋、揽客、争客和观望水军聚集时不断夸耀过去的冒险，却连牌桌赌约和码头收入都维持不住；看见往日地位低于自己的唐二栓已为伍长，最后又主动接近管事，想领流民差使。	谭需要钱、体面和比唐二栓更体面的职名；唐二栓的阶层变化可由军服和标记见到，却未参与谭的心理比较；临到码头的流民需要能实际管理的人。	吹嘘受到围棋赌约和客源竞争反驳，唐二栓的晋升客观存在；谭想领五十人的差使尚未获任命，未见此章具有旧说的家庭内部冲突。	旧p33是谭以弄乱棋盘逃避输局，不是家庭揭穿。原命题把外来的旅客家庭或谭的旧熟人竞争含混写成家庭矛盾，超出了本章直接可见事实。	若只写他是可笑小人便失去被熟人职业跃迁刺痛的阶层参照；若添不存在的家庭冲突，则会伪造推动情绪的场景。	拒绝带有‘家庭戳破’的旧机制，只保留码头就业、过度自我吹嘘与实际职位差作另立弱假说；未验证接管差使成功。
282	SCOPED_FOOD_ACCESS_AND_LOCAL_RIGHTS	杨光第想从湖面捕鱼养病母，被原来占湖的渔户驱赶；老车夫与他分鱼时也要防范周围饿孩子，随后叙事切入谭的流民营管理和庞雨讨论驻营设施及水上经营。	杨光第为母亲求温饱，渔户靠旧捕鱼权谋生，营中流民有迫切食物需求；庞雨谈码头生意时另顾士绅与漕帮地位，而不是只算抽象慈善。	鱼已被捕、分食发生、渔户排斥和流民生存紧张可见；安置营由此就解决财产和食物分配的结论未兑现。	冻结p30是病母希望把食物分给其他孩子，不单独证明产权冲突；需连读湖边冲突和后段p53的当地占湖习惯，避免把渔户直接写成无缘无故作恶。	若用‘赈济不足’一句旁白替代少年护鱼与母亲劝让，就看不到权属、饥饿与亲情如何争夺有限的食物。	仅支持同地生存竞争与伦理选择，不证明某方拥有合法独占权，亦不提供现实暴力夺取资源做法。
283	SCOPED_OFFICIAL_REJECTION_WITH_OWN_DUTY	庞雨以拜访桐城戍守为契机请求史可法到新驻营巡视，史以多地未靖和本职守城为由拒绝；两人维持礼貌，后来从城墙与营兵新编制谈回指挥权。	庞雨希望通过道台名义减小驻营与地方摩擦，史可法不能轻离要冲也要保持行政职责；庞丁对史可法是否真不贪银钱保留私议。	正式巡查没有被批准，史仍对战功表示肯定并告知可能的正式官职；拒绝一项请求不等于关系破裂或官德获证。	冻结p24只是庞雨接受实授消息的回应，不是拒绝处；实际拒绝在p18，故旧锚点不可充当独立证据。	如果用作者旁白判定史可法善恶，会压平他拒绝主角的职责判断；若只写官位喜讯又看不见彼此权力边界。	限定史可法以明确理由拒绝其当前权限外行动，不由一次拒绝推断其全部行政行为正当。
285	SCOPED_FACTORY_DEADLINE_AND_WAGE_POWER	薄钰带庞雨勘察水力作坊，解释成本、材料和交货时间，最后在庞雨当众赞许的催促下勉强答应更紧期限；另一场景中蒋淑琼介绍经营业绩，雇员月钱压低被上司作为成绩。	薄钰要守信誉还要保证人料，庞雨需要兵工交付且不愿延误；蒋淑琼需要升职，低位雇员在节约成本时缺少发言权。	工坊期限被口头固定，降薪结果以账目口径出现；七月交货、产出质量和员工是否自愿接受均未证实。	旧p27只是庞雨的公开逼诺，不能代替已实现的生产；要与p23、p28及p48的降支出并看，才见压力从上游订单到下游劳动。	若只写工厂建设大目标，会丢失工匠在期限和薪酬之间被迫让步的具体场面。	限定谈判权差及计划成本，不能将小说口头承诺视为已建成作坊或稳定产能。
286	SCOPED_BANK_LIABILITY_AND_FAMILY_LEVERAGE	周月如汇报南京存款来源和政治风声，逐项向庞雨指出预支、利钱及建店成本；庞雨随后任命蒋淑琼赴南京，说明其丈夫孩子须留安庆，蒋从欢喜转为惊惧。	周月如以实际现金流安全为目标，庞雨想扩大银庄和经营网络，蒋盼晋升但家人的处境限制了拒绝机会；上层的人事目标与雇员完整自愿不等价。	已有存银报告、借银事实的当事人说法、调任决定和家属限制；未来能否偿付所有储户及蒋在南京的选择自由没有获得证明。	冻结p27是庞雨对对方南京政治意图的推测，不是银庄已经偿付的凭据；p28-35才有资金缺口与利钱质询，p51-52显示晋升选择夹带家属约束。	只写辉煌商业名声会掩盖债权人的风险，直接说雇员真心愿去又会漏掉丈夫子女这一独立成本。	来源只支持风险被明算与人事依附的并置，不认定银庄已违约或蒋无任何自主性。
289	REJECT_OLD_CORRECTION_NOT_IN_CHAPTER	新任亲兵司把总与庞雨谈编制变革，庞丁随后递月度军饷和钱庄账本，庞雨认为存银使现金周转容易；章末急报称清军入关，庞雨误将之联想为崇祯政权终局。	庄朝正担忧胜任岗位，庞丁试图弄清扩军与出账的匹配，庞雨有后世知识却记不清实际入关节点。	编制和现金流推演已当面进行，误判发生于最后；他在这一章并未形成旧命题所称临时纠正，修正要到下一章与陈于王谈话后出现。	冻结p23仅是改革会议结束后回房休息，不能支撑‘误判和修正都在同章’；p45末尾仍明确恐惧，且猜测时间早于n290的事实补充。	删掉误报时主角的惊慌，会把穿越知识写成无误的先知；若伪加立即修正，就会消除跨章检验信息来源的悬念。	否决同章完成修正的强断言；保留军事改编—账簿—历史误判的有限连锁，须连看n290才见纠正。
290	SCOPED_NEW_FACT_REFRAMES_BAD_GUESS	收到紧急勤王公文后，庞雨向曾在辽东的陈于王询问入关频次与京城能否守住，发现这种袭扰过去已发生数次，遂减少对n289所想王朝即将崩溃的恐惧；其后参与军官和士人互动。	陈于王对边关实情经验更足，庞雨记忆却把某次改朝事件当首次入关；他虽从新证据改变担忧，还在后段用简化历史逻辑继续安慰自己。	入关不等于立刻改朝的旧假设已被部分纠正，勤王军是否实际出发和敌方去向仍未知。	冻结p33是庞丁转告宴请，与原来判断的纠正毫无直接关系；p8-16才有跨章对证。庞雨随后自信推测仍有漏洞，‘被推翻’仅限原来把入关等同亡国的推理。	删掉陈于王这一不完全可靠的经验声音，穿越者便容易成全知史实旁白；直接说主角错了也没形成可观察的学习过程。	仅保留认知由一手经验修正的局部过程，不据文学角色对京城将来结局作历史预言。
291	SCOPED_THEATRICAL_LANGUAGE_POLITICAL_COMMERCE	秦淮画舫阮大铖与李丽华从诗词和戏班谈到政治名声、复社内部派系，随后吴昌时拜访；表面谈戏剧，双方却在演出话语下暗示政治搭桥，末尾形成暂时合作意向。	阮希望摆脱政治排斥并复起，李丽华愿利用人脉保住秦淮利益，吴昌时需要与阮渠道交换筹码；复社集团并无单一意志。	会面与合作意向确实成立，所谓内部派系力量和未来能否达成交易尚是人物叙述。	冻结p29是李对文士看戏仍骂阮的挖苦，不能单独证明两派已经联盟；p56明写合作共识才是当章结果。	若把阮与复社当绝对相斥阵营，文字游戏和社交隐语会变成不必要的闲笔；如果直接旁白宣告秘密同盟，失去读者辨出潜台词的过程。	仅以戏文潜台词展示交涉，不把小说为历史人物创作的私谈当史实。
293	SCOPED_COERCED_INFORMATION_NOT_CONSENT	李屏儿急着寻找失踪弟弟，被江帆半路拦下，因对方掌握亲人线索被迫透露李丽华及政治来往信息；镜头随后转入庞雨的新银庄工地，讨论情报用途和不知实情的缺口。	李屏儿先关心弟弟安危，江帆要获取情报并明确未来可能继续利用她，庞雨不知南京士绅的全部派系关系。	衣物能支持弟弟确有被人控制的线索，李屏儿因此开始交代；弟弟能否获安全释放或她今后能否拒绝仍未实现。	冻结p30已经是江帆承认打算继续要挟，只能证明其意图与她的恐惧；p32衣物证据并不证明他会履行任何保护承诺。	如果情报结果作为一句主角奇谋呈现，就会抹去线人付出的家庭代价；若写她完全自愿，又使整个谈话动机崩塌。	只作叙事伦理、强弱位置和信息可信度审计，不提供现实胁迫或取证的可复制方法。
295	SCOPED_PUBLIC_COUNCIL_AND_PRIOR_BARGAINS	南京内守备会议公开议论勤王兵额，庞雨借张国维名义解释兵力抽调，宦官间当堂交锋；后段点出张国维与梁洪泰先前围绕借粮军饷的协议，会议结尾仍有对庞雨的政治追问。	张国维要获得北上名义和钱粮，梁洪泰想共享勤王功名，张应乾顾自己管辖权，庞雨则尽量保住安庆兵权及经营资源。	公开表态和部分交易条件可追溯，但借款实际到账、兵马成行与政治争议解除均不确定，章尾甚至出现新压力。	冻结p22是庞雨以缓应急的会上辩词，不是预谋条款独立物证；p37揭示先前交换条件，p42表明会后仍可能遭官方阻力。	若只用最终官厅决议解释原因，会掩盖表面法度背后的名分和财政交换；若只写密约又会消除仪式对合法性的作用。	限定公开程序与既往约定的因果重组，不能从人物提议判定实际军事调动完成。
