issue_id	claim_id	source_round	epub_path	chapter_sha256	old_anchor_ids	reviewed_loci	old_claim	observable_action	character_view_and_knowledge	result_and_pending	counterexample	narrative_alternative_loss	failure_boundary	B_decision	method_status
STAGE0:R019:v13-r019-wanming-241-candidate	v13-r019-wanming-241-candidate	R019	OEBPS/Text/Chapter_0252.xhtml	d1be879487581b68dba86dd6a6abc46bb494a0e364ffcbd4766604e8b6d04211	p23	n241/p1-31,p32-45	官厅讨论与私下交易交替，让城门变成不同人物的不同意义。	登州官署讨论军政责任与招抚，场景随后一次切至城门军官接受私人利益提议。	孙元化希望保全职责，王徵怀疑招抚；王秉忠看重欠饷、家人和未来前途，双方不共享消息。	官署派人议招抚，城门军官给出表态；两项协议实际结果仍未产生。	旧p23只是官署一人的质疑；私人谈判始于p33，章节并无反复切回官署的交替结构。	删去后场将失去名义权力和利益交易的独立运行，但单次转场不等于循环交叉剪辑。	否定旧频次判断，仅保留两场角色目标的对比；不提出可实施的秘密交易方法。	REJECT_OLD_ALTERNATION	STAGE0_B_ONLY_NO_V1_V2_V3_C_OR_SKILL
STAGE0:R019:v13-r019-wanming-242-candidate	v13-r019-wanming-242-candidate	R019	OEBPS/Text/Chapter_0253.xhtml	14d98bc1c2ba357b8ecd6a7e94ad57f9f9ce13d39620c47aa1697597f863ed16	p37	n242/p1-29,p30-44,p45-74	灾后细节与政治赏功并排，荣誉不能替基层结案。	官军主将只顾舒适，失去家园的居民躲避军队；另一支部队安排有限善后，之后颁布正式赏功。	朱国斌考虑安葬和士兵休息，陈新重视功名却也看到灾情，受影响居民远未得到日常恢复。	奖赏和官职确实颁出，有限救助亦有实施；房屋、生计损失仍未得到完整补偿。	旧p37是找县署，真正任命见p53-56；不能说奖赏全为象征，也不能说因此灾后责任全结清。	若只写凯旋授官，民众失去居所的生活后果就无法成为胜利叙事的另一面。	只比较官面奖励与未兑现救济，历史官制与数字不因小说描写得到史料认证。	SCOPED_CREDIBLE_REANCHOR	STAGE0_B_ONLY_NO_V1_V2_V3_C_OR_SKILL
STAGE0:R019:v13-r019-wanming-243-candidate	v13-r019-wanming-243-candidate	R019	OEBPS/Text/Chapter_0254.xhtml	8411d3ceead69d782292202247a0fe84753f696e0a1ef4fe1d3fd4535977b65c	p34	n243/p1-17,p18-34,p35-50,p51-68	赈济现场切官府谈判，真实善举不消除权力不对称。	营外真的施粥和答应接济，继而切到官署谈调兵责任及军粮成本，又发生一场有压力的资源分配。	赵宣提供食物又在推动领袖崇拜，难民渴望生活，官员推诿预算，陈新借局势争取权力。	有些难民分到粥食，军粮安排出现现场决定；长期迁民安置和所有款项合法性仍未知。	p16难民不再听演说而去排队，说明实际食物重于政治话术；旧p34不能证明普遍永久忠诚。	一句清官施恩会遮蔽难民需要、实际物资、官署权力和施助者自利之间的差别。	承认实物援助价值但不据此认可全部资源取得程序，不输出威吓实践。	SCOPED_CREDIBLE	STAGE0_B_ONLY_NO_V1_V2_V3_C_OR_SKILL
STAGE0:R019:v13-r019-wanming-246-candidate	v13-r019-wanming-246-candidate	R019	OEBPS/Text/Chapter_0257.xhtml	5203ae2b829f5223e67ea2570190007589ce818b0331747c5a41b4c217527f5c	p23	n246/p1-14,p15-27,p28-45	迟到的消息和空白的信息比主角的地图更加能推动事件。	城内人员担忧联络受阻，港口出现可见结冰，外地指挥层不得不重新考虑已有运送设想。	张东知道即时通讯有限，代正刚只知局部计划，陈新即使掌握整体信息也无法改变天气。	原海路计划遇到障碍，重排日程仍是预案而非最终已完成的行动。	p23为下级质疑，p12-20的冰封才是实证，p33-36主人公也承认环境可能推翻计算。	若由旁白宣布地图规划自动生效，将失去天气与各人信息差对事件的真实制约。	只研究文学中有限信息和非人力制约，不提供实用军事调度方式。	SCOPED_CREDIBLE	STAGE0_B_ONLY_NO_V1_V2_V3_C_OR_SKILL
STAGE0:R019:v13-r019-wanming-248-candidate	v13-r019-wanming-248-candidate	R019	OEBPS/Text/Chapter_0259.xhtml	949ec7bca56a48f4936b615afbde629ae2b3f367aa6880215965a92af83e7c86	p26	n248/p1-9,p10-26,p27-39,p40-52	从公文到亲历者的危险路程，信息传递本身成为因果链。	先布置发送消息，接着跟随信使承担受阻与疲惫，再转到接报者要决定是否改变原定节奏。	发送人有职责与私人性，主帅无法直接看见途中发生的一切，接收者对同一报告有不同利益考量。	至少一份重要消息确实到达，其他信使状况及后续计划成败并未全部证实。	旧p26只表达个人反应；p34-38揭示传信者的代价，p41-52是收到消息者新的选择。	若用信件瞬时到达来概括，作为事件因果一环的时间和信使本身都会消失。	仅讨论消息延误的叙事效果，不复述原书危险行动细节。	SCOPED_CREDIBLE	STAGE0_B_ONLY_NO_V1_V2_V3_C_OR_SKILL
STAGE0:R019:v13-r019-wanming-250-candidate	v13-r019-wanming-250-candidate	R019	OEBPS/Text/Chapter_0261.xhtml	21e4cb5267f977a046ad08bd267e8b169d5119cb05a17279639b0fb52f4d6155	p30	n250/p1-23,p24-43,p44-60	盟友的公开表态与实际索价差异明显，言辞成为信任试验。	在权势竞争中一名军官一再权衡是否改变合作立场，其公开称呼与实际安全利益持续变化。	王秉忠既看重回报又担忧家庭，竞争方也有目的，张东并不把对方当前答应当作可靠忠诚。	关系被压力重新界定，远处援助能否及时抵达不明，未来服从未得到验证。	旧p30只是事件急变，不是价格真正成交；p19-22有权衡，p59-60连主导者也担忧下一步。	若作者一句盟友可靠交代，外在表态和内在生存风险的断层便被抹平。	只研究口头承诺与现实利益差别，不将强制行为推广成管理手册。	SCOPED_CREDIBLE_NARROW	STAGE0_B_ONLY_NO_V1_V2_V3_C_OR_SKILL
STAGE0:R019:v13-r019-wanming-252-candidate	v13-r019-wanming-252-candidate	R019	OEBPS/Text/Chapter_0263.xhtml	148e57bd92d8b0f74c09598406b55d218048ef3aae92fa8832d65f6c3db83652	p27	n252/p1-24,p25-43,p44-53	失势者仍作选择，对手集团也未变成整齐统一的军队。	失利官员即使失去权力仍拒绝部分要求，新得势群体内部围绕财货、军纪和未来去路发生意见不同。	孙元化坚持自身判断，孔有德有旧恩与风险，李九成优先考虑集体生存和利益。	有人已改变权力位置，地方居民和胜方成员的利益分配却尚未稳定。	旧p27只写孙的公开拒绝；p5及p15-16还表明对方领导人意见与部属需求不统一。	若写失势者不再有意志、胜利者全然同心，就无法展示权力变化后继续存在的主体性。	不可将任一人物的道德自辩当作真实历史裁断。	SCOPED_CREDIBLE	STAGE0_B_ONLY_NO_V1_V2_V3_C_OR_SKILL
STAGE0:R019:v13-r019-wanming-255-candidate	v13-r019-wanming-255-candidate	R019	OEBPS/Text/Chapter_0266.xhtml	bed6438527d75c3b55fe63bc469fc22fdd2235ba98933b2afe3971fa608543b4	p29	n255/p1-15,p16-29,p30-45,p46-57	从败方的震惊揭示优势，避免主角先替读者宣布一切。	败势中的指挥者从感知异常到怀疑原估计，后段更大局势变化持续超出他当时所知。	李九成维护权力与退路，部众有各自求生动机，同伴掌握的信息并不一致。	局部认知已改变，远处力量及后果在章末仍不确定。	旧p29是人物推测不是全局已验证结果；p17-21才见旧经验遭到实际信息冲击。	若提前由主角讲完胜负，失利一方自己更新判断的视角价值就会消失。	只作为有限视角修正的案例，不输出战斗行动细节。	SCOPED_CREDIBLE	STAGE0_B_ONLY_NO_V1_V2_V3_C_OR_SKILL
STAGE0:R019:v13-r019-wanming-256-candidate	v13-r019-wanming-256-candidate	R019	OEBPS/Text/Chapter_0267.xhtml	636f712bd643444e8ca29bb96d2cb3a4fd15bea93dca9f9fd805cb14d2c0c050	p26	n256/p1-17,p18-35,p36-52	R017家庭线转入战场内心，人物不能被战绩数字收编。	关大弟在紧张现场见到同伴需要帮忙却无法停步，随后家庭记忆影响他的选择并与队伍脱节。	关的个人悲痛和恐惧并存，队长关心队形，普通人的人生无法压缩成单纯战果。	关作出情绪推动的决定，后段也面临缺少同伴支持的危险，结果未得到正面结清。	旧p26仅是新空间进入，p47-52才直接显示过往伤痛怎样使他偏离队伍约束。	只保留战绩统计会删除个人家庭生活进入现场的力量。	情绪因果并非行动责任免责，不能模仿具体危险场面。	SCOPED_CREDIBLE_REANCHOR	STAGE0_B_ONLY_NO_V1_V2_V3_C_OR_SKILL
STAGE0:R019:v13-r019-wanming-259-candidate	v13-r019-wanming-259-candidate	R019	OEBPS/Text/Chapter_0270.xhtml	72908bf4a1be2df816385d92e33148164568321f1501a75b17f9d7731fbb7ddb	p36	n259/p1-24,p25-44,p45-71	公文与人物心理并置，同一战乱出现互相矛盾的正式版本。	不同权力中心分别形成对同一局势有利于己的书面材料，签署情境各异。	吕直关注个人监军权限，陈新选择叙事口径，孙元化仍担忧自己职责和受损百姓。	文书实际形成，但各自被采用和涉及责任能否成立仍待后续。	p21表明一份文书大体符合事实又有选择性，p45-48另一份文件在压力下形成，不能轻判孰真孰假。	若只把某一份奏报当全知真相，签署条件和政治动机都从场面中消失。	审计书中证言来源而不认证外部史实或提供造假指南。	SCOPED_CREDIBLE	STAGE0_B_ONLY_NO_V1_V2_V3_C_OR_SKILL
STAGE0:R019:v13-r019-wanming-262-candidate	v13-r019-wanming-262-candidate	R019	OEBPS/Text/Chapter_0273.xhtml	516b8018326e23685a377858bf02903e2a3195ebff149a0d5ab2f974ae03edd8	p26	n262/p1-17,p18-30,p31-51	公开亲和与封闭话语反差让读者不轻信所呈文书。	公开亲善之后出现闭门问话，受访者在强权面前调整指控，转场又展示民政人员对上级声望的复杂看法。	王秉忠需要自保，陈掌握现场奖惩，刘民有并未拥有完整信息也仍试图保持判断。	有人提出新指控，不等于得到独立事实审查或公平程序认定。	旧p26是迎合话语，p19-25才展示答案如何在压力中出现，p45-51有亲近者不敢公开异议。	若只呈现主动检举，读者无法质疑证词与强势问话者之间的关系。	只做文学证据可信度分析，不能推广强迫供述行为。	SCOPED_CREDIBLE	STAGE0_B_ONLY_NO_V1_V2_V3_C_OR_SKILL
STAGE0:R019:v13-r019-wanming-263-candidate	v13-r019-wanming-263-candidate	R019	OEBPS/Text/Chapter_0274.xhtml	69b85013177f38d8c8e03bfeae0579fd931e5d8c7df3f7fe43525ea46006fc6c	p32	n263/p1-18,p19-48,p49-64	宏观银钱数目落为一件具体财物及失主，使产权进入现场。	大宗物资清理现场有人以私人财物标志提出返还要求，刘民有逐项核对部分物品。	现场清点者认为属于整体战利品，当事人关心个人财产权，刘偏向实物查明后归还。	某些可辨认物品得到返还，其余物资及所有人的申诉权未得到统一保障。	旧p32只是刘不信任工作人员，p19-22有实质申诉，p35-45才有物件具体证据。	只有财政总账，个人能否要回一件私产就无法被读者看见。	不能凭一件物品确定整批权属，更不能输出非法扣押办法。	SCOPED_CREDIBLE	STAGE0_B_ONLY_NO_V1_V2_V3_C_OR_SKILL
STAGE0:R019:v13-r019-wanming-265-candidate	v13-r019-wanming-265-candidate	R019	OEBPS/Text/Chapter_0276.xhtml	ab24a25d41148dbdaec670a893d69d8bf2d6cdb176108310b98d2e9333e5cd7d	p28	n265/p1-20,p21-33,p34-55	真实好处和程序不正当互为镜像，不能自动抵销。	县官在政治压力下答应协助土地处置，另一场民政人员确实开始统计能够救助灾民的实物。	官员关心自保，旧产权人不在场，流民可能受益但不懂取得程序；刘民有重点核算物资。	县令当场表示配合和物资清点真实发生，原权利人同意及依法转移尚未证明。	旧p28只证实个人财物问题在压力下被谈及，p19-33见名义地契与恐惧，p34后是另一场物资账。	只宣布获得土地用于救民就抹掉此前权利持有人不具备对等申诉空间。	利益与程序债务分账，R042历史隔离独立保留，禁止直接晋级。	SCOPED_CREDIBLE_WITH_R042	STAGE0_B_ONLY_NO_V1_V2_V3_C_OR_SKILL
STAGE0:R019:v13-r019-wanming-268-candidate	v13-r019-wanming-268-candidate	R019	OEBPS/Text/Chapter_0279.xhtml	75225d07cd330bc83894c8ad22cdde1f6e2411ce860c5e1bb8a46a4884552639	p28	n268/p1-24,p25-44,p45-56	家内喜事、人员福利、密室政治计划交错。	私人的家庭喜事之后出现对受制女性的安置争议，随后再切到其他高层事情。	管理者强调不同目标，王二丫关注支出，刘关心基本权益，当事人本身缺少可见的自由选择。	只有口头提出方案和反对意见，没有一项已验证完整自愿安置制度。	旧p28只是人群状态，p31-41才出现争执，管理能力不能证明所有处置意见均合伦理。	一句组织扩张顺利将抹掉弱势群体具体选择与人事效率的冲突。	不把不自由交易的想法当作管理建议，仅保留叙事伦理矛盾。	SCOPED_CREDIBLE_NARROW	STAGE0_B_ONLY_NO_V1_V2_V3_C_OR_SKILL
STAGE0:R019:v13-r019-wanming-270-candidate	v13-r019-wanming-270-candidate	R019	OEBPS/Text/Chapter_0281.xhtml	e2ed8cf1778e9bb5448f65a9cee50c7a45e323932dabcab0b2c161962978dd74	p28	n270/p1-20,p21-39,p40-55	库房具体加班疲惫转密室战略对话，突来急报破坏深信的安排。	基层财务清点连续加班后转到密集政治谋划，末尾急报推翻自信的既定期待。	老蔡与王二丫承担劳力消耗，宋在想朝廷风险，陈偏信自己方案，外部消息却独立变化。	清点在进行，预案仍是计划，末段新消息已经迫使众人重新估量。	旧p28是旅途所见，真正转折是p54-55，必须连读前p1-8才看到劳动与自信的对照。	只留高层机谋，就会缺少劳务具体消耗及突然转折造成的节奏变化。	新消息只能证明此刻既有预期受到挑战，不能从一次临时失算推定主角全部长期计划最终失败，也不能把口头方案写成已经执行。	SCOPED_CREDIBLE	STAGE0_B_ONLY_NO_V1_V2_V3_C_OR_SKILL
STAGE0:R019:v13-r019-wanming-272-candidate	v13-r019-wanming-272-candidate	R019	OEBPS/Text/Chapter_0284.xhtml	e5cf00c362522a7b14dd5f6a66fc5951fc14f50fc8a9640ef7b5d56ca5250fdc	p35	n272/p1-21,p22-45,p46-69	同室称呼与口气忽然转换，读者察觉正式报告不是中立记录。	客气接待突然转为另一种被强势者指定的正式口径，弱势者无法独立核验。	耿仲明和王秉忠担忧生存及官位，陈掌握叙事和场面解释权。	某些文字解释和指令已被要求接受，但朝廷是否认可未经验证。	旧p35只是接待对话，p46-47才有强制改变口径，p55-63展示申辩受限制。	若直接展示官方结论，会抹去其在不平等位置被制造的事实背景。	文学中评估证词来源，不复现胁迫与伤害实施过程。	SCOPED_CREDIBLE_REANCHOR	STAGE0_B_ONLY_NO_V1_V2_V3_C_OR_SKILL
STAGE0:R019:v13-r019-wanming-273-candidate	v13-r019-wanming-273-candidate	R019	OEBPS/Text/Chapter_0285.xhtml	5e65cf8862dd21659d88c7cd30e2e5e5de25dff152a7db6e7ffa965ac7f629b6	p33	n273/p1-19,p20-39,p40-65	密谋、营外家常和不安的帐目轮流切入，旧友信任裂缝逐步显影。	密闭议事、士兵私下谈家人与未来、民政账与心中不安依次切换。	高层有利益目标，士兵在意家庭，刘认可财物可济人但怀疑来路。	各组见闻成立，尚未完成资源合法性与真正民生保障的外部审计。	旧p33属于士兵讨论，p51-54刘多次有问题不愿直说，并非大家已形成完全信任。	只谈高层目标会丢失部下人生与财政良心，反之只谈家事则不见组织权力。	三段顺次接力，不能说彼此反复插切，且不要替他人证明真实动机。	SCOPED_CREDIBLE_SPLIT	STAGE0_B_ONLY_NO_V1_V2_V3_C_OR_SKILL
STAGE0:R019:v13-r019-wanming-274-candidate	v13-r019-wanming-274-candidate	R019	OEBPS/Text/Chapter_0286.xhtml	e998da6663663e3b89ddffa1750d6ef24222422a8a9eec88f6e78b338d13e432	p26	n274/p1-15,p16-30,p31-45,p46-51	好友之间不断被打断的问句，让未说出口的内容推进关系。	刘反复想问不透明旧事，陈以职位与钱粮话题接过，最后一个问题也没能形成完整解释。	刘明白资源对民生有益又有道德顾虑，陈保留其他任务，双方没共享全部决策。	机构商议已发生，核心旧事责任未曾被充分讨论。	p27疑问中断、p28转财务，p42-45再切，p48-51只触及另外人物结局。	如果由旁白宣布二人信任尽复，数次被中断的问句就失去叙事功能。	仅是阶段性回避，不可推定刘永久沉默或所有旧账不需要清理。	SCOPED_CREDIBLE	STAGE0_B_ONLY_NO_V1_V2_V3_C_OR_SKILL
STAGE0:R019:v13-r019-wanming-277-candidate	v13-r019-wanming-277-candidate	R019	OEBPS/Text/Chapter_0289.xhtml	59c7413a274bded2043b1da6a4b65d5afa2e27f6eda855de37ddb856b4ddbfbe	p29	n277/p1-22,p23-43,p44-57	粗汉的幽默对话意外变成发现人才的窗口，制度又针对性补漏洞。	受到处分的基层军官的一席抱怨使上级发现其经验，章末又出现新的、有争议的纪律禁令。	钟老四既能任事也轻视程序，上级承认缺乏持续人才发现办法，执纪方依旧关注权威。	个人观点得重视，但组织系统修复没有因一次对话就被证成。	旧p29是表扬，p40才识别制度缺口，p57新规则无法证明纪律改革已经奏效。	若只记喜剧识才，基层经验长期遭忽视与补丁制度仍有问题都会消失。	本章中上级加设的禁令缺乏后续效果验证，不能仅凭一次幽默性对话就当作可执行、合理、公正的现实人事管理制度。	SCOPED_CREDIBLE_NARROW	STAGE0_B_ONLY_NO_V1_V2_V3_C_OR_SKILL
STAGE0:R019:v13-r019-wanming-280-candidate	v13-r019-wanming-280-candidate	R019	OEBPS/Text/Chapter_0292.xhtml	a6d89f339473def1aef0334028dc8b044b91133c482675e68b97eb0fa1ed08b4	p27	n280/p1-20,p21-44,p45-53	有限视角跟随双方真实反应，章节结尾保留胜果和损失的后续账。	章内两边角色分别观察局部情况和有限优势，结尾对手仍在谋划下一步，而非战后结算。	朱国斌有自己的历史经历，陈虽想行动也有风险顾虑，对手同样存在独立选择。	局部形势已经变化，完整损失、战役终局及后续责任未在本章出现。	旧p27只是前线观察；p51-53是另一方新的即时决定，旧‘章末回收胜果损失账’超出正文。	把未结算情节写成全部结束就抹掉双方有限视角，但不能声称后续账已发生。	否定旧章末结算强判断，仅保留信息差和悬而未决的局部判断。	REJECT_OLD_RESOLUTION	STAGE0_B_ONLY_NO_V1_V2_V3_C_OR_SKILL
