case_id	candidate_id	candidate_origin	V1_precondition	frozen_commit	frozen_blob_sha	result_path	scene_chars	state_rows	criterion1	evidence1	criterion2	evidence2	criterion3	evidence3	criterion4	evidence4	passed_of_4	V2_disposition	remaining_limit	evaluated_by	V3	independent_C	skill_certified
TX-V2-01	TX-f03	OLD	PASS	36443c18448c1caf89d9fc9d1706b714a09c4716	78308e7acbe4863c76cd09a148727c526aeca795	v2/v2/results/TX-V2-01.json	230	4	PASS	旧票	PASS	确实有人清扫	PASS	不能代主管批准	PASS	次日交旧票样和费用明细	4	PASS_LIMITED_PAPER_WALKTHROUGH	议事处受理不等于已取得票价批准	SAME_AGENT_NONBLIND_SELF_ASSESSMENT	NOT_RUN	NOT_RUN	NO
TX-V2-02	TX-f04	OLD	PASS	36443c18448c1caf89d9fc9d1706b714a09c4716	78308e7acbe4863c76cd09a148727c526aeca795	v2/v2/results/TX-V2-02.json	219	4	PASS	荣誉主席	PASS	栈道管理会	PASS	陶姑自己带着货运时段	PASS	收回封路通知	4	PASS_LIMITED_PAPER_WALKTHROUGH	荣誉主席赞许不等于两机构签字	SAME_AGENT_NONBLIND_SELF_ASSESSMENT	NOT_RUN	NOT_RUN	NO
TX-V2-03	TX-f15	OLD	PASS	36443c18448c1caf89d9fc9d1706b714a09c4716	78308e7acbe4863c76cd09a148727c526aeca795	v2/v2/results/TX-V2-03.json	243	4	PASS	陪家人复诊	PASS	始终低头	PASS	会后单独说明	PASS	拟试一周	4	PASS_LIMITED_PAPER_WALKTHROUGH	一周新班表未启动也未评价长期效果	SAME_AGENT_NONBLIND_SELF_ASSESSMENT	NOT_RUN	NOT_RUN	NO
TX-V2-04	TX-p02	OLD	PASS	36443c18448c1caf89d9fc9d1706b714a09c4716	78308e7acbe4863c76cd09a148727c526aeca795	v2/v2/results/TX-V2-04.json	251	4	PASS	预约条例	PASS	读者编号	PASS	不能替馆员签字	PASS	明日上午一起核对	4	PASS_LIMITED_PAPER_WALKTHROUGH	口头预约不等于编号与签领完成	SAME_AGENT_NONBLIND_SELF_ASSESSMENT	NOT_RUN	NOT_RUN	NO
TX-V2-05	TX-p15	OLD	PASS	36443c18448c1caf89d9fc9d1706b714a09c4716	78308e7acbe4863c76cd09a148727c526aeca795	v2/v2/results/TX-V2-05.json	254	4	PASS	旧住户名册	PASS	流动摊主没有入册	PASS	天气变化也尚未确定	PASS	公房会提交场地建议	4	PASS_LIMITED_PAPER_WALKTHROUGH	旧名册与天气人数仍需核定	SAME_AGENT_NONBLIND_SELF_ASSESSMENT	NOT_RUN	NOT_RUN	NO
TX-V2-06	TX-p18	OLD	PASS	36443c18448c1caf89d9fc9d1706b714a09c4716	78308e7acbe4863c76cd09a148727c526aeca795	v2/v2/results/TX-V2-06.json	243	4	PASS	四周浇水表	PASS	在家照顾亲人	PASS	暂停待检	PASS	根部情况却尚未查看	4	PASS_LIMITED_PAPER_WALKTHROUGH	花苗根部未查，排班仍待协商	SAME_AGENT_NONBLIND_SELF_ASSESSMENT	NOT_RUN	NOT_RUN	NO
TX-V2-07	TX-f07	NEW	PASS_NARROW	36443c18448c1caf89d9fc9d1706b714a09c4716	78308e7acbe4863c76cd09a148727c526aeca795	v2/v2/results/TX-V2-07.json	239	4	PASS	场地必须改为北棚	PASS	旧方案、变更通知	PASS	祁宁主张直接把桌子搬过去	PASS	开幕是否举行	4	PASS_LIMITED_PAPER_WALKTHROUGH	北棚检查未知，变更尚未执行	SAME_AGENT_NONBLIND_SELF_ASSESSMENT	NOT_RUN	NOT_RUN	NO
TX-V2-08	TX-f14	NEW	PASS_NARROW	36443c18448c1caf89d9fc9d1706b714a09c4716	78308e7acbe4863c76cd09a148727c526aeca795	v2/v2/results/TX-V2-08.json	244	4	PASS	海边的潮季	PASS	工匠夏沅	PASS	施工顺序暂缓	PASS	展台仍未验收	4	PASS_LIMITED_PAPER_WALKTHROUGH	潮季调整尚未验收，熟工未到	SAME_AGENT_NONBLIND_SELF_ASSESSMENT	NOT_RUN	NOT_RUN	NO
TX-V2-09	TX-f17	NEW	PASS_NARROW	36443c18448c1caf89d9fc9d1706b714a09c4716	78308e7acbe4863c76cd09a148727c526aeca795	v2/v2/results/TX-V2-09.json	242	4	PASS	场务员罗槿提出	PASS	联络员唐鹤另提议	PASS	只能管理台内物品	PASS	新牌没有挂出	4	PASS_LIMITED_PAPER_WALKTHROUGH	街面许可与物品归属仍未确认	SAME_AGENT_NONBLIND_SELF_ASSESSMENT	NOT_RUN	NOT_RUN	NO
TX-V2-10	TX-p10	NEW	PASS_NARROW	36443c18448c1caf89d9fc9d1706b714a09c4716	78308e7acbe4863c76cd09a148727c526aeca795	v2/v2/results/TX-V2-10.json	248	4	PASS	印刷费从哪一项出	PASS	校对员宋溪	PASS	改成问题式	PASS	读者还没看到这一期	4	PASS_LIMITED_PAPER_WALKTHROUGH	刊物未发行且印刷费未批准	SAME_AGENT_NONBLIND_SELF_ASSESSMENT	NOT_RUN	NOT_RUN	NO
TX-V2-11	TX-p16	NEW	PASS_NARROW	36443c18448c1caf89d9fc9d1706b714a09c4716	78308e7acbe4863c76cd09a148727c526aeca795	v2/v2/results/TX-V2-11.json	244	4	PASS	停车区另归管理委员会	PASS	没有正式预报	PASS	苏凌建议先给参加者发通知	PASS	停车安排与天气都没有最终结论	4	PASS_LIMITED_PAPER_WALKTHROUGH	停车区许可及正式预报均未知	SAME_AGENT_NONBLIND_SELF_ASSESSMENT	NOT_RUN	NOT_RUN	NO
TX-V2-12	TX-p22	NEW	PASS_NARROW	36443c18448c1caf89d9fc9d1706b714a09c4716	78308e7acbe4863c76cd09a148727c526aeca795	v2/v2/results/TX-V2-12.json	247	4	PASS	担心下周附近学童买不起纸	PASS	是别人说的	PASS	没有任何可核对的证据	PASS	今天先按原价出售现有画本	4	PASS_LIMITED_PAPER_WALKTHROUGH	沿海缺纸消息未证且下一批供货未知	SAME_AGENT_NONBLIND_SELF_ASSESSMENT	NOT_RUN	NOT_RUN	NO
