source_locus	narrative_ordinal	paragraph_index	epub_path	chapter_sha256	paragraph_sha256	evidence_origin	verification	literary_status
n001/p44	1	44	OEBPS/Text/Chapter_0009.xhtml	319a67a7dea3efef9a4db71657a4e6860f5beaa7d4415b55ee8ba94215a5eaea	dc732bc979f08aa109c400795f759b616257a1ef4482310323a7a680f53ff3fc	STAGE0_OR_R042_PUBLIC_ANCHOR	PRIVATE_SHA_VERIFIED_PREVIOUS_OR_R043	B_PROVISIONAL_C_NOT_RUN
n022/p1	22	1	OEBPS/Text/Chapter_0030.xhtml	d059fe837355d827f1d530ed41b6c204d7f177d9a7ebc2970530b3b8b4fea89d	5d4602bd77cc03e59762099711861070d691c7cf732e38e9fddcc7ca5aa57ca0	STAGE0_OR_R042_PUBLIC_ANCHOR	PRIVATE_SHA_VERIFIED_PREVIOUS_OR_R043	B_PROVISIONAL_C_NOT_RUN
n034/p18	34	18	OEBPS/Text/Chapter_0042.xhtml	1c031ec8685f920cd13e122087941ce7dde46c8da5e6eba0280adb8e10504f3d	f7f155a534d6837bc465543539dd89184776fa83b069ae582cb7e6e566248820	STAGE0_OR_R042_PUBLIC_ANCHOR	PRIVATE_SHA_VERIFIED_PREVIOUS_OR_R043	B_PROVISIONAL_C_NOT_RUN
n052/p28	52	28	OEBPS/Text/Chapter_0061.xhtml	60d6e53bc49e28ab28727b0370e148b7f627d9503d6edd91ddf29b36ebcae514	4844de8fe480a3cc387886ff3d3d9eb3bf4a6adeb0bfc824e5b2953516e0b26c	STAGE0_OR_R042_PUBLIC_ANCHOR	PRIVATE_SHA_VERIFIED_PREVIOUS_OR_R043	B_PROVISIONAL_C_NOT_RUN
n070/p36	70	36	OEBPS/Text/Chapter_0079.xhtml	7f3c25645585fec090c66ddbf46990df8a66674a9550b18f3915f71d08391ef6	88c01a9f9d84b84c6b3c090dce99a9a01c8f33b726c2a7450bb16ff9113c12e5	STAGE0_OR_R042_PUBLIC_ANCHOR	PRIVATE_SHA_VERIFIED_PREVIOUS_OR_R043	B_PROVISIONAL_C_NOT_RUN
n085/p25	85	25	OEBPS/Text/Chapter_0094.xhtml	b32a916712bcb8bf45e698cd28750e6384303ce1e0ed564af2ef15cdcbce932c	4b3f14f6394dde68f69b8b15f431433f9f6bc9cbcbafd28ed9ac3b9c94b6e4e9	STAGE0_OR_R042_PUBLIC_ANCHOR	PRIVATE_SHA_VERIFIED_PREVIOUS_OR_R043	B_PROVISIONAL_C_NOT_RUN
n089/p1	89	1	OEBPS/Text/Chapter_0098.xhtml	4803147d3f0d7232e2a3b93649a13c12f11fb7839ded3f7c9a9d7431c7e535c3	4db142282af87a0cb604ad87a5e09e764aba95d9d52b82c1885ae1a17460b5ed	R043_PRIVATE_XHTML_RECHECK	PRIVATE_SHA_VERIFIED_PREVIOUS_OR_R043	B_PROVISIONAL_C_NOT_RUN
n089/p18	89	18	OEBPS/Text/Chapter_0098.xhtml	4803147d3f0d7232e2a3b93649a13c12f11fb7839ded3f7c9a9d7431c7e535c3	5197922bd491e3bacab9c96eb919ca2ac63387f793150a37b6f2871b58a565e4	R043_PRIVATE_XHTML_RECHECK	PRIVATE_SHA_VERIFIED_PREVIOUS_OR_R043	B_PROVISIONAL_C_NOT_RUN
n089/p26	89	26	OEBPS/Text/Chapter_0098.xhtml	4803147d3f0d7232e2a3b93649a13c12f11fb7839ded3f7c9a9d7431c7e535c3	9b5039b63726ba93f2d8bf8c26edf62d62da84884464cbbebf266e7ab375fc30	R043_PRIVATE_XHTML_RECHECK	PRIVATE_SHA_VERIFIED_PREVIOUS_OR_R043	B_PROVISIONAL_C_NOT_RUN
n099/p18	99	18	OEBPS/Text/Chapter_0108.xhtml	a393e9bd251f71ae58b7335cd7453b5ac23e840ef4d3068c5b0ece8dd2784fe8	11222cf921c616bfaba4ac5b80356a2292d83ba3839918e319a75704e336ab81	STAGE0_OR_R042_PUBLIC_ANCHOR	PRIVATE_SHA_VERIFIED_PREVIOUS_OR_R043	B_PROVISIONAL_C_NOT_RUN
n106/p1	106	1	OEBPS/Text/Chapter_0116.xhtml	0d62a12f86f6e494af39abee9e3485b0e46d957a471d6cf1252bcaf75ec29cf5	945ccdc0f7e40feefcad464591b2f9f4a68b519dac166eace1ab7301aef351f3	STAGE0_OR_R042_PUBLIC_ANCHOR	PRIVATE_SHA_VERIFIED_PREVIOUS_OR_R043	B_PROVISIONAL_C_NOT_RUN
n111/p1	111	1	OEBPS/Text/Chapter_0121.xhtml	f42e350ca597f4f996fd86ff1c34f967e87dd0cc86dbb195149be04022508d9a	63758768664d0c38867bfa3c5474277f389aee2b9f387d288e5fdb46dad29303	R043_PRIVATE_XHTML_RECHECK	PRIVATE_SHA_VERIFIED_PREVIOUS_OR_R043	B_PROVISIONAL_C_NOT_RUN
n140/p36	140	36	OEBPS/Text/Chapter_0150.xhtml	ecc996a3ff4d95ff2e2f7749a5116a6ac52ab181070f3dcc03c0299c6fe44e28	b9a5749e650d4aa4a50a6d33547fc8a6e8d55e7aef981cf02acb2149a99bb609	STAGE0_OR_R042_PUBLIC_ANCHOR	PRIVATE_SHA_VERIFIED_PREVIOUS_OR_R043	B_PROVISIONAL_C_NOT_RUN
n143/p49	143	49	OEBPS/Text/Chapter_0153.xhtml	9918d12bdb5a07a4f268fa6418152be2e2232b5c57f7c6a455d9e43cc4b55986	fb317e2f364520464ed7af2e3280335a46bb13a637b9610ae7d7f255160fcaf6	STAGE0_OR_R042_PUBLIC_ANCHOR	PRIVATE_SHA_VERIFIED_PREVIOUS_OR_R043	B_PROVISIONAL_C_NOT_RUN
n143/p52	143	52	OEBPS/Text/Chapter_0153.xhtml	9918d12bdb5a07a4f268fa6418152be2e2232b5c57f7c6a455d9e43cc4b55986	04011dc85f2650c5c1b53704a18b3b889ca13df9b04f11f0fff7ae8950e5b78e	STAGE0_OR_R042_PUBLIC_ANCHOR	PRIVATE_SHA_VERIFIED_PREVIOUS_OR_R043	B_PROVISIONAL_C_NOT_RUN
n143/p53	143	53	OEBPS/Text/Chapter_0153.xhtml	9918d12bdb5a07a4f268fa6418152be2e2232b5c57f7c6a455d9e43cc4b55986	d63bc240c4074339f81b61ceeb749a1445e232af5f4d7f0d60ad2716a3d35d35	STAGE0_OR_R042_PUBLIC_ANCHOR	PRIVATE_SHA_VERIFIED_PREVIOUS_OR_R043	B_PROVISIONAL_C_NOT_RUN
n143/p55	143	55	OEBPS/Text/Chapter_0153.xhtml	9918d12bdb5a07a4f268fa6418152be2e2232b5c57f7c6a455d9e43cc4b55986	140b8655c18a54c7938b3217a93f12552b663fcd00437af33f766b31f6d10430	STAGE0_OR_R042_PUBLIC_ANCHOR	PRIVATE_SHA_VERIFIED_PREVIOUS_OR_R043	B_PROVISIONAL_C_NOT_RUN
n155/p52	155	52	OEBPS/Text/Chapter_0165.xhtml	c06adc50cd42bf0bd5c797e547aab721b782413cf9ddde3591ff6c76f319e7b8	1bf41d021a380d9d0df125a7174df0353ec9fe1604adcb14247f968985afe66b	STAGE0_OR_R042_PUBLIC_ANCHOR	PRIVATE_SHA_VERIFIED_PREVIOUS_OR_R043	B_PROVISIONAL_C_NOT_RUN
n166/p30	166	30	OEBPS/Text/Chapter_0177.xhtml	6161dcd3f2d0e3915c3a9e7e58b7e549df54e1fe4fbfcd7bbcf068168643c0dd	93406ff4959f227fb1f9080156b8b12f954db28440b2ff42d32afea51d6a4d5f	STAGE0_OR_R042_PUBLIC_ANCHOR	PRIVATE_SHA_VERIFIED_PREVIOUS_OR_R043	B_PROVISIONAL_C_NOT_RUN
n220/p35	220	35	OEBPS/Text/Chapter_0231.xhtml	443884d929269f8af94b39bff183aa774689495483842d412b7a6fd37eaac5bb	2cba547f937207ca1bc92ce3c517139b35d0a6747d680270344cf18d867fd474	STAGE0_OR_R042_PUBLIC_ANCHOR	PRIVATE_SHA_VERIFIED_PREVIOUS_OR_R043	B_PROVISIONAL_C_NOT_RUN
n220/p42	220	42	OEBPS/Text/Chapter_0231.xhtml	443884d929269f8af94b39bff183aa774689495483842d412b7a6fd37eaac5bb	1dedf860fe94b2d9bed7540e44ce39b860cc719b001f2db131371d84002c2950	STAGE0_OR_R042_PUBLIC_ANCHOR	PRIVATE_SHA_VERIFIED_PREVIOUS_OR_R043	B_PROVISIONAL_C_NOT_RUN
n248/p35	248	35	OEBPS/Text/Chapter_0259.xhtml	949ec7bca56a48f4936b615afbde629ae2b3f367aa6880215965a92af83e7c86	229e13792511f4bd9caeae9c3e59e5c5b4c2d166d737fadab7cef4f9ea5a6111	R043_PRIVATE_XHTML_RECHECK	PRIVATE_SHA_VERIFIED_PREVIOUS_OR_R043	B_PROVISIONAL_C_NOT_RUN
n265/p21	265	21	OEBPS/Text/Chapter_0276.xhtml	ab24a25d41148dbdaec670a893d69d8bf2d6cdb176108310b98d2e9333e5cd7d	a11283a041168bf369bfb20e9aaddeca034a90e433e00389c54e8144bf435297	STAGE0_OR_R042_PUBLIC_ANCHOR	PRIVATE_SHA_VERIFIED_PREVIOUS_OR_R043	B_PROVISIONAL_C_NOT_RUN
n265/p29	265	29	OEBPS/Text/Chapter_0276.xhtml	ab24a25d41148dbdaec670a893d69d8bf2d6cdb176108310b98d2e9333e5cd7d	2d61867ddecc15e9f12ae19b5913549816fa48a4ed1033b50387afeb61bc9cee	STAGE0_OR_R042_PUBLIC_ANCHOR	PRIVATE_SHA_VERIFIED_PREVIOUS_OR_R043	B_PROVISIONAL_C_NOT_RUN
n297/p1	297	1	OEBPS/Text/Chapter_0309.xhtml	777b608aee3cfdcdd540acf0efdfa17cc2d169ee0a25837e825ab84822d80c2d	88f62cfa1566160c1b5b4eb47625be032406057910f9ca503d0631d2def03b7d	STAGE0_OR_R042_PUBLIC_ANCHOR	PRIVATE_SHA_VERIFIED_PREVIOUS_OR_R043	B_PROVISIONAL_C_NOT_RUN
n305/p29	305	29	OEBPS/Text/Chapter_0317.xhtml	519b05f9df07bcbbd2b61be5cc04c7332354e4201bf675b3e25b5d118d054911	a7188208d41318a073bd234dbffed5ba43a55e9026ced637b290955a739e282b	STAGE0_OR_R042_PUBLIC_ANCHOR	PRIVATE_SHA_VERIFIED_PREVIOUS_OR_R043	B_PROVISIONAL_C_NOT_RUN
n305/p32	305	32	OEBPS/Text/Chapter_0317.xhtml	519b05f9df07bcbbd2b61be5cc04c7332354e4201bf675b3e25b5d118d054911	9646c8af164cb708d0e4d0b98803de39827b2439d26eb322a820b9d2aee7ad3c	STAGE0_OR_R042_PUBLIC_ANCHOR	PRIVATE_SHA_VERIFIED_PREVIOUS_OR_R043	B_PROVISIONAL_C_NOT_RUN
n305/p35	305	35	OEBPS/Text/Chapter_0317.xhtml	519b05f9df07bcbbd2b61be5cc04c7332354e4201bf675b3e25b5d118d054911	902e54d20334fbcaf8cfac2eef4389ca12b972b4b0e325da7a76c1c2b235e1d1	STAGE0_OR_R042_PUBLIC_ANCHOR	PRIVATE_SHA_VERIFIED_PREVIOUS_OR_R043	B_PROVISIONAL_C_NOT_RUN
n305/p36	305	36	OEBPS/Text/Chapter_0317.xhtml	519b05f9df07bcbbd2b61be5cc04c7332354e4201bf675b3e25b5d118d054911	70b42c8564266a4fdba7e33108582cbdfe9514a67584f7d628b1d0e72bffd099	STAGE0_OR_R042_PUBLIC_ANCHOR	PRIVATE_SHA_VERIFIED_PREVIOUS_OR_R043	B_PROVISIONAL_C_NOT_RUN
n338/p40	338	40	OEBPS/Text/Chapter_0350.xhtml	afb93419d6ad05b5154435dd8f1fd1a9e6631e6140d7c08c6b9356f890a73c51	5cf7881c4986a8378a15b9ae9ded471e8078565f2d677a80d12cefa47823d55b	R043_PRIVATE_XHTML_RECHECK	PRIVATE_SHA_VERIFIED_PREVIOUS_OR_R043	B_PROVISIONAL_C_NOT_RUN
n339/p10	339	10	OEBPS/Text/Chapter_0351.xhtml	ec673060a134d69da20061154ca496ce530a08f9d6a96418e6b33dea784a45b0	222f5e60d8b2d99f49f979def7d3e8e41627f28ef5bc85635bd3ff715b63be3f	STAGE0_OR_R042_PUBLIC_ANCHOR	PRIVATE_SHA_VERIFIED_PREVIOUS_OR_R043	B_PROVISIONAL_C_NOT_RUN
n339/p31	339	31	OEBPS/Text/Chapter_0351.xhtml	ec673060a134d69da20061154ca496ce530a08f9d6a96418e6b33dea784a45b0	9e341db1bef9ba92bf004e8bd0c506ea7b6b4911ee585bdfd113f045db61645f	STAGE0_OR_R042_PUBLIC_ANCHOR	PRIVATE_SHA_VERIFIED_PREVIOUS_OR_R043	B_PROVISIONAL_C_NOT_RUN
n339/p36	339	36	OEBPS/Text/Chapter_0351.xhtml	ec673060a134d69da20061154ca496ce530a08f9d6a96418e6b33dea784a45b0	8cd35b5e808a54437042bf30a2b0d1303ffe2a3cc0030736934c676f2b57f6c5	STAGE0_OR_R042_PUBLIC_ANCHOR	PRIVATE_SHA_VERIFIED_PREVIOUS_OR_R043	B_PROVISIONAL_C_NOT_RUN
n339/p9	339	9	OEBPS/Text/Chapter_0351.xhtml	ec673060a134d69da20061154ca496ce530a08f9d6a96418e6b33dea784a45b0	39c25781f8c7c6d342681782f1050cf4d90bbd4f1ca6f240694317eb71829a58	STAGE0_OR_R042_PUBLIC_ANCHOR	PRIVATE_SHA_VERIFIED_PREVIOUS_OR_R043	B_PROVISIONAL_C_NOT_RUN
n345/p29	345	29	OEBPS/Text/Chapter_0357.xhtml	5deebf33d48ff03c0edf10f208914a6b21cb585bb1240e42aedc021abd7e7f5a	36c625f4708704e31be06495947dfd0561073688f22c8b60cc44442baa0f2771	STAGE0_OR_R042_PUBLIC_ANCHOR	PRIVATE_SHA_VERIFIED_PREVIOUS_OR_R043	B_PROVISIONAL_C_NOT_RUN
n390/p25	390	25	OEBPS/Text/Chapter_0402.xhtml	4f0e434170a56c7b52006f3007822b12eaace13b638129be1b23344ed17684cf	e50546790e54be097eb4c7cc65822512b758e48eaa9021be4763efbd70db355f	R043_PRIVATE_XHTML_RECHECK	PRIVATE_SHA_VERIFIED_PREVIOUS_OR_R043	B_PROVISIONAL_C_NOT_RUN
n425/p27	425	27	OEBPS/Text/Chapter_0437.xhtml	b40f65184ce992d67c512d6df1a6e1b8a555ad85def69b1220d98ca5d804b33e	d35fdb4e46948458771753d24abb0cc32dada55103757e4f059688b627382f75	STAGE0_OR_R042_PUBLIC_ANCHOR	PRIVATE_SHA_VERIFIED_PREVIOUS_OR_R043	B_PROVISIONAL_C_NOT_RUN
n437/p29	437	29	OEBPS/Text/Chapter_0449.xhtml	d0cd35657f6fd936cb6cf843703edfb4c8e34ad0fe9ae121cea0bedd668cb883	692d793b8239c32dc9237b219834a69281a2c8d6e7647b2debe89af32fad65d9	R043_PRIVATE_XHTML_RECHECK	PRIVATE_SHA_VERIFIED_PREVIOUS_OR_R043	B_PROVISIONAL_C_NOT_RUN
n437/p6	437	6	OEBPS/Text/Chapter_0449.xhtml	d0cd35657f6fd936cb6cf843703edfb4c8e34ad0fe9ae121cea0bedd668cb883	a190f5ea8ed3d250ca2f942c4e79d8720ed2b0ec5b68d745a424665c62b9b69b	R043_PRIVATE_XHTML_RECHECK	PRIVATE_SHA_VERIFIED_PREVIOUS_OR_R043	B_PROVISIONAL_C_NOT_RUN
n468/p44	468	44	OEBPS/Text/Chapter_0480.xhtml	bfdde18a22a7aca734f59e1fca1721752691af6dd55719456aa5254a807c1900	fd32e4044278cfb816f8cfcec2e350ff84d0241cb4937b5cd10f7db26a317b95	STAGE0_OR_R042_PUBLIC_ANCHOR	PRIVATE_SHA_VERIFIED_PREVIOUS_OR_R043	B_PROVISIONAL_C_NOT_RUN
n482/p15	482	15	OEBPS/Text/Chapter_0494.xhtml	febbf21453cf49cac2a8c30f3b823d745652d5a85246e7588f1138257caad96f	0901226ce209b5932055abe7d0c021d09c331a7ef64491cfd60f34ad4b38cb89	R043_PRIVATE_XHTML_RECHECK	PRIVATE_SHA_VERIFIED_PREVIOUS_OR_R043	B_PROVISIONAL_C_NOT_RUN
n482/p9	482	9	OEBPS/Text/Chapter_0494.xhtml	febbf21453cf49cac2a8c30f3b823d745652d5a85246e7588f1138257caad96f	bbecbb772294e558cea14e6894c36bd99a2553fc48924fff7e2ebc1e23ca834d	R043_PRIVATE_XHTML_RECHECK	PRIVATE_SHA_VERIFIED_PREVIOUS_OR_R043	B_PROVISIONAL_C_NOT_RUN
n488/p2	488	2	OEBPS/Text/Chapter_0501.xhtml	ab2671a8071a7ab51c8f73587d5f22c26ff2c55ca9f28b43181541367249e8ef	8202e084d0a4a546ac7ef7b84945b7012cff0ed27be12af1b0f10d16a8e56416	R043_PRIVATE_XHTML_RECHECK	PRIVATE_SHA_VERIFIED_PREVIOUS_OR_R043	B_PROVISIONAL_C_NOT_RUN
n494/p17	494	17	OEBPS/Text/Chapter_0507.xhtml	57db54b80c33c2c6ccde23f69dcedaeceb0b43b76f156fe0ca117023733e8337	940614784344eb874131add18072a20a1b17d9a50faadb3bcd4491388b62a963	STAGE0_OR_R042_PUBLIC_ANCHOR	PRIVATE_SHA_VERIFIED_PREVIOUS_OR_R043	B_PROVISIONAL_C_NOT_RUN
n514/p34	514	34	OEBPS/Text/Chapter_0527.xhtml	8451728bd3a7053687c9cef17b88ec13d86f038ab7bd269dcfff1d0ce76b5b61	0557c54a43c46bc62b1e4fe0deb7fa14027aa0d5ec6de3effcc72c087a14d403	STAGE0_OR_R042_PUBLIC_ANCHOR	PRIVATE_SHA_VERIFIED_PREVIOUS_OR_R043	B_PROVISIONAL_C_NOT_RUN
n519/p69	519	69	OEBPS/Text/Chapter_0532.xhtml	c46bf35ff4b49cb11a298947407a57fc06241b2bed69946959855965b72be848	47bc2e692b35492d4dec580f3e09c70e7ecd4eff42e5220ab375a6862ad50026	STAGE0_OR_R042_PUBLIC_ANCHOR	PRIVATE_SHA_VERIFIED_PREVIOUS_OR_R043	B_PROVISIONAL_C_NOT_RUN
n519/p70	519	70	OEBPS/Text/Chapter_0532.xhtml	c46bf35ff4b49cb11a298947407a57fc06241b2bed69946959855965b72be848	3dae2e05ae96f6f3e152a7fee0802f9a86fc0f010840f037d18ea3354551a6c3	STAGE0_OR_R042_PUBLIC_ANCHOR	PRIVATE_SHA_VERIFIED_PREVIOUS_OR_R043	B_PROVISIONAL_C_NOT_RUN
n520/p17	520	17	OEBPS/Text/Chapter_0533.xhtml	f78f0c510c9730e625601ab6ae7c60ea3184be98727d38a204b45c4283c05187	1744f737b7598c3f1061e4e23037eb9aa84d4b8ac3388d9c63b8f1ace7d0a0ef	STAGE0_OR_R042_PUBLIC_ANCHOR	PRIVATE_SHA_VERIFIED_PREVIOUS_OR_R043	B_PROVISIONAL_C_NOT_RUN
n529/p38	529	38	OEBPS/Text/Chapter_0542.xhtml	b77e33fa526d611db4fb62b7728e994c291837b990f2ce030b98b40e4c3e0789	6714c07645a9ea3c4caf3d8015887b5b1572b8eeed2c0bc8883fab1075128997	R043_PRIVATE_XHTML_RECHECK	PRIVATE_SHA_VERIFIED_PREVIOUS_OR_R043	B_PROVISIONAL_C_NOT_RUN
n529/p40	529	40	OEBPS/Text/Chapter_0542.xhtml	b77e33fa526d611db4fb62b7728e994c291837b990f2ce030b98b40e4c3e0789	2a09365bdda75bc96fe843ffde1e48a0962804e94ee144316049ff1d34b98987	R043_PRIVATE_XHTML_RECHECK	PRIVATE_SHA_VERIFIED_PREVIOUS_OR_R043	B_PROVISIONAL_C_NOT_RUN
n530/p1	530	1	OEBPS/Text/Chapter_0543.xhtml	d5c86944105c18d9fbe4bec7350f290bfbc1c186806b5244cbe2ead4d8724d50	7335dd20ef16cfc980f308b6b55bfede8d4b3e35010eda6cbb0b7d057b6e58ef	STAGE0_OR_R042_PUBLIC_ANCHOR	PRIVATE_SHA_VERIFIED_PREVIOUS_OR_R043	B_PROVISIONAL_C_NOT_RUN
n540/p33	540	33	OEBPS/Text/Chapter_0553.xhtml	674e8cc0ec4be09e306f995d9675ebb3e0d2782d8fb8b43a2977ed6f0d1d2fd9	12b74ece6dbc7a41de1f9bb7275fa827531fcf08871f22eb6e0d2abea49a5354	STAGE0_OR_R042_PUBLIC_ANCHOR	PRIVATE_SHA_VERIFIED_PREVIOUS_OR_R043	B_PROVISIONAL_C_NOT_RUN
n556/p3	556	3	OEBPS/Text/Chapter_0569.xhtml	7591352bdbbe68b51e5567c3b38b6b94013a375a069bcbe010509bdb664f1156	4d4f1f673be906531a54fe3a2b20fa6cf9c9d43ca7beed4f05743bd33d88e665	STAGE0_OR_R042_PUBLIC_ANCHOR	PRIVATE_SHA_VERIFIED_PREVIOUS_OR_R043	B_PROVISIONAL_C_NOT_RUN
n561/p45	561	45	OEBPS/Text/Chapter_0574.xhtml	30d28f3aa98f9fab3933f368c6fc8e18185a39f2b318889ab2772c0fc32927e9	a9916d5cd382aab36bdaa75fe9dab66abe3d903fc94ff29ee735c868996eafd8	R043_PRIVATE_XHTML_RECHECK	PRIVATE_SHA_VERIFIED_PREVIOUS_OR_R043	B_PROVISIONAL_C_NOT_RUN
n569/p21	569	21	OEBPS/Text/Chapter_0582.xhtml	716a46cbeb33a9a6f01ba9a9a754f1eda0befa49626df3a6a6418e542925dfb5	5456ab6bea66c5a9957a865ee29cc5e32411b5aeb5c4835b4ee762ebae909f34	STAGE0_OR_R042_PUBLIC_ANCHOR	PRIVATE_SHA_VERIFIED_PREVIOUS_OR_R043	B_PROVISIONAL_C_NOT_RUN
n571/p25	571	25	OEBPS/Text/Chapter_0584.xhtml	9d3cd9d36cb01167c5d8a53edfb4a485dca3c62a8c39a78d95489b4c3432d701	f49b9d44c26ad34d651545251e31816af5e4d03cd970b388b16e6e1b66418ab7	R043_PRIVATE_XHTML_RECHECK	PRIVATE_SHA_VERIFIED_PREVIOUS_OR_R043	B_PROVISIONAL_C_NOT_RUN
n571/p5	571	5	OEBPS/Text/Chapter_0584.xhtml	9d3cd9d36cb01167c5d8a53edfb4a485dca3c62a8c39a78d95489b4c3432d701	e78cbacad9d47b59e78ac3fa548e63dd39a50bd84d36b33a2e02f3192776a0d4	STAGE0_OR_R042_PUBLIC_ANCHOR	PRIVATE_SHA_VERIFIED_PREVIOUS_OR_R043	B_PROVISIONAL_C_NOT_RUN
