term_id	term	original_epub_exact_substring_occurrences	narrative_chapters_with_hit	census_basis	definition_claim_status
g01	卫所	146	68	ALL_571_NARRATIVE_EPUB_BODY_PARAGRAPHS_EXACT_SUBSTRING	NO_EXPLICIT_AUTHOR_DEFINITION_CLAIMED
g02	官身	22	16	ALL_571_NARRATIVE_EPUB_BODY_PARAGRAPHS_EXACT_SUBSTRING	NO_EXPLICIT_AUTHOR_DEFINITION_CLAIMED
g03	军户	219	88	ALL_571_NARRATIVE_EPUB_BODY_PARAGRAPHS_EXACT_SUBSTRING	NO_EXPLICIT_AUTHOR_DEFINITION_CLAIMED
g04	文登营	1319	206	ALL_571_NARRATIVE_EPUB_BODY_PARAGRAPHS_EXACT_SUBSTRING	NO_EXPLICIT_AUTHOR_DEFINITION_CLAIMED
g05	登州镇	1503	271	ALL_571_NARRATIVE_EPUB_BODY_PARAGRAPHS_EXACT_SUBSTRING	NO_EXPLICIT_AUTHOR_DEFINITION_CLAIMED
g06	军功	140	85	ALL_571_NARRATIVE_EPUB_BODY_PARAGRAPHS_EXACT_SUBSTRING	NO_EXPLICIT_AUTHOR_DEFINITION_CLAIMED
g07	屯堡	597	143	ALL_571_NARRATIVE_EPUB_BODY_PARAGRAPHS_EXACT_SUBSTRING	NO_EXPLICIT_AUTHOR_DEFINITION_CLAIMED
g08	屯长	93	33	ALL_571_NARRATIVE_EPUB_BODY_PARAGRAPHS_EXACT_SUBSTRING	NO_EXPLICIT_AUTHOR_DEFINITION_CLAIMED
g09	商社	438	123	ALL_571_NARRATIVE_EPUB_BODY_PARAGRAPHS_EXACT_SUBSTRING	NO_EXPLICIT_AUTHOR_DEFINITION_CLAIMED
g10	牙行	62	19	ALL_571_NARRATIVE_EPUB_BODY_PARAGRAPHS_EXACT_SUBSTRING	NO_EXPLICIT_AUTHOR_DEFINITION_CLAIMED
g11	民事部	100	51	ALL_571_NARRATIVE_EPUB_BODY_PARAGRAPHS_EXACT_SUBSTRING	NO_EXPLICIT_AUTHOR_DEFINITION_CLAIMED
g12	军饷	135	82	ALL_571_NARRATIVE_EPUB_BODY_PARAGRAPHS_EXACT_SUBSTRING	NO_EXPLICIT_AUTHOR_DEFINITION_CLAIMED
g13	陪审	30	4	ALL_571_NARRATIVE_EPUB_BODY_PARAGRAPHS_EXACT_SUBSTRING	NO_EXPLICIT_AUTHOR_DEFINITION_CLAIMED
g14	试点	13	8	ALL_571_NARRATIVE_EPUB_BODY_PARAGRAPHS_EXACT_SUBSTRING	NO_EXPLICIT_AUTHOR_DEFINITION_CLAIMED
g15	塘报	70	42	ALL_571_NARRATIVE_EPUB_BODY_PARAGRAPHS_EXACT_SUBSTRING	NO_EXPLICIT_AUTHOR_DEFINITION_CLAIMED
g16	工坊	206	81	ALL_571_NARRATIVE_EPUB_BODY_PARAGRAPHS_EXACT_SUBSTRING	NO_EXPLICIT_AUTHOR_DEFINITION_CLAIMED
g17	评书	49	20	ALL_571_NARRATIVE_EPUB_BODY_PARAGRAPHS_EXACT_SUBSTRING	NO_EXPLICIT_AUTHOR_DEFINITION_CLAIMED
g18	情报	632	191	ALL_571_NARRATIVE_EPUB_BODY_PARAGRAPHS_EXACT_SUBSTRING	NO_EXPLICIT_AUTHOR_DEFINITION_CLAIMED
