source_locus	paragraph_sha256
n010/p29	4ffa09d3b4109291f722c34e09377aabc53420f3c3dda71e7100ce816dcab4ed
n010/p39	a5d26bfcca3e0f0adcc2074203ed6aaeaee2a29f4324806e9bb3a83375789302
n061/p47	664603bc43ee3ceba5414554609d0ba50de2b0841f92910ac04f87e0984e115e
n061/p49	7e8820ce17c832811bd4c577b0df21e3065ac8b527ba7ac3e9c237e62b455048
n061/p50	9abf4495c678a60b045fd6672ee6317007aab7b5f235b60e6b6ba639d1f19656
n064/p41	3700f8ddb74c6c375e919c87568cd44f45d2c476bec77b53d3254f779f1ce4d5
n064/p45	c9e1c50104f5fcb830a6c5bc5694b2dfddcab25dfa73fffac05aeab86c4349ad
n064/p46	d2e3eaa1740d9aea3720b9d2d8528f4e07462a5f1fa1893de3ae43ad3f521a43
n080/p30	f3f87cef95d622c43e9194d194b9369252e9ed559b0e22a3134db3424aae9a7b
n080/p34	deecf81f7237d29d45ce1064a561a4b4f8d0aabd73d10aec1298cafa9a99757d
n080/p36	166a1e9c4405db602bd62aae79ac5bc49ebea573a7d2b16143aa63f985565434
n085/p25	4b3f14f6394dde68f69b8b15f431433f9f6bc9cbcbafd28ed9ac3b9c94b6e4e9
n085/p27	a99a1b02789a806b6c8a509589900c12d2cd72be97face49fc2b5de826efc3c9
n085/p29	3615fdaceb7a0b780d47247c010ffa14767cdb8b01694ee092ef4782462454b4
n099/p17	7fbc253ee5001d73ac6e658592ff8f5661871bfbfb5bb0f3c5f6399f23b1ff97
n099/p18	11222cf921c616bfaba4ac5b80356a2292d83ba3839918e319a75704e336ab81
n099/p19	6b9352b8bc0f1374ee82c4ab34f37f0dbfeb448e1a73aadc95d3e275945c7daa
n140/p29	bbac4fc06b5cb98535d0ea7050034e242013917be73d946693e05449b5db8992
n140/p30	ed4e58a1c5bd3e53dd32a5f133be8ee0674fb92ffdc9df076137e70cb48febcb
n140/p36	b9a5749e650d4aa4a50a6d33547fc8a6e8d55e7aef981cf02acb2149a99bb609
n155/p28	d49811338607d3d31496378745a3197060b7829ec95c8015c5cb3e9549389aa0
n155/p30	50a6cb06d448cdc08871729ef62d7f62473799da1f105bca1035ee70d4759338
n265/p19	8bc161ee474fabe483fee9953e585076083dc4f6624aca2fb7cc8c0cf35d8a43
n265/p21	a11283a041168bf369bfb20e9aaddeca034a90e433e00389c54e8144bf435297
n265/p22	20ee06a3fe1581555fabf85092f809bcecfcf727cca09d63e31cd3f116e3a965
n265/p29	2d61867ddecc15e9f12ae19b5913549816fa48a4ed1033b50387afeb61bc9cee
n305/p29	a7188208d41318a073bd234dbffed5ba43a55e9026ced637b290955a739e282b
n305/p32	9646c8af164cb708d0e4d0b98803de39827b2439d26eb322a820b9d2aee7ad3c
n305/p35	902e54d20334fbcaf8cfac2eef4389ca12b972b4b0e325da7a76c1c2b235e1d1
n305/p36	70b42c8564266a4fdba7e33108582cbdfe9514a67584f7d628b1d0e72bffd099
n339/p9	39c25781f8c7c6d342681782f1050cf4d90bbd4f1ca6f240694317eb71829a58
n339/p10	222f5e60d8b2d99f49f979def7d3e8e41627f28ef5bc85635bd3ff715b63be3f
n339/p31	9e341db1bef9ba92bf004e8bd0c506ea7b6b4911ee585bdfd113f045db61645f
n339/p34	664b91417c60464f676b9ddfb9fdd1e5d695f07989b725b71407532e51ddb355
n380/p25	a86cc4efb4156a142d5ab670d47ec1f78b18405c56a1bf90fac46da6a492dfd6
n380/p27	a4eb2b1d72f79a096bce248ae42573866f4e0c5f31ac4f83f0ce29e51eff7b45
n380/p28	8a08a7080eea7a5813a29869991480b149ffa2204f07fb6efa0bae6ac716bf7f
n425/p25	09e4d7560b5acd386dd02c43838e0640be484964b9be6739a9020e8170acc35f
n425/p26	1d59d605066c1bf2fc728f6e0b8b3dd4fac77ee5f6d20d4d921f3b7f2c1698aa
n425/p35	5e2018514c66fb1ef3db087c81924493927058424c3c592eb0a1feb597a9becd
n425/p40	9855d29def6920ae3dc7eec842acccece365341d199630483ac17b79c8f2e5f6
n437/p6	a190f5ea8ed3d250ca2f942c4e79d8720ed2b0ec5b68d745a424665c62b9b69b
n437/p29	692d793b8239c32dc9237b219834a69281a2c8d6e7647b2debe89af32fad65d9
n437/p30	e9f443c2ac7938f5fcaf2a9b389c859c3bc8afa2b505bd3a7e860648b6f7ce68
n494/p8	8c31273de0925f47efe515948b4da7c284e7ab200b787501ea0f8748bab046bb
n494/p11	0483badb56c5619e83dd783f5bb462123f44df5dd2b7289b2a50e37ada0b2f98
n494/p18	ac9644ab095c0d8bc89507b86b2a84515d23fe4bd3e2fe7869cd7b904f21af69
n506/p45	089b2070ac91589282e8b255ed709167f6a0e30cf525c61230f2ee6a27ae8d17
n506/p46	894eb4bf0f336304d0c5a54632003356f033dd67ae63d9d9da5188abb1c9277b
n519/p66	b7b7007a3cc481aacea6fd5d675e03503b6f6702e0d12789719e722a73887eb7
n519/p67	bc9b9d361ee441407c57568fb95bd467d79de6cd92e2b395dd1a64f26db0ff0e
n519/p69	47bc2e692b35492d4dec580f3e09c70e7ecd4eff42e5220ab375a6862ad50026
n519/p70	3dae2e05ae96f6f3e152a7fee0802f9a86fc0f010840f037d18ea3354551a6c3
n520/p15	4c3d3b1804bdf77853b42486e1b67fc6543b10a069679b00da9b17b6f6415852
n520/p17	1744f737b7598c3f1061e4e23037eb9aa84d4b8ac3388d9c63b8f1ace7d0a0ef
n529/p38	6714c07645a9ea3c4caf3d8015887b5b1572b8eeed2c0bc8883fab1075128997
n529/p40	2a09365bdda75bc96fe843ffde1e48a0962804e94ee144316049ff1d34b98987
n529/p41	84d0d65d6e564fdcd85409d6928215100ace15e45cd224671588680b491645e0
n571/p5	e78cbacad9d47b59e78ac3fa548e63dd39a50bd84d36b33a2e02f3192776a0d4
n571/p20	5c371bbf4c59d9d4723aff048e53ef802bab75edd81eb103370e4d7815d147d9
n571/p25	f49b9d44c26ad34d651545251e31816af5e4d03cd970b388b16e6e1b66418ab7
n571/p26	1a65aff19fbed733bcd5bbdb3d6002fdd831902561bf42316614c83f58ea143f
