book	narrative_ordinal	paragraph_index	private_source_paragraph_sha256	status
wanming	1	27	d3ab5fcc3b5f42cea3c511ee38973e19a73f6153fc8ab3e96c04216d1d3327d2	SUPPORT_LOCUS_CANDIDATE_REVIEW_ONLY_NOT_CERTIFIED
wanming	20	44	bb7795c49a522a13be4c3b67471d4a1c11f438f61b12aa45e8cb7e6e3275df83	SUPPORT_LOCUS_CANDIDATE_REVIEW_ONLY_NOT_CERTIFIED
wanming	34	18	f7f155a534d6837bc465543539dd89184776fa83b069ae582cb7e6e566248820	SUPPORT_LOCUS_CANDIDATE_REVIEW_ONLY_NOT_CERTIFIED
wanming	35	37	9648332bd642ca033582ef032bc33cfd28b69f734079642f74731184f8e17fb8	SUPPORT_LOCUS_CANDIDATE_REVIEW_ONLY_NOT_CERTIFIED
wanming	39	29	a3e259e24e4e1bfc668696932b4506643fc357279ee7d33f2217b2f3e9c98f9e	SUPPORT_LOCUS_CANDIDATE_REVIEW_ONLY_NOT_CERTIFIED
wanming	40	27	f2eb21e2c12cb3269740ef62fdb675ee48410db172c581aa79b4746db1c7c182	SUPPORT_LOCUS_CANDIDATE_REVIEW_ONLY_NOT_CERTIFIED
tiexuecanming	321	15	85774df8625dcb0388ebd877d7680c9664bfba5d2116251e972e51dbaec0ae73	SUPPORT_LOCUS_CANDIDATE_REVIEW_ONLY_NOT_CERTIFIED
tiexuecanming	324	42	5c309f4f95decaf61e563f1ef3fea2576999ae62a2721071732bb931a28f5417	SUPPORT_LOCUS_CANDIDATE_REVIEW_ONLY_NOT_CERTIFIED
tiexuecanming	328	27	922bd9549071808a084cf3e8a5612b400a4180ea443310b86adbc1a62f65d59f	SUPPORT_LOCUS_CANDIDATE_REVIEW_ONLY_NOT_CERTIFIED
tiexuecanming	329	17	cf6fb9ebec3d335f5f2913e534828daf72bf6f2de11959f16825afe87218389a	SUPPORT_LOCUS_CANDIDATE_REVIEW_ONLY_NOT_CERTIFIED
tiexuecanming	331	27	8fc48b08c939c6d011a1ca821c2e317c68811ed61c0bb02ec161688580e2aeae	SUPPORT_LOCUS_CANDIDATE_REVIEW_ONLY_NOT_CERTIFIED
tiexuecanming	333	27	19752c82aa1a23d0ab2572278ffa9c56290c69aaa2db139bf0e51babf1dc6ad6	SUPPORT_LOCUS_CANDIDATE_REVIEW_ONLY_NOT_CERTIFIED
tiexuecanming	336	42	558dc69da768d3fa132cbd574243871432eec7ef70d406ac4161e0a7c0c1105f	SUPPORT_LOCUS_CANDIDATE_REVIEW_ONLY_NOT_CERTIFIED
tiexuecanming	337	28	6f7c8a7919301e1e518be0ff9e956006a6be07cfd49876bf8b6a70e03686db9a	SUPPORT_LOCUS_CANDIDATE_REVIEW_ONLY_NOT_CERTIFIED
tiexuecanming	340	21	f759b950e06e4927b9e160b68f4f4348a5a33c784ace43c8c8f90ae858b60919	SUPPORT_LOCUS_CANDIDATE_REVIEW_ONLY_NOT_CERTIFIED
tiexuecanming	341	27	b93538310033c8a5a71dc6e707143193f46e33886cb919aa065479ad2f2ac52d	SUPPORT_LOCUS_CANDIDATE_REVIEW_ONLY_NOT_CERTIFIED
tiexuecanming	343	34	3f8fc1f7516cb3fff084b1efc3015b1d91630c036b27263f8045ec9388d607aa	SUPPORT_LOCUS_CANDIDATE_REVIEW_ONLY_NOT_CERTIFIED
tiexuecanming	344	25	5d7976f51108368a05fc9aaa17a7171d5e251ae725a6bac5e4af5e1b0108c57e	SUPPORT_LOCUS_CANDIDATE_REVIEW_ONLY_NOT_CERTIFIED
tiexuecanming	345	37	55a888bf178b1e8b4a45b1a65c7ea2e0101524874a72d8a7525c0a889431ac91	SUPPORT_LOCUS_CANDIDATE_REVIEW_ONLY_NOT_CERTIFIED
tiexuecanming	346	17	14cb8f9ce4d82a718e32e6a27336817d4a4d94f5021866b25288b9a31038d704	SUPPORT_LOCUS_CANDIDATE_REVIEW_ONLY_NOT_CERTIFIED
tiexuecanming	347	26	9693a4ec5bb89fbff9c4e0a4fe7abfd62c2a3bde9960a045576854adc759019c	SUPPORT_LOCUS_CANDIDATE_REVIEW_ONLY_NOT_CERTIFIED
tiexuecanming	350	35	95f187c0a89483cb62734818fd6c486692f73f768d80a7d49f3b514a56953e0d	SUPPORT_LOCUS_CANDIDATE_REVIEW_ONLY_NOT_CERTIFIED
tiexuecanming	352	45	5c49efb69daf1136741035c72e303816cfc590b1593205b0030aa6af68277a93	SUPPORT_LOCUS_CANDIDATE_REVIEW_ONLY_NOT_CERTIFIED
tiexuecanming	355	52	831a0fdb4641b804cad7ffcf650dc199105bebbb5b8e3411728c8d9377bfd0e6	SUPPORT_LOCUS_CANDIDATE_REVIEW_ONLY_NOT_CERTIFIED
tiexuecanming	357	36	d93bb470bee04e36860ae6cae6893d112158fbdb70cdf5ffeee94e436ab42b98	SUPPORT_LOCUS_CANDIDATE_REVIEW_ONLY_NOT_CERTIFIED
tiexuecanming	360	28	efde3ebbce05d010085da0a840e8e0d52c379eb77c442f10f366cb917dfaceb0	SUPPORT_LOCUS_CANDIDATE_REVIEW_ONLY_NOT_CERTIFIED
